datetime,actual_load,xgb_prediction,bilstm_prediction,cnnlstm_prediction,stacked_prediction,lower_90,upper_90,error_mw,is_peak_hour
2024-08-11 09:00:00,1706.348171,1726.4602,1749.0686,1757.5996,1743.8583155872834,1640.2414445841584,1847.6053438618928,-37.51014458728332,0
2024-08-11 10:00:00,1701.203292,1726.7418,1741.4686,1743.8751,1741.5075832191387,1637.8907122160138,1845.2546114937481,-40.304291219138804,0
2024-08-11 11:00:00,1788.518114,1746.4791,1738.2501,1750.9951,1746.6024231195872,1642.9855521164623,1850.3494513941966,41.91569088041274,0
2024-08-11 12:00:00,1821.727502,1747.0731,1741.5995,1742.9875,1751.5368629352631,1647.9199919321381,1855.2838912098725,70.19063906473684,0
2024-08-11 13:00:00,1900.387943,1773.1326,1746.4705,1757.6992,1764.0688814513792,1660.4520104482542,1867.8159097259886,136.31906154862077,0
2024-08-11 14:00:00,1759.28184,1775.5906,1757.8164,1771.3191,1770.6896076358812,1667.0727366327562,1874.4366359104906,-11.4077676358811,0
2024-08-11 15:00:00,1812.211365,1781.8167,1780.0282,1794.9714,1785.0874196154095,1681.4705486122846,1888.834447890019,27.123945384590343,0
2024-08-11 16:00:00,1856.112569,1856.6057,1801.2599,1847.5042,1824.1296519729613,1720.5127809698363,1927.8766802475707,31.98291702703864,0
2024-08-11 17:00:00,1793.804877,1820.512,1830.7467,1861.5145,1826.4737215062457,1722.8568505031208,1930.2207497808552,-32.668844506245705,0
2024-08-11 18:00:00,2037.81162,1878.8073,1858.4607,1908.9546,1864.0143096816141,1760.3974386784892,1967.7613379562235,173.79731031838583,1
2024-08-11 19:00:00,1966.270941,1898.4158,1883.6567,1934.1846,1886.7383025114618,1783.1214315083369,1990.4853307860712,79.53263848853817,1
2024-08-11 20:00:00,2013.005241,1936.3019,1924.76,1969.3372,1928.1427152774268,1824.5258442743018,2031.8897435520362,84.86252572257331,1
2024-08-11 21:00:00,1970.860355,1939.7297,1964.1967,2021.7756,1947.4243457483929,1843.8074747452679,2051.171374023002,23.436009251607175,1
2024-08-11 22:00:00,2100.131292,1961.8951,1998.9156,2047.6567,1978.6680626794569,1875.0511916763319,2082.4150909540663,121.46322932054318,0
2024-08-11 23:00:00,2020.266968,1972.9012,2034.9346,2070.5933,2006.3503175168705,1902.7334465137455,2110.0973457914797,13.916650483129388,0
2024-08-12 00:00:00,2348.150377,2211.086,2065.4448,2069.3374,2144.2452902211476,2040.6284192180226,2247.992318495757,203.90508677885236,0
2024-08-12 01:00:00,2349.889238,2211.3418,2154.1775,2157.7732,2191.546190948792,2087.929319945667,2295.2932192234016,158.34304705120803,0
2024-08-12 02:00:00,2107.074081,2193.7925,2186.4956,2184.9941,2201.617079976175,2098.0002089730497,2305.3641082507843,-94.54299897617466,0
2024-08-12 03:00:00,2089.024883,2157.7239,2173.6274,2181.762,2175.1363098285556,2071.5194388254304,2278.883338103165,-86.11142682855552,0
2024-08-12 04:00:00,2097.070035,2107.6719,2143.1284,2141.2173,2137.6021523998975,2033.9852813967725,2241.349180674507,-40.53211739989729,0
2024-08-12 05:00:00,2107.323258,2115.7861,2112.9814,2099.7288,2128.339883440171,2024.723012437046,2232.0869117147804,-21.016625440171083,0
2024-08-12 06:00:00,2134.619212,2102.345,2076.7617,2077.3726,2099.1914083780866,1995.5745373749617,2202.938436652696,35.42780362191343,0
2024-08-12 07:00:00,1954.985821,2098.4546,2050.7356,2049.0847,2084.091094006976,1980.4742230038512,2187.8381222815856,-129.10527300697618,0
2024-08-12 08:00:00,2139.338611,2039.9403,2024.1609,2041.3889,2037.28485056496,1933.667979561835,2141.0318788395693,102.0537604350402,0
2024-08-12 09:00:00,1820.458001,2043.7863,2007.6012,2018.5309,2031.9227427248568,1928.3058717217318,2135.669770999466,-211.46474172485682,0
2024-08-12 10:00:00,2048.229889,1989.5573,2003.0801,2013.9788,2003.6522492496865,1900.0353782465615,2107.399277524296,44.577639750313665,0
2024-08-12 11:00:00,1968.411142,2033.3978,1996.1748,1996.2646,2023.641812027634,1920.024941024509,2127.3888403022434,-55.230670027634005,0
2024-08-12 12:00:00,2114.897294,2012.9595,2008.6581,2005.5891,2021.3143760288194,1917.6975050256945,2125.061404303429,93.58291797118045,0
2024-08-12 13:00:00,1972.118497,2062.103,2022.7479,2016.1095,2053.1484394020486,1949.5315683989236,2156.895467676658,-81.02994240204862,0
2024-08-12 14:00:00,1850.069874,2046.2354,2041.9132,2026.2935,2058.0222166123053,1954.4053456091804,2161.7692448869147,-207.9523426123053,0
2024-08-12 15:00:00,1858.9358,2070.3115,2058.5151,2061.1199,2073.714326759611,1970.0974557564862,2177.4613550342206,-214.77852675961117,0
2024-08-12 16:00:00,2001.250513,2094.052,2085.7268,2066.6646,2104.969804613942,2001.352933610817,2208.7168328885514,-103.719291613942,0
2024-08-12 17:00:00,2013.531578,2125.9043,2116.0068,2093.5935,2137.091717124977,2033.4748461218521,2240.8387453995865,-123.56013912497701,0
2024-08-12 18:00:00,2181.849531,2155.1084,2143.0425,2120.3257,2165.4566643588764,2061.839793355751,2269.203692633486,16.39286664112342,1
2024-08-12 19:00:00,2275.760315,2171.2551,2161.747,2146.4106,2181.2242546752827,2077.6073836721575,2284.971282949892,94.53606032471725,1
2024-08-12 20:00:00,2201.741267,2203.4282,2192.5989,2177.486,2212.898485454733,2109.2816144516078,2316.6455137293424,-11.157218454733083,1
2024-08-12 21:00:00,2301.043022,2209.1213,2211.348,2214.7769,2220.877652243999,2117.2607812408737,2324.6246805186083,80.16536975600093,1
2024-08-12 22:00:00,2207.049749,2202.42,2223.0935,2224.4504,2224.439020539847,2120.822149536722,2328.1860488144566,-17.389271539847414,0
2024-08-12 23:00:00,2260.487522,2191.6494,2226.4067,2226.2078,2221.451717773485,2117.83484677036,2325.1987460480946,39.035804226514756,0
2024-08-13 00:00:00,2254.843946,2208.124,2221.642,2217.6157,2227.7523761739244,2124.135505170799,2331.499404448534,27.091569826075556,0
2024-08-13 01:00:00,2329.055566,2214.6624,2193.262,2183.9905,2217.1337764339482,2113.516905430823,2320.8808047085577,111.92178956605176,0
2024-08-13 02:00:00,2135.229517,2200.5195,2174.4897,2168.6082,2199.5619950134774,2095.945124010352,2303.309023288087,-64.33247801347716,0
2024-08-13 03:00:00,2084.016596,2142.9897,2148.5725,2146.848,2157.2987944917354,2053.68192348861,2261.045822766345,-73.28219849173547,0
2024-08-13 04:00:00,2171.440262,2146.9333,2119.2441,2107.95,2146.032569987321,2042.415698984196,2249.7795982619305,25.407692012679036,0
2024-08-13 05:00:00,2127.272142,2067.5166,2090.9495,2082.0557,2092.5071237522793,1988.8902527491543,2196.2541520268887,34.76501824772049,0
2024-08-13 06:00:00,2245.780062,2098.5928,2061.5623,2056.54,2090.757214802844,1987.140343799719,2194.5042430774533,155.0228471971559,0
2024-08-13 07:00:00,2101.45486,2062.4607,2038.0071,2028.3618,2062.1800780998233,1958.5632070966983,2165.9271063744327,39.27478190017655,0
2024-08-13 08:00:00,1990.781244,2037.5718,2017.5686,2014.9686,2037.6709744634786,1934.0541034603536,2141.418002738088,-46.8897304634786,0
2024-08-13 09:00:00,1915.345385,2005.2706,2006.3923,1996.1299,2018.2621994293409,1914.6453284262159,2122.0092277039503,-102.91681442934077,0
2024-08-13 10:00:00,2061.960175,2023.4469,1992.1069,1991.6425,2016.8739877982207,1913.2571167950957,2120.62101607283,45.08618720177947,0
2024-08-13 11:00:00,2105.432622,2012.7726,1993.1769,1978.5336,2015.9349734139223,1912.3181024107973,2119.6820016885317,89.4976485860775,0
2024-08-13 12:00:00,1963.963759,1996.6719,1999.3666,1990.1847,2010.1558660184683,1906.5389950153433,2113.9028942930777,-46.19210701846828,0
2024-08-13 13:00:00,1872.799214,2001.7727,2012.7284,2000.931,2020.3447583814263,1916.7278873783014,2124.0917866560358,-147.54554438142645,0
2024-08-13 14:00:00,2121.581719,1980.3053,2029.9728,2027.901,2016.7943082873298,1913.1774372842049,2120.5413365619393,104.78741071266995,0
2024-08-13 15:00:00,2041.717158,2055.5605,2046.0007,2035.9395,2063.2359671294166,1959.6190961262917,2166.982995404026,-21.518809129416695,0
2024-08-13 16:00:00,1989.375663,2092.9666,2073.0757,2067.5166,2094.320069340762,1990.703198337637,2198.0670976153715,-104.94440634076204,0
2024-08-13 17:00:00,2182.392341,2129.38,2099.7834,2089.4436,2127.0838600397797,2023.4669890366547,2230.830888314389,55.30848096022055,0
2024-08-13 18:00:00,2110.078206,2147.5776,2126.1025,2131.2896,2145.811539875133,2042.194668872008,2249.5585681497423,-35.73333387513276,1
2024-08-13 19:00:00,2083.490098,2188.795,2161.0017,2148.4287,2188.4995750990424,2084.8827040959172,2292.246603373652,-105.00947709904221,1
2024-08-13 20:00:00,2261.833056,2189.5422,2185.603,2189.1416,2197.8400378858155,2094.2231668826903,2301.587066160425,63.99301811418445,1
2024-08-13 21:00:00,2340.531023,2215.5918,2201.6042,2196.576,2220.9324124289637,2117.3155414258385,2324.679440703573,119.59861057103626,1
2024-08-13 22:00:00,2149.313634,2232.7336,2217.169,2221.5378,2234.9978626012985,2131.3809915981733,2338.744890875908,-85.6842286012984,0
2024-08-13 23:00:00,2354.816385,2218.928,2226.805,2229.2764,2234.0050052991432,2130.388134296018,2337.7520335737527,120.81137970085683,0
2024-08-14 00:00:00,2162.903768,2189.337,2218.934,2227.5842,2214.142756071775,2110.5258850686496,2317.889784346384,-51.238988071774656,0
2024-08-14 01:00:00,2272.352208,2209.0593,2204.5525,2203.455,2218.3857583653794,2114.768887362254,2322.132786639989,53.9664496346204,0
2024-08-14 02:00:00,2174.633377,2173.8264,2187.7915,2191.228,2191.5279518061393,2087.911080803014,2295.2749800807487,-16.89457480613919,0
2024-08-14 03:00:00,2024.470007,2127.9512,2161.0283,2157.6714,2157.147418162095,2053.53054715897,2260.8944464367046,-132.67741116209527,0
2024-08-14 04:00:00,2219.129253,2113.0403,2129.619,2122.9312,2134.2007981737775,2030.5839271706525,2237.947826448387,84.9284548262226,0
2024-08-14 05:00:00,2014.254095,2103.3494,2102.3184,2096.3628,2114.8985526774536,2011.2816816743286,2218.645580952063,-100.6444576774536,0
2024-08-14 06:00:00,2052.759611,2087.6558,2076.3794,2064.3352,2095.180055476936,1991.5631844738111,2198.9270837515455,-42.420444476936154,0
2024-08-14 07:00:00,1986.527323,2033.5155,2051.5847,2033.9388,2057.598919747114,1953.982048743989,2161.3459480217234,-71.07159674711397,0
2024-08-14 08:00:00,2015.104073,2026.9269,2026.4631,2015.6816,2039.3825307143154,1935.7656597111904,2143.1295589889246,-24.278457714315437,0
2024-08-14 09:00:00,1989.027401,2017.7373,2007.0309,2002.0525,2023.2136087383924,1919.5967377352674,2126.960637013002,-34.18620773839234,0
2024-08-14 10:00:00,2044.28932,2014.4457,1992.1846,1998.7983,2010.8291910091802,1907.2123200060553,2114.5762192837897,33.46012899081984,0
2024-08-14 11:00:00,2057.930245,2003.382,1991.5974,1988.7262,2007.6372709727775,1904.0203999696525,2111.384299247387,50.2929740272225,0
2024-08-14 12:00:00,2153.046476,2008.8911,1998.147,1997.8152,2013.1006926098275,1909.4838216067026,2116.847720884437,139.94578339017244,0
2024-08-14 13:00:00,2036.669295,2039.7594,2011.5509,2013.395,2034.396196728127,1930.779325725002,2138.1432250027365,2.2730982718728683,0
2024-08-14 14:00:00,1993.555977,2011.1733,2030.6808,2043.704,2028.0819214406347,1924.4650504375097,2131.828949715244,-34.5259444406347,0
2024-08-14 15:00:00,2065.917916,2052.6514,2049.7012,2054.8,2059.976992692993,1956.360121689868,2163.7240209676024,5.940923307006869,0
2024-08-14 16:00:00,2136.33737,2076.1226,2069.8179,2073.6675,2082.1725122323646,1978.5556412292397,2185.919540506974,54.16485776763557,0
2024-08-14 17:00:00,2224.341129,2114.6306,2095.7144,2107.751,2112.22477798747,2008.6079069843452,2215.9718062620796,112.11635101252978,0
2024-08-14 18:00:00,2219.164176,2144.851,2125.2854,2123.4358,2145.856695903017,2042.2398248998923,2249.6037241776266,73.307480096983,1
2024-08-14 19:00:00,2237.434796,2176.0728,2154.1528,2175.957,2170.096348905677,2066.479477902552,2273.8433771802866,67.33844709432287,1
2024-08-14 20:00:00,2171.973339,2194.667,2182.6255,2194.211,2196.669341427939,2093.0524704248137,2300.4163697025483,-24.696002427938765,1
2024-08-14 21:00:00,2200.823591,2219.9849,2199.218,2216.8086,2216.0401488451594,2112.423277842034,2319.787177119769,-15.216557845159514,1
2024-08-14 22:00:00,2269.132087,2196.9236,2216.9075,2216.0562,2219.09091463595,2115.4740436328248,2322.8379429105594,50.04117236405,0
2024-08-14 23:00:00,1932.198318,2143.4336,2212.607,2222.998,2188.4383248902855,2084.8214538871603,2292.185353164895,-256.2400068902855,0
2024-08-15 00:00:00,1827.822,1941.1089,2143.649,2200.7175,2043.4737634902626,1939.8568924871377,2147.220791764872,-215.65176349026274,0
2024-08-15 01:00:00,2363.951655,2249.2566,2210.7595,2283.1719,2222.2672247161895,2118.6503537130643,2326.014252990799,141.68443028381034,0
2024-08-15 02:00:00,2266.1903,2257.198,2264.272,2298.1387,2264.2148913293036,2160.5980203261784,2367.961919603913,1.9754086706966518,0
2024-08-15 03:00:00,2356.362319,2242.4631,2279.6746,2275.9204,2274.8767935953333,2171.259922592208,2378.6238218699427,81.48552540466653,0
2024-08-15 04:00:00,2416.248141,2228.2913,2267.1143,2259.8318,2262.3388471333155,2158.7219761301903,2366.085875407925,153.9092938666845,0
2024-08-15 05:00:00,2147.59128,2254.4565,2253.0017,2242.7546,2268.083343847015,2164.4664728438897,2371.8303721216244,-120.49206384701483,0
2024-08-15 06:00:00,2219.694492,2170.8901,2223.7676,2215.7039,2212.133860417349,2108.5169894142236,2315.8808886919583,7.56063158265124,0
2024-08-15 07:00:00,2199.739459,2175.6902,2198.614,2204.5112,2197.539991673657,2093.9231206705317,2301.2870199482663,2.199467326342983,0
2024-08-15 08:00:00,2142.043089,2149.989,2172.1094,2183.6172,2169.785991773242,2066.169120770117,2273.5330200478516,-27.74290277324235,0
2024-08-15 09:00:00,2159.001229,2129.4233,2149.6187,2173.047,2145.017197031622,2041.400326028497,2248.7642253062313,13.984031968378076,0
2024-08-15 10:00:00,2271.223779,2142.0303,2136.6738,2147.8733,2147.2551048547525,2043.6382338516275,2251.002133129362,123.9686741452474,0
2024-08-15 11:00:00,2030.183082,2195.7292,2136.0286,2141.3928,2174.0140751453255,2070.3972041422003,2277.761103419935,-143.83099314532546,0
2024-08-15 12:00:00,2253.80192,2140.52,2143.3743,2158.021,2149.2192732924896,2045.6024022893646,2252.966301567099,104.58264670751032,0
2024-08-15 13:00:00,2129.197324,2134.31,2152.4023,2154.4695,2154.230675915877,2050.6138049127517,2257.9777041904863,-25.033351915876665,0
2024-08-15 14:00:00,2129.622438,2134.8518,2164.498,2180.8445,2157.2979527763596,2053.6810817732344,2261.044981050969,-27.675514776359705,0
2024-08-15 15:00:00,2071.951849,2155.3914,2192.0356,2186.6953,2187.2039559989034,2083.5870849957782,2290.950984273513,-115.2521069989034,0
2024-08-15 16:00:00,2216.924443,2173.5227,2212.3928,2223.6611,2202.461405936912,2098.8445349337867,2306.2084342115213,14.463037063087995,0
2024-08-15 17:00:00,2177.164882,2222.9924,2239.8635,2231.8262,2245.5351468236345,2141.9182758205093,2349.282175098244,-68.37026482363444,0
2024-08-15 18:00:00,2210.12628,2248.2505,2282.3772,2263.7905,2282.8254324354693,2179.208561432344,2386.5724607100788,-72.69915243546939,1
2024-08-15 19:00:00,2201.046507,2261.167,2315.8203,2289.7104,2308.6456556500643,2205.028784646939,2412.3926839246737,-107.59914865006431,1
2024-08-15 20:00:00,2351.391903,2266.1367,2338.6104,2314.9646,2322.4919647971715,2218.8750937940463,2426.238993071781,28.899938202828707,1
2024-08-15 21:00:00,2280.509087,2311.1187,2361.3394,2338.2715,2355.8770242932933,2252.260153290168,2459.6240525679027,-75.36793729329338,1
2024-08-15 22:00:00,2262.969187,2333.8115,2383.9233,2342.1555,2383.425399299124,2279.8085282959987,2487.1724275737333,-120.45621229912376,0
2024-08-15 23:00:00,2461.321418,2414.014,2379.006,2350.193,2415.8108005784165,2312.1939295752913,2519.557828853026,45.51061742158345,0
2024-08-16 00:00:00,2770.936929,2648.9885,2457.0173,2359.5215,2586.7286484698375,2483.1117774667123,2690.475676744447,184.20828053016248,0
2024-08-16 01:00:00,2244.581543,2291.9382,2291.334,2273.2764,2308.2942753333036,2204.6774043301784,2412.041303607913,-63.71273233330385,0
2024-08-16 02:00:00,2151.027305,2201.8687,2227.3381,2215.88,2229.671081577127,2126.054210574002,2333.4181098517365,-78.64377657712703,0
2024-08-16 03:00:00,2168.578184,2165.2961,2167.377,2195.7817,2170.30396916221,2066.6870981590846,2274.050997436819,-1.7257851622098315,0
2024-08-16 04:00:00,2296.014451,2189.9553,2121.7964,2183.804,2149.3744767085973,2045.7576057054723,2253.1215049832067,146.63997429140272,0
2024-08-16 05:00:00,2001.897568,2150.0894,2090.5146,2154.2847,2113.298525711061,2009.6816547079359,2217.0455539856703,-111.40095771106076,0
2024-08-16 06:00:00,2288.024636,2062.544,2061.413,2136.8037,2053.133267740794,1949.516396737669,2156.8802960154035,234.89136825920605,0
2024-08-16 07:00:00,2168.03877,2103.1433,2032.0217,2101.322,2058.4457371918256,1954.8288661887007,2162.192765466435,109.59303280817448,0
2024-08-16 08:00:00,2007.452441,2048.5955,2011.2142,2068.2505,2024.4720727135618,1920.8552017104369,2128.2191009881712,-17.01963171356192,0
2024-08-16 09:00:00,2009.684576,2043.2217,1999.0728,2061.109,2014.1975595182635,1910.5806885151385,2117.944587792873,-4.512983518263354,0
2024-08-16 10:00:00,1965.898117,2029.5836,1993.9064,2031.5334,2011.121630792549,1907.504759789424,2114.868659067158,-45.223513792549056,0
2024-08-16 11:00:00,1980.307551,1998.5397,1996.346,2030.6594,1998.4406244454206,1894.8237534422956,2102.1876527200297,-18.13307344542045,0
2024-08-16 12:00:00,1829.243224,2006.6732,2003.0988,2038.1177,2005.7282539596804,1902.1113829565554,2109.47528223429,-176.48502995968033,0
2024-08-16 13:00:00,2003.519378,2041.6305,2021.1865,2033.4729,2037.762567268974,1934.145696265849,2141.509595543583,-34.24318926897399,0
2024-08-16 14:00:00,2135.414748,2041.0326,2042.8267,2052.9497,2049.512164926464,1945.8952939233388,2153.2591932010732,85.90258307353633,0
2024-08-16 15:00:00,1909.849349,2054.848,2069.2107,2073.694,2071.5375077664144,1967.9206367632894,2175.284536041024,-161.6881587664143,0
2024-08-16 16:00:00,2097.439581,2065.4624,2095.7612,2106.0647,2089.22482630274,1985.607955299615,2192.9718545773494,8.214754697260105,0
2024-08-16 17:00:00,2111.132882,2137.6682,2123.1594,2119.4087,2141.7813600077925,2038.1644890046675,2245.528388282402,-30.64847800779262,0
2024-08-16 18:00:00,2163.438671,2169.6733,2150.287,2140.0032,2173.1077701978934,2069.490899194768,2276.854798472503,-9.669099197893502,1
2024-08-16 19:00:00,2241.255309,2146.2583,2171.2903,2162.4163,2172.7268777437544,2069.110006740629,2276.473906018364,68.52843125624577,1
2024-08-16 20:00:00,2161.02797,2186.4617,2175.1135,2181.3357,2190.122759523438,2086.505888520313,2293.8697877980476,-29.094789523438067,1
2024-08-16 21:00:00,2270.996049,2220.002,2167.6362,2186.4697,2198.96870160537,2095.3518306022447,2302.7157298799793,72.02734739462994,1
2024-08-16 22:00:00,2127.864907,2223.0833,2148.975,2190.4814,2184.797282212986,2081.1804112098607,2288.5443104875953,-56.93237521298579,0
2024-08-16 23:00:00,2151.326542,2248.9775,2121.0928,2175.1895,2179.167832757336,2075.5509617542107,2282.9148610319453,-27.841290757336083,0
2024-08-17 00:00:00,1837.385521,1930.2947,2085.4197,2165.907,2001.4779531935274,1897.8610821904024,2105.224981468137,-164.09243219352743,0
2024-08-17 01:00:00,1931.143092,1987.496,1990.2203,2055.6743,1982.04110488577,1878.424233882645,2085.7881331603794,-50.89801288576996,0
2024-08-17 02:00:00,1932.55039,1968.3021,1928.9282,1993.2671,1940.626916917777,1837.010045914652,2044.3739451923864,-8.076526917776846,0
2024-08-17 03:00:00,1869.787152,1941.4069,1893.6357,1921.7465,1918.2220553252414,1814.6051843221164,2021.9690835998508,-48.434903325241294,0
2024-08-17 04:00:00,2002.195748,1996.1702,1869.2478,1887.8855,1933.8054001867722,1830.1885291836472,2037.5524284613816,68.39034781322789,0
2024-08-17 05:00:00,1750.799713,1849.1647,1846.2931,1870.881,1849.963048949677,1746.346177946552,1953.7100772242864,-99.16333594967682,0
2024-08-17 06:00:00,1838.76505,1867.664,1816.984,1825.757,1847.2329804895644,1743.6161094864394,1950.9800087641738,-8.467930489564424,0
2024-08-17 07:00:00,1637.123439,1796.0662,1800.1108,1809.4227,1803.9727751835592,1700.3559041804342,1907.7198034581686,-166.84933618355922,0
2024-08-17 08:00:00,1840.707024,1761.5316,1781.8828,1794.1565,1777.0671593556615,1673.4502883525365,1880.814187630271,63.63986464433856,0
2024-08-17 09:00:00,1709.116481,1764.7239,1761.0514,1781.182,1765.5445914042386,1661.9277204011137,1869.291619678848,-56.42811040423862,0
2024-08-17 10:00:00,1833.55281,1759.0815,1754.8635,1751.218,1765.5818880151594,1661.9650170120344,1869.3289162897688,67.97092198484052,0
2024-08-17 11:00:00,1795.667667,1781.1925,1750.9615,1772.7206,1767.635355996154,1664.018484993029,1871.3823842707634,28.03231100384596,0
2024-08-17 12:00:00,1796.630435,1794.8766,1755.3595,1747.9519,1783.8784143698058,1680.2615433666808,1887.6254426444152,12.752020630194238,0
2024-08-17 13:00:00,1557.264117,1773.122,1765.0012,1784.1882,1771.887655053872,1668.2707840507471,1875.6346833284815,-214.62353805387215,0
2024-08-17 14:00:00,1725.988454,1769.1809,1779.0104,1785.9529,1780.5412337713014,1676.9243627681765,1884.2882620459109,-54.5527797713014,0
2024-08-17 15:00:00,1853.905398,1799.3662,1796.086,1816.6868,1800.5552760005662,1696.9384049974412,1904.3023042751756,53.350121999433895,0
2024-08-17 16:00:00,1815.555663,1843.3655,1818.7777,1830.8729,1835.749403740139,1732.1325327370141,1939.4964320147485,-20.193740740138992,0
2024-08-17 17:00:00,1960.02538,1928.5614,1845.4097,1865.0579,1888.632128678995,1785.01525767587,1992.3791569536045,71.39325132100498,0
2024-08-17 18:00:00,1749.54186,1861.0641,1877.5319,1917.0433,1868.4493544209347,1764.8324834178097,1972.1963826955441,-118.90749442093465,1
2024-08-17 19:00:00,1987.351543,1871.4371,1900.2499,1944.2158,1884.3324152856233,1780.7155442824983,1988.0794435602327,103.01912771437674,1
2024-08-17 20:00:00,1901.141641,1949.5438,1917.7518,1971.2634,1928.481380204936,1824.864509201811,2032.2284084795454,-27.339739204935995,1
2024-08-17 21:00:00,1860.853437,1914.3351,1938.0029,1961.7369,1929.9627772856497,1826.3459062825248,2033.7098055602592,-69.10934028564975,1
2024-08-17 22:00:00,1990.273012,1952.6292,1953.4845,1976.2758,1956.6937357563602,1853.0768647532352,2060.4407640309696,33.579276243639924,0
2024-08-17 23:00:00,2086.083419,1939.8246,1956.5908,1977.1997,1952.78441208417,1849.167541081045,2056.5314403587795,133.29900691582998,0
2024-08-18 00:00:00,1908.409011,1941.4904,1953.5061,1970.586,1952.8345211846654,1849.2176501815404,2056.581549459275,-44.42551018466543,0
2024-08-18 01:00:00,1989.985209,1975.6508,1949.7178,1961.9316,1968.355949827253,1864.739078824128,2072.1029781018624,21.62925917274697,0
2024-08-18 02:00:00,1821.649676,1935.1302,1928.9734,1962.187,1932.694920469263,1829.078049466138,2036.4419487438724,-111.04524446926303,0
2024-08-18 03:00:00,1893.179915,1892.7031,1902.7113,1941.7065,1897.0447239101134,1793.4278529069884,2000.7917521847228,-3.8648089101134246,0
2024-08-18 04:00:00,1893.645654,1924.3811,1871.8785,1922.6497,1892.8150690003565,1789.1981979972315,1996.562097274966,0.8305849996434063,0
2024-08-18 05:00:00,1815.568626,1810.654,1846.1345,1905.2001,1822.7796004642253,1719.1627294611003,1926.5266287388347,-7.2109744642252736,0
2024-08-18 06:00:00,1878.151541,1797.7151,1814.0621,1863.5459,1802.0033718647578,1698.3865008616328,1905.7504001393672,76.14816913524214,0
2024-08-18 07:00:00,1758.322742,1824.8998,1790.6196,1814.1522,1809.0964657337868,1705.4795947306618,1912.8434940083962,-50.77372373378671,0
2024-08-18 08:00:00,1765.873608,1725.9564,1771.7386,1798.0769,1751.147575242283,1647.530704239158,1854.8946035168924,14.726032757717121,0
2024-08-18 09:00:00,1884.781584,1785.1248,1757.1254,1774.3917,1773.9204193672563,1670.3035483641313,1877.6674476418657,110.8611646327438,0
2024-08-18 10:00:00,1801.364449,1744.8912,1749.6936,1776.449,1748.3752252020727,1644.7583541989477,1852.122253476682,52.98922379792725,0
2024-08-18 11:00:00,1824.493694,1770.4421,1748.2076,1765.0067,1762.2980529661509,1658.681181963026,1866.0450812407603,62.19564103384914,0
2024-08-18 12:00:00,1726.558208,1814.1984,1751.5996,1767.6725,1785.1630347265573,1681.5461637234323,1888.9100630011667,-58.60482672655735,0
2024-08-18 13:00:00,1703.264661,1752.0786,1759.0472,1777.8125,1758.7917127006078,1655.1748416974829,1862.5387409752173,-55.5270517006079,0
2024-08-18 14:00:00,2009.596271,1774.9672,1766.1794,1799.5121,1769.8152250244486,1666.1983540213237,1873.562253299058,239.78104597555125,0
2024-08-18 15:00:00,1781.951036,1857.3635,1783.7272,1810.4077,1820.1331007072777,1716.5162297041527,1923.880128981887,-38.18206470727773,0
2024-08-18 16:00:00,1837.804402,1864.3602,1809.4998,1850.4856,1833.5344982015904,1729.9176271984654,1937.2815264761998,4.269903798409587,0
2024-08-18 17:00:00,1947.703894,1888.3171,1834.2618,1895.1724,1853.071411625859,1749.454540622734,1956.8184399004683,94.63248237414109,0
2024-08-18 18:00:00,1908.093246,1891.9578,1864.7761,1923.1963,1871.637216005673,1768.020345002548,1975.3842442802825,36.456029994326855,1
2024-08-18 19:00:00,1854.878451,1906.4996,1898.3174,1957.0928,1896.2921598918776,1792.6752888887527,2000.039188166487,-41.413708891877604,1
2024-08-18 20:00:00,1826.173533,1980.581,1934.6755,2005.0211,1948.0179087456402,1844.4010377425152,2051.7649370202494,-121.84437574564026,1
2024-08-18 21:00:00,1935.366208,1955.3162,1974.5007,2031.0422,1960.5946187779575,1856.9777477748326,2064.3416470525667,-25.228410777957606,1
2024-08-18 22:00:00,1957.265015,1968.4329,2009.6718,2059.688,1987.175187921981,1883.558316918856,2090.9222161965904,-29.91017292198103,0
2024-08-18 23:00:00,1947.12848,1987.6398,2038.9971,2081.1936,2013.8862949843858,1910.2694239812608,2117.633323258995,-66.75781498438573,0
2024-08-19 00:00:00,2266.269201,2200.002,2064.8806,2086.1426,2134.262507809128,2030.6456368060028,2238.009536083737,132.00669319087228,0
2024-08-19 01:00:00,2108.803994,2256.5889,2149.2583,2195.698,2199.6886434928424,2096.071772489717,2303.435671767452,-90.88464949284253,0
2024-08-19 02:00:00,2060.380713,2144.788,2183.1475,2214.0999,2168.244737989115,2064.62786698599,2271.9917662637245,-107.86402498911502,0
2024-08-19 03:00:00,2173.228139,2100.1375,2167.7007,2203.9312,2137.4021560109854,2033.7852850078605,2241.149184285595,35.82598298901439,0
2024-08-19 04:00:00,2234.549202,2122.926,2139.4165,2159.1885,2137.4258319364985,2033.8089609333736,2241.172860211108,97.12337006350162,0
2024-08-19 05:00:00,1961.160138,2131.7776,2109.3086,2111.403,2130.1389521304854,2026.5220811273605,2233.885980405095,-168.9788141304855,0
2024-08-19 06:00:00,1974.861472,2045.5626,2075.954,2094.5093,2067.1265199614595,1963.5096489583345,2170.873548236069,-92.26504796145946,0
2024-08-19 07:00:00,1908.701009,2031.5424,2045.4424,2063.2114,2044.4377267853401,1940.8208557822152,2148.1847550599496,-135.73671778534003,0
2024-08-19 08:00:00,1940.68827,2020.2605,2015.6284,2044.1786,2020.499932573754,1916.883061570629,2124.2469608483634,-79.81166257375389,0
2024-08-19 09:00:00,1907.197202,2015.2329,1999.7853,2010.4883,2014.205236924819,1910.588365921694,2117.9522651994284,-107.00803492481896,0
2024-08-19 10:00:00,1993.954797,2001.8563,1986.01,2006.8486,1997.9452612920427,1894.3283902889177,2101.692289566652,-3.9904642920425886,0
2024-08-19 11:00:00,2098.492366,1989.4265,1987.8706,1986.742,1998.558486318917,1894.941615315792,2102.3055145935264,99.933879681083,0
2024-08-19 12:00:00,1975.960817,2031.9509,1996.2949,2005.7523,2020.6453910570035,1917.0285200538785,2124.392419331613,-44.6845740570036,0
2024-08-19 13:00:00,1898.219796,2005.98,2013.2118,2006.717,2021.267692560915,1917.65082155779,2125.0147208355243,-123.04789656091498,0
2024-08-19 14:00:00,1973.978578,2015.7197,2029.4086,2024.8679,2034.0192617073258,1930.4023907042008,2137.766289981935,-60.0406837073258,0
2024-08-19 15:00:00,2023.111189,2031.7798,2051.7976,2025.7292,2059.0142849876606,1955.3974139845357,2162.76131326227,-35.90309598766066,0
2024-08-19 16:00:00,2037.917928,2067.6416,2078.152,2042.4016,2092.5672604916263,1988.9503894885013,2196.3142887662357,-54.64933249162618,0
2024-08-19 17:00:00,2070.078139,2088.5747,2103.4177,2076.962,2113.6175886704345,2010.0007176673096,2217.364616945044,-43.53944967043435,0
2024-08-19 18:00:00,1946.314038,2146.9216,2136.214,2111.1438,2158.520439098964,2054.9035680958386,2262.2674673735733,-212.20640109896385,1
2024-08-19 19:00:00,2191.499033,2166.759,2159.6135,2141.3347,2178.6904460848777,2075.0735750817526,2282.437474359487,12.808586915122305,1
2024-08-19 20:00:00,2158.57266,2188.4832,2185.5698,2180.066,2199.604498445746,2095.9876274426206,2303.351526720355,-41.03183844574596,1
2024-08-19 21:00:00,2332.207402,2200.2114,2203.86,2196.31,2215.428282366803,2111.811411363678,2319.1753106414126,116.77911963319684,1
2024-08-19 22:00:00,2217.269655,2243.7573,2215.673,2221.291,2239.1483708743726,2135.5314998712474,2342.895399148982,-21.878715874372574,0
2024-08-19 23:00:00,2126.105935,2227.4683,2232.1487,2225.0464,2243.3390667131475,2139.7221957100223,2347.086094987757,-117.23313171314749,0
2024-08-20 00:00:00,2387.073522,2188.2898,2234.762,2224.4597,2226.839695629687,2123.2228246265618,2330.5867239042964,160.23382637031318,0
2024-08-20 01:00:00,2161.265512,2219.7288,2207.2058,2188.8745,2229.2454423500444,2125.628571346919,2332.992470624654,-67.97993035004447,0
2024-08-20 02:00:00,2282.329114,2188.1033,2189.557,2172.3857,2204.491218075929,2100.8743470728036,2308.2382463505382,77.83789592407129,0
2024-08-20 03:00:00,2132.324595,2160.3113,2163.4832,2166.9873,2172.157287087513,2068.5404160843877,2275.9043153621224,-39.832692087512896,0
2024-08-20 04:00:00,1948.22222,2153.758,2132.2764,2117.524,2157.082338041224,2053.4654670380987,2260.8293663158333,-208.8601180412238,0
2024-08-20 05:00:00,2166.713732,2093.9258,2103.4927,2086.5723,2113.798751914534,2010.181880911409,2217.5457801891434,52.91498008546614,0
2024-08-20 06:00:00,2171.537936,2071.054,2072.7458,2055.3115,2086.6922871723614,1983.0754161692364,2190.439315446971,84.8456488276388,0
2024-08-20 07:00:00,1994.642761,2034.7633,2045.8575,2041.142,2051.8831192416365,1948.2662482385115,2155.630147516246,-57.240358241636386,0
2024-08-20 08:00:00,2052.635105,2002.2477,2020.4467,2016.3671,2022.7162827060827,1919.0994117029577,2126.463310980692,29.918822293917174,0
2024-08-20 09:00:00,2015.884764,2008.9843,2003.2894,2008.2119,2014.5458319167087,1910.9289609135838,2118.292860191318,1.3389320832911835,0
2024-08-20 10:00:00,2008.313315,2015.1478,1995.469,1982.4315,2017.8789880988772,1914.2621170957523,2121.6260163734864,-9.565673098877141,0
2024-08-20 11:00:00,2007.24047,2010.7999,1995.7546,1987.8176,2014.6655173861604,1911.0486463830355,2118.41254566077,-7.425047386160486,0
2024-08-20 12:00:00,2111.910734,1988.597,2005.3531,1996.7991,2009.3216770296594,1905.7048060265345,2113.068705304269,102.58905697034061,0
2024-08-20 13:00:00,2224.963974,2050.4392,2015.0613,2008.3085,2043.5308992955756,1939.9140282924507,2147.277927570185,181.43307470442414,0
2024-08-20 14:00:00,1964.886479,2059.668,2036.0833,2020.5988,2061.3032713300554,1957.6864003269304,2165.050299604665,-96.41679233005539,0
2024-08-20 15:00:00,2091.892142,2071.4717,2060.2888,2049.314,2078.6447578298876,1975.0278868267626,2182.391786104497,13.247384170112582,0
2024-08-20 16:00:00,2021.517679,2100.806,2087.5,2072.5244,2108.1002867222705,2004.4834157191456,2211.84731499688,-86.5826077222705,0
2024-08-20 17:00:00,2237.288517,2127.9702,2112.9165,2108.1777,2131.9659299787786,2028.3490589756536,2235.712958253388,105.32258702122135,0
2024-08-20 18:00:00,2091.819976,2131.6992,2136.2166,2141.1382,2143.670447723459,2040.053576720334,2247.4174759980683,-51.85047172345867,1
2024-08-20 19:00:00,2097.451509,2172.515,2163.6821,2165.8142,2178.4336209186927,2074.8167499155675,2282.180649193302,-80.98211191869268,1
2024-08-20 20:00:00,2204.502535,2210.3652,2181.8381,2192.4976,2203.9768981918915,2100.3600271887663,2307.723926466501,0.5256368081086293,1
2024-08-20 21:00:00,2199.127307,2226.3132,2195.4612,2207.9612,2218.3535254010344,2114.736654397909,2322.100553675644,-19.226218401034203,1
2024-08-20 22:00:00,2202.594272,2203.215,2214.676,2220.3792,2219.2506005473715,2115.6337295442463,2322.997628821981,-16.656328547371686,0
2024-08-20 23:00:00,2194.963881,2228.533,2217.0964,2244.0344,2227.2454631740698,2123.6285921709446,2330.992491448679,-32.28158217406963,0
2024-08-21 00:00:00,2241.20662,2220.3354,2214.5005,2233.4504,2223.976261435084,2120.3593904319587,2327.7232897096933,17.23035856491606,0
2024-08-21 01:00:00,2213.314064,2208.722,2204.358,2207.8777,2216.953441592554,2113.336570589429,2320.7004698671635,-3.6393775925539558,0
2024-08-21 02:00:00,2132.035293,2142.177,2178.2021,2200.6267,2166.5307943146922,2062.913923311567,2270.2778225893016,-34.49550131469232,0
2024-08-21 03:00:00,2209.575393,2153.0198,2150.9958,2150.1892,2163.139375269973,2059.5225042668476,2266.886403544582,46.43601773002729,0
2024-08-21 04:00:00,2081.975006,2164.1208,2125.7708,2130.564,2153.6295195332837,2050.0126485301585,2257.376547807893,-71.65451353328353,0
2024-08-21 05:00:00,2112.670265,2119.4116,2097.6047,2092.0818,2119.9518624548778,2016.3349914517528,2223.698890729487,-7.281597454877556,0
2024-08-21 06:00:00,2074.675988,2088.3782,2070.1401,2064.9087,2090.489259565464,1986.8723885623392,2194.2362878400736,-15.81327156546422,0
2024-08-21 07:00:00,1975.970921,2027.6338,2037.842,2029.7352,2045.0837418808937,1941.4668708777688,2148.830770155503,-69.11282088089365,0
2024-08-21 08:00:00,1961.91315,2039.7316,2012.6653,2013.4321,2035.2470014410378,1931.6301304379128,2138.9940297156472,-73.33385144103772,0
2024-08-21 09:00:00,2025.724662,1983.4016,1994.9065,1999.1877,1998.0498265813255,1894.4329555782006,2101.7968548559347,27.674835418674547,0
2024-08-21 10:00:00,1992.52441,1965.7795,1984.6649,2001.6677,1980.985580603533,1877.368709600408,2084.7326088781424,11.538829396467008,0
2024-08-21 11:00:00,1934.509898,1978.2719,1981.587,2002.272,1984.3815984884684,1880.7647274853434,2088.1286267630776,-49.87170048846838,0
2024-08-21 12:00:00,1930.301819,1995.8146,1984.157,2010.5027,1992.6853042746293,1889.0684332715043,2096.4323325492387,-62.383485274629265,0
2024-08-21 13:00:00,1993.078448,1987.6492,1998.3357,2018.9152,1997.7741927528227,1894.1573217496978,2101.521221027432,-4.695744752822748,0
2024-08-21 14:00:00,2156.301753,2007.2617,2014.8961,2025.253,2018.5104808896272,1914.8936098865022,2122.2575091642366,137.79127211037303,0
2024-08-21 15:00:00,2052.04926,2049.2112,2030.9828,2059.0288,2042.5937146396277,1938.9768436365027,2146.340742914237,9.45554536037207,0
2024-08-21 16:00:00,2118.160759,2108.273,2060.7234,2074.1506,2090.2641442332747,1986.6472732301497,2194.011172507884,27.89661476672518,0
2024-08-21 17:00:00,2073.393432,2110.7437,2091.094,2097.3403,2109.3819595932796,2005.7650885901546,2213.128987867889,-35.98852759327974,0
2024-08-21 18:00:00,2221.63206,2156.2817,2116.544,2137.4236,2140.921218430735,2037.3043474276099,2244.6682467053442,80.71084156926509,1
2024-08-21 19:00:00,2153.566552,2166.7522,2143.1484,2159.0942,2161.288866797588,2057.671995794463,2265.0358950721975,-7.722314797588297,1
2024-08-21 20:00:00,2110.735951,2183.9316,2175.312,2188.836,2187.1736530730263,2083.556782069901,2290.9206813476358,-76.43770207302623,1
2024-08-21 21:00:00,2124.740806,2224.4097,2199.473,2206.6108,2220.9312015014025,2117.3143304982773,2324.678229776012,-96.19039550140269,1
2024-08-21 22:00:00,2081.056286,2209.5195,2212.7502,2213.093,2222.592819656045,2118.9759486529197,2326.3398479306543,-141.53653365604487,0
2024-08-21 23:00:00,2282.80389,2168.199,2208.444,2212.119,2199.745654069201,2096.128783066076,2303.4926823438104,83.05823593079913,0
2024-08-22 00:00:00,2199.121534,2208.0618,2192.6963,2200.1309,2209.4575157676086,2105.8406447644834,2313.204544042218,-10.3359817676087,0
2024-08-22 01:00:00,2225.698524,2221.7205,2189.0837,2183.0366,2217.4682546943245,2113.8513836911993,2321.215282968934,8.230269305675392,0
2024-08-22 02:00:00,2109.928019,2195.3894,2174.2976,2163.9805,2198.133945070245,2094.5170740671197,2301.8809733448543,-88.20592607024491,0
2024-08-22 03:00:00,2089.599881,2159.199,2155.5984,2142.0725,2171.7489682130886,2068.1320972099634,2275.495996487698,-82.14908721308848,0
2024-08-22 04:00:00,2180.577146,2132.6355,2130.0325,2117.9111,2145.1458020917453,2041.5289310886203,2248.8928303663547,35.4313439082548,0
2024-08-22 05:00:00,2131.827763,2085.093,2098.0322,2085.4893,2105.5776779739836,2001.9608069708586,2209.324706248593,26.250085026016222,0
2024-08-22 06:00:00,2177.783685,2060.9458,2068.8374,2050.946,2079.909452310359,1976.292581307234,2183.6564805849684,97.87423268964085,0
2024-08-22 07:00:00,2037.17496,2031.0221,2046.2352,2031.7998,2052.757131438414,1949.140260435289,2156.5041597130235,-15.58217143841398,0
2024-08-22 08:00:00,2005.687071,2019.018,2022.5854,2003.8304,2035.5669527366983,1931.9500817335734,2139.3139810113075,-29.87988173669828,0
2024-08-22 09:00:00,1879.844644,1981.9366,2010.829,2007.9695,2007.6095857694513,1903.9927147663263,2111.3566140440607,-127.7649417694513,0
2024-08-22 10:00:00,1981.848776,1977.3259,2001.342,1989.916,2002.5402772181576,1898.9234062150326,2106.287305492767,-20.691501218157555,0
2024-08-22 11:00:00,1930.18918,1987.6144,1996.3346,1997.9386,2001.4955491272447,1897.8786781241197,2105.242577401854,-71.30636912724458,0
2024-08-22 12:00:00,1905.451748,1982.5093,2001.045,2006.6218,2000.5549160340365,1896.9380450309116,2104.301944308646,-95.10316803403657,0
2024-08-22 13:00:00,2069.378772,2009.9015,2016.3751,2011.8953,2024.3085959882847,1920.6917249851597,2128.055624262894,45.070176011715375,0
2024-08-22 14:00:00,2031.944074,2066.2786,2037.9432,2031.8049,2063.080932499442,1959.464061496317,2166.8279607740515,-31.13685849944204,0
2024-08-22 15:00:00,2210.957081,2033.998,2063.72,2057.073,2061.48878439584,1957.871913392715,2165.2358126704494,149.46829660416006,0
2024-08-22 16:00:00,2047.683143,2115.9219,2088.2046,2093.4514,2110.572036902639,2006.955165899514,2214.3190651772484,-62.88889390263898,0
2024-08-22 17:00:00,2040.244478,2097.4653,2116.4287,2121.1833,2116.8717722176307,2013.2549012145057,2220.61880049224,-76.6272942176306,0
2024-08-22 18:00:00,2164.96604,2147.1938,2143.25,2153.4246,2153.4694125592555,2049.8525415561303,2257.216440833865,11.496627440744305,1
2024-08-22 19:00:00,2136.467924,2152.5862,2169.4277,2164.791,2173.6859201790935,2070.0690491759683,2277.432948453703,-37.21799617909346,1
2024-08-22 20:00:00,2133.189108,2196.2537,2187.6528,2188.6753,2202.76739938564,2099.150528382515,2306.5144276602496,-69.57829138564011,1
2024-08-22 21:00:00,2177.476037,2222.8928,2202.4812,2197.7332,2224.811120908418,2121.194249905293,2328.5581491830276,-47.335083908418255,1
2024-08-22 22:00:00,2375.873579,2216.91,2210.2874,2211.5864,2224.570199342525,2120.9533283394,2328.3172276171344,151.30337965747503,0
2024-08-22 23:00:00,2432.765127,2220.2412,2207.0461,2198.113,2227.027756731046,2123.4108857279207,2330.7747850056553,205.73737026895424,0
2024-08-23 00:00:00,2171.372147,2236.4856,2196.9575,2196.1494,2227.3687131597835,2123.7518421566583,2331.115741434393,-55.99656615978347,0
2024-08-23 01:00:00,2131.987421,2218.4985,2194.0583,2186.6672,2218.911500417063,2115.294629413938,2322.6585286916725,-86.92407941706324,0
2024-08-23 02:00:00,2203.29464,2168.9724,2180.2297,2168.5798,2189.013866912441,2085.3969959093156,2292.76089518705,14.280773087559282,0
2024-08-23 03:00:00,2120.651,2180.2825,2159.1736,2151.1707,2182.3108445417984,2078.693973538673,2286.057872816408,-61.65984454179852,0
2024-08-23 04:00:00,2139.077888,2144.5618,2135.443,2127.4556,2152.663577011489,2049.046706008364,2256.4106052860984,-13.585689011489194,0
2024-08-23 05:00:00,1889.787979,2082.2593,2104.316,2101.5356,2105.0914226221003,2001.4745516189753,2208.8384508967097,-215.3034436221003,0
2024-08-23 06:00:00,2063.182079,2080.9346,2070.8652,2076.2043,2084.6480156785424,1981.0311446754174,2188.395043953152,-21.46593667854222,0
2024-08-23 07:00:00,2007.054698,2089.505,2038.6847,2033.3726,2074.3492305974933,1970.7323595943683,2178.0962588721027,-67.29453259749334,0
2024-08-23 08:00:00,2054.380111,2023.7365,2017.2996,2017.2466,2030.2815620000192,1926.6646909968943,2134.0285902746286,24.09854899998072,0
2024-08-23 09:00:00,1965.495034,2021.8726,1996.2178,2016.231,2013.1246906717208,1909.5078196685959,2116.87171894633,-47.629656671720795,0
2024-08-23 10:00:00,2104.381336,2017.9001,1988.2318,1998.8055,2009.377601655499,1905.760730652374,2113.1246299301083,95.00373434450103,0
2024-08-23 11:00:00,1995.549575,2050.1309,1989.1521,1989.5674,2027.816556551251,1924.1996855481261,2131.5635848258603,-32.26698155125109,0
2024-08-23 12:00:00,2004.454961,2035.4707,1996.4109,1992.6604,2025.7278144192019,1922.110943416077,2129.4748426938113,-21.272853419201965,0
2024-08-23 13:00:00,2068.827335,2000.3187,2011.8612,2016.7185,2014.977421586913,1911.360550583788,2118.7244498615223,53.84991341308705,0
2024-08-23 14:00:00,2074.209089,2056.7156,2033.7766,2034.1617,2054.655343334321,1951.038472331196,2158.4023716089305,19.55374566567889,0
2024-08-23 15:00:00,2075.630539,2071.7883,2063.7898,2048.7751,2081.6763074937894,1978.0594364906644,2185.423335768399,-6.045768493789183,0
2024-08-23 16:00:00,2020.680088,2077.5015,2093.6328,2076.7805,2100.7096647997614,1997.0927937966364,2204.456693074371,-80.02957679976134,0
2024-08-23 17:00:00,2100.243807,2075.6812,2122.964,2103.067,2116.1817900350156,2012.5649190318907,2219.928818309625,-15.937983035015804,0
2024-08-23 18:00:00,2108.185277,2158.9507,2138.9062,2129.1655,2161.81193259327,2058.1950615901446,2265.5589608678793,-53.62665559326979,1
2024-08-23 19:00:00,2170.370607,2181.2483,2166.5718,2139.8955,2191.422878352683,2087.8060073495576,2295.169906627292,-21.052271352682965,1
2024-08-23 20:00:00,2299.750264,2187.7646,2185.0005,2160.591,2203.7419391432613,2100.125068140136,2307.4889674178708,96.00832485673845,1
2024-08-23 21:00:00,2154.437853,2234.0625,2190.9148,2168.4932,2228.4722175059233,2124.855346502798,2332.2192457805327,-74.03436450592335,1
2024-08-23 22:00:00,2237.065847,2197.0728,2179.517,2167.5354,2202.1290896812493,2098.512218678124,2305.8761179558587,34.93675731875055,0
2024-08-23 23:00:00,2227.445655,2217.638,2149.099,2149.5244,2192.656907258483,2089.040036255358,2296.4039355330924,34.788747741517,0
2024-08-24 00:00:00,1918.484502,1938.86,2115.4849,2134.5842,2037.0548100180204,1933.4379390148954,2140.80183829263,-118.57030801802034,0
2024-08-24 01:00:00,1747.921295,1991.1825,1999.0751,2056.4324,1990.5490871017582,1886.9322160986333,2094.2961153763677,-242.62779210175813,0
2024-08-24 02:00:00,1970.295675,1934.3214,1950.6514,1975.7999,1945.8569131918166,1842.2400421886916,2049.603941466426,24.43876180818347,0
2024-08-24 03:00:00,1846.941204,1880.4652,1913.0162,1896.3931,1910.744950374251,1807.128079371126,2014.4919786488604,-63.80374637425098,0
2024-08-24 04:00:00,1901.768987,1897.9738,1875.0306,1869.7336,1896.0702681955545,1792.4533971924295,1999.817296470164,5.698718804445434,0
2024-08-24 05:00:00,1855.3084,1835.5376,1847.2542,1843.6653,1851.0982315744272,1747.4813605713023,1954.8452598490367,4.210168425572647,0
2024-08-24 06:00:00,1775.936869,1796.9453,1818.2794,1818.0887,1816.4409651779085,1712.8240941747836,1920.187993452518,-40.50409617790865,0
2024-08-24 07:00:00,1759.107531,1767.3312,1798.5684,1799.8502,1791.4728610945008,1687.8559900913758,1895.2198893691102,-32.36533009450068,0
2024-08-24 08:00:00,1835.541441,1753.0497,1776.406,1777.7247,1772.8834705209047,1669.2665995177797,1876.630498795514,62.65797047909541,0
2024-08-24 09:00:00,1704.681235,1741.8687,1763.9786,1760.0221,1762.285262826651,1658.668391823526,1866.0322911012604,-57.60402782665096,0
2024-08-24 10:00:00,1727.722719,1739.778,1755.9446,1745.4269,1758.6824786043453,1655.0656076012203,1862.4295068789547,-30.95975960434521,0
2024-08-24 11:00:00,1873.7665,1781.7537,1757.2535,1744.8184,1779.8933864166688,1676.2765154135438,1883.6404146912782,93.87311358333113,0
2024-08-24 12:00:00,1824.177401,1773.5726,1765.1328,1745.3844,1782.0221092938652,1678.4052382907403,1885.7691375684747,42.155291706134676,0
2024-08-24 13:00:00,1840.567126,1757.8833,1775.0054,1768.4149,1776.4473590560435,1672.8304880529186,1880.194387330653,64.11976694395639,0
2024-08-24 14:00:00,1786.727892,1813.1608,1789.9482,1782.6002,1810.9500528905075,1707.3331818873826,1914.697081165117,-24.22216089050744,0
2024-08-24 15:00:00,1921.187186,1784.2251,1810.0267,1802.5236,1807.839741349025,1704.2228703459,1911.5867696236344,113.34744465097515,0
2024-08-24 16:00:00,1824.969255,1859.1064,1835.1146,1826.0934,1857.2753517818192,1753.6584807786942,1961.0223800564286,-32.30609678181918,0
2024-08-24 17:00:00,1830.246003,1900.531,1860.1139,1861.5269,1887.674623610316,1784.057752607191,1991.4216518849255,-57.4286206103161,0
2024-08-24 18:00:00,1862.216939,1864.0714,1888.7521,1890.0414,1885.5098062407124,1781.8929352375874,1989.2568345153218,-23.29286724071244,1
2024-08-24 19:00:00,2060.614939,1937.6166,1910.7505,1933.0188,1926.9766324495527,1823.3597614464277,2030.723660724162,133.6383065504474,1
2024-08-24 20:00:00,1998.25688,1955.3353,1937.2325,1927.9524,1957.470925904071,1853.854054900946,2061.2179541786804,40.7859540959289,1
2024-08-24 21:00:00,1936.429962,1950.4429,1962.45,1968.4407,1964.6597898304885,1861.0429188273636,2068.406818105098,-28.229827830488603,1
2024-08-24 22:00:00,2008.274981,1992.6615,1976.4338,1978.7283,1993.1650870625913,1889.5482160594663,2096.9121153372007,15.109893937408742,0
2024-08-24 23:00:00,2044.709927,2027.9258,1990.5913,1985.2903,2019.4302656378695,1915.8133946347446,2123.177293912479,25.279661362130582,0
2024-08-25 00:00:00,1948.821356,1986.0409,1999.0837,1995.6371,2003.4817278315923,1899.8648568284673,2107.2287561062017,-54.66037183159233,0
2024-08-25 01:00:00,1891.625899,1981.8981,1977.4768,2003.5935,1982.5560540099132,1878.9391830067882,2086.3030822845226,-90.93015500991328,0
2024-08-25 02:00:00,1866.271177,1931.1003,1948.7133,1989.7493,1939.2718971887116,1835.6550261855866,2043.018925463321,-73.00072018871151,0
2024-08-25 03:00:00,2052.311549,1899.6996,1916.4005,1953.4098,1908.1527654574588,1804.5358944543339,2011.8997937320682,144.1587835425412,0
2024-08-25 04:00:00,1871.571897,1879.2039,1882.8029,1903.4435,1884.6776100769448,1781.0607390738198,1988.4246383515542,-13.105713076944767,0
2024-08-25 05:00:00,1855.754476,1818.0427,1854.7759,1872.563,1841.3350124444587,1737.7181414413337,1945.0820407190681,14.41946355554137,0
2024-08-25 06:00:00,1871.512761,1821.7045,1826.7959,1847.9517,1827.3770779283686,1723.7602069252437,1931.124106202978,44.13568307163132,0
2024-08-25 07:00:00,1728.531377,1750.1858,1800.7443,1814.923,1781.1835618241387,1677.5666908210137,1884.930590098748,-52.65218482413866,0
2024-08-25 08:00:00,1937.950837,1773.3964,1784.3938,1794.5428,1784.599491622395,1680.98262061927,1888.3465198970043,153.35134537760518,0
2024-08-25 09:00:00,1767.421716,1760.2932,1771.1882,1787.496,1769.778475025477,1666.161604022352,1873.5255033000865,-2.356759025477004,0
2024-08-25 10:00:00,1715.989063,1762.422,1760.596,1766.0369,1767.9204188398442,1664.3035478367192,1871.6674471144536,-51.93135583984417,0
2024-08-25 11:00:00,1649.680015,1747.3707,1758.5356,1763.8242,1759.6827188650836,1656.0658478619587,1863.429747139693,-110.00270386508373,0
2024-08-25 12:00:00,1827.235528,1750.3071,1760.4486,1757.7253,1764.1262406483477,1660.5093696452227,1867.873268922957,63.109287351652256,0
2024-08-25 13:00:00,1814.557941,1809.9465,1764.2478,1771.4834,1792.0839072879437,1688.4670362848187,1895.8309355625531,22.474033712056325,0
2024-08-25 14:00:00,1914.491021,1813.5582,1776.9987,1782.0612,1801.1259390669914,1697.5090680638664,1904.8729673416008,113.3650819330087,0
2024-08-25 15:00:00,1737.469014,1841.8218,1798.6062,1807.4464,1825.1281268702153,1721.5112558670903,1928.8751551448247,-87.65911287021527,0
2024-08-25 16:00:00,1793.139652,1849.1692,1826.1108,1865.73,1835.448994515865,1731.83212351274,1939.1960227904744,-42.309342515864955,0
2024-08-25 17:00:00,1853.002667,1848.6298,1850.4807,1878.2894,1851.1160091656875,1747.4991381625625,1954.863037440297,1.886657834312473,0
2024-08-25 18:00:00,1826.997872,1895.5244,1878.9384,1914.2545,1886.7018929292087,1783.0850219260838,1990.4489212038181,-59.70402092920881,1
2024-08-25 19:00:00,1805.461267,1943.8969,1912.4869,1952.8779,1926.3108872142918,1822.6940162111669,2030.0579154889012,-120.84962021429192,1
2024-08-25 20:00:00,1976.320085,1904.7065,1952.0084,1984.2723,1930.6449907395777,1827.0281197364527,2034.392019014187,45.675094260422384,1
2024-08-25 21:00:00,1962.357317,1956.2646,1981.3123,2015.1935,1970.3955267745553,1866.7786557714303,2074.1425550491645,-8.038209774555298,1
2024-08-25 22:00:00,1994.818219,1993.0178,2011.4592,2036.9586,2006.058162222378,1902.4412912192531,2109.8051904969875,-11.239943222378088,0
2024-08-25 23:00:00,1813.66427,2019.5948,2046.0165,2060.896,2039.7720512959481,1936.1551802928232,2143.5190795705576,-226.10778129594814,0
2024-08-26 00:00:00,2123.511337,2199.6458,2077.1433,2088.8445,2143.0207766256776,2039.4039056225527,2246.767804900287,-19.509439625677715,0
2024-08-26 01:00:00,2226.965108,2161.6333,2164.1963,2158.9082,2175.3909087130983,2071.774037709973,2279.1379369877077,51.5741992869016,0
2024-08-26 02:00:00,2126.624021,2142.149,2179.239,2195.631,2168.5938555148787,2064.9769845117535,2272.340883789488,-41.969834514878585,0
2024-08-26 03:00:00,2174.497592,2127.0613,2165.8608,2162.6704,2159.245978324814,2055.629107321689,2262.9930065994236,15.251613675186036,0
2024-08-26 04:00:00,2056.988828,2141.7588,2133.335,2137.7288,2147.0747501739856,2043.4578791708607,2250.821778448595,-90.08592217398564,0
2024-08-26 05:00:00,2110.008502,2074.5403,2105.7356,2083.9636,2106.9658702099186,2003.3489992067937,2210.712898484528,3.0426317900814865,0
2024-08-26 06:00:00,2083.869916,2055.1345,2072.7026,2076.569,2073.68405010225,1970.0671790991248,2177.431078376859,10.185865897750318,0
2024-08-26 07:00:00,1976.86818,2042.9707,2042.0552,2035.4596,2054.256823842581,1950.639952839456,2158.0038521171905,-77.38864384258113,0
2024-08-26 08:00:00,2059.325394,2042.3416,2014.2739,2029.7792,2033.6180568422255,1930.0011858391006,2137.365085116835,25.70733715777442,0
2024-08-26 09:00:00,1965.569073,2020.509,1999.655,1994.9332,2020.5559090707463,1916.9390380676214,2124.3029373453555,-54.98683607074645,0
2024-08-26 10:00:00,2014.072984,2042.5535,1988.6053,1999.11,2021.3580364722561,1917.7411654691311,2125.1050647468655,-7.285052472256211,0
2024-08-26 11:00:00,2005.598849,2002.14,1983.9025,1990.9733,2000.4447099116726,1896.8278389085476,2104.191738186282,5.154139088327383,0
2024-08-26 12:00:00,1910.756038,1984.4081,1991.9283,2005.4941,1994.6004483179602,1890.9835773148352,2098.3474765925694,-83.84441031796018,0
2024-08-26 13:00:00,2015.161887,2002.2104,2003.1499,2006.7635,2011.5703754156614,1907.9535044125364,2115.3174036902706,3.5915115843386047,0
2024-08-26 14:00:00,2160.997028,2011.5321,2020.1378,2021.8535,2025.5168619378424,1921.8999909347174,2129.2638902124518,135.48016606215742,0
2024-08-26 15:00:00,2051.96709,2042.6942,2043.6724,2040.0916,2054.220716111947,1950.6038451088218,2157.967744386556,-2.253626111946687,0
2024-08-26 16:00:00,2034.606271,2050.2686,2067.5884,2076.8167,2067.290705223338,1963.6738342202132,2171.0377334979476,-32.68443422333803,0
2024-08-26 17:00:00,2185.481247,2092.0076,2094.4797,2102.182,2101.870065677663,1998.2531946745382,2205.6170939522726,83.61118132233696,0
2024-08-26 18:00:00,2202.254749,2109.8774,2121.7588,2122.2065,2126.7138683872004,2023.0969973840754,2230.46089666181,75.54088061279981,1
2024-08-26 19:00:00,2073.714917,2161.5835,2147.737,2154.1492,2163.669957040376,2060.053086037251,2267.4169853149856,-89.95504004037639,1
2024-08-26 20:00:00,2289.514568,2200.5967,2177.0564,2178.8015,2199.0319802878,2095.4151092846746,2302.779008562409,90.48258771220026,1
2024-08-26 21:00:00,2200.933421,2228.1123,2200.4966,2196.2805,2226.113768910774,2122.496897907649,2329.8607971853835,-25.18034791077389,1
2024-08-26 22:00:00,2189.828793,2209.9175,2214.7476,2214.1577,2224.0789213321414,2120.462050329016,2327.825949606751,-34.25012833214123,0
2024-08-26 23:00:00,2215.619588,2197.407,2219.0125,2219.378,2220.131208214371,2116.5143372112457,2323.8782364889803,-4.511620214370851,0
2024-08-27 00:00:00,2263.782626,2224.0483,2215.1455,2216.1396,2230.6327745929157,2127.0159035897905,2334.379802867525,33.1498514070845,0
2024-08-27 01:00:00,2219.857289,2193.5266,2192.8281,2187.3872,2205.848388906442,2102.2315179033167,2309.5954171810513,14.008900093558168,0
2024-08-27 02:00:00,2240.895835,2206.994,2172.1,2156.271,2203.899475502208,2100.282604499083,2307.6465037768176,36.99635949779167,0
2024-08-27 03:00:00,2161.272479,2171.7485,2146.305,2139.871,2171.010161547451,2067.3932905443257,2274.7571898220604,-9.737682547450731,0
2024-08-27 04:00:00,1986.49687,2102.399,2121.6902,2109.7573,2126.2406076789157,2022.6237366757907,2229.987635953525,-139.74373767891575,0
2024-08-27 05:00:00,2257.832027,2139.7534,2090.089,2082.197,2126.268708352464,2022.6518373493388,2230.0157366270732,131.5633186475361,0
2024-08-27 06:00:00,2272.508681,2068.6472,2064.45,2043.5621,2082.0135400742925,1978.3966690711675,2185.760568348902,190.49514092570735,0
2024-08-27 07:00:00,2032.773176,2051.0513,2040.2096,2030.4084,2057.944092389777,1954.327221386652,2161.6911206643863,-25.17091638977695,0
2024-08-27 08:00:00,2057.953806,2027.5839,2016.4465,2019.3551,2030.915548072965,1927.29867706984,2134.6625763475745,27.03825792703492,0
2024-08-27 09:00:00,2028.729562,2008.1241,2005.527,2004.3926,2016.8554028792196,1913.2385318760946,2120.602431153829,11.874159120780405,0
2024-08-27 10:00:00,2080.108203,1996.7152,1998.3608,1990.5477,2009.2963902244899,1905.679519221365,2113.043418499099,70.8118127755099,0
2024-08-27 11:00:00,1962.406063,2009.9908,1996.2603,1998.3633,2012.0079877361068,1908.3911167329818,2115.755016010716,-49.60192473610687,0
2024-08-27 12:00:00,1889.746754,1989.1722,1998.2546,2002.4205,2002.6101379472295,1898.9932669441046,2106.3571662218387,-112.86338394722952,0
2024-08-27 13:00:00,2089.935135,2013.3479,2006.965,2013.2415,2018.2368162685061,1914.6199452653811,2121.9838445431155,71.69831873149406,0
2024-08-27 14:00:00,2051.249061,2043.9119,2026.2269,2030.432,2043.5712783516788,1939.9544073485538,2147.318306626288,7.677782648321227,0
2024-08-27 15:00:00,2147.359443,2057.313,2057.2576,2049.0825,2069.5707650593254,1965.9538940562004,2173.317793333935,77.78867794067446,0
2024-08-27 16:00:00,2086.429815,2078.1318,2077.0166,2080.288,2087.0990398438403,1983.4821688407153,2190.8460681184497,-0.6692248438403112,0
2024-08-27 17:00:00,2057.441883,2113.4446,2107.846,2106.153,2121.5720105924943,2017.9551395893693,2225.3190388671037,-64.13012759249432,0
2024-08-27 18:00:00,2213.26723,2135.5408,2135.89,2131.216,2147.757617234601,2044.1407462314762,2251.5046455092106,65.50961276539874,1
2024-08-27 19:00:00,1981.473406,2168.5305,2161.0303,2156.3103,2176.8578940058915,2073.2410230027663,2280.604922280501,-195.3844880058914,1
2024-08-27 20:00:00,2113.942517,2180.979,2181.013,2182.3386,2191.8767787917623,2088.259907788637,2295.6238070663717,-77.93426179176231,1
2024-08-27 21:00:00,2214.497957,2212.4204,2198.7634,2196.8528,2217.122283916185,2113.50541291306,2320.8693121907945,-2.624326916185055,1
2024-08-27 22:00:00,2177.389439,2234.8237,2211.354,2212.233,2233.7912677138434,2130.174396710718,2337.538295988453,-56.401828713843315,0
2024-08-27 23:00:00,2120.466405,2240.7131,2218.7278,2221.335,2240.0788811627367,2136.4620101596115,2343.825909437346,-119.61247616273658,0
2024-08-28 00:00:00,2152.519774,2215.684,2213.236,2224.7332,2222.970763598953,2119.353892595828,2326.7177918735624,-70.45098959895313,0
2024-08-28 01:00:00,2142.983541,2200.5886,2194.5532,2196.0945,2208.367889310763,2104.751018307638,2312.1149175853725,-65.38434831076302,0
2024-08-28 02:00:00,2206.505746,2169.3674,2176.2114,2166.434,2186.5955502964734,2082.9786792933483,2290.342578571083,19.91019570352637,0
2024-08-28 03:00:00,2210.180258,2171.2725,2153.3716,2142.521,2175.6516145878763,2072.034743584751,2279.3986428624858,34.52864341212353,0
2024-08-28 04:00:00,2137.224859,2134.0505,2130.2693,2112.2285,2147.444223076019,2043.8273520728942,2251.1912513506286,-10.219364076019247,0
2024-08-28 05:00:00,2086.170747,2101.319,2101.5366,2089.7732,2114.9839324831128,2011.3670614799878,2218.730960757722,-28.813185483112647,0
2024-08-28 06:00:00,2077.191178,2065.9739,2074.004,2057.455,2084.7118866827223,1981.0950156795973,2188.4589149573317,-7.520708682722216,0
2024-08-28 07:00:00,2104.593909,2050.8257,2045.7545,2022.8136,2064.1039415745986,1960.4870705714736,2167.850969849208,40.489967425401574,0
2024-08-28 08:00:00,1899.775359,1999.1283,2021.9761,2002.2694,2025.9927867631454,1922.3759157600205,2129.739815037755,-126.21742776314545,0
2024-08-28 09:00:00,1897.007431,2010.8162,2004.3997,2000.7474,2018.1785430416733,1914.5616720385483,2121.9255713162825,-121.17111204167327,0
2024-08-28 10:00:00,2000.605901,1986.5922,1991.7174,1995.5798,1997.9853954712662,1894.3685244681412,2101.7324237458756,2.620505528733702,0
2024-08-28 11:00:00,2164.399148,1978.9052,1985.2969,1998.8687,1988.4526013173727,1884.8357303142477,2092.199629591982,175.9465466826273,0
2024-08-28 12:00:00,1967.431213,1988.7897,1985.477,2000.2487,1992.9616598840344,1889.3447888809094,2096.708688158644,-25.53044688403429,0
2024-08-28 13:00:00,1997.435127,2002.6761,1992.5468,2012.1267,2002.1249186194545,1898.5080476163296,2105.871946894064,-4.6897916194545815,0
2024-08-28 14:00:00,2173.756272,2037.6964,2009.9528,2030.63,2027.7991213947205,1924.1822503915955,2131.5461496693297,145.9571506052796,0
2024-08-28 15:00:00,1917.073748,2038.9226,2033.4576,2046.5962,2042.7688966471987,1939.1520256440738,2146.515924921808,-125.69514864719872,0
2024-08-28 16:00:00,2124.916257,2069.5156,2062.4246,2064.0044,2075.669107450451,1972.052236447326,2179.4161357250605,49.247149549548794,0
2024-08-28 17:00:00,2093.250355,2095.199,2084.6875,2104.1033,2095.2316066655217,1991.6147356623967,2198.978634940131,-1.9812516655215404,0
2024-08-28 18:00:00,2127.885049,2154.1663,2111.6787,2134.6184,2136.8078605968203,2033.1909895936953,2240.5548888714297,-8.922811596820338,1
2024-08-28 19:00:00,2023.587602,2138.1216,2143.8108,2160.69,2147.7417195383496,2044.1248485352246,2251.488747812959,-124.15411753834951,1
2024-08-28 20:00:00,2307.262204,2189.4402,2161.8484,2188.1965,2179.411039433442,2075.794168430317,2283.1580677080515,127.85116456655805,1
2024-08-28 21:00:00,2197.17052,2217.7375,2183.9067,2199.3323,2207.387426183572,2103.770555180447,2311.1344544581816,-10.216906183572064,1
2024-08-28 22:00:00,2220.320294,2206.089,2202.132,2210.5974,2213.2643895187716,2109.6475185156464,2317.011417793381,7.055904481228481,0
2024-08-28 23:00:00,2281.492151,2218.2107,2207.1963,2216.4668,2221.5335055892733,2117.916634586148,2325.2805338638827,59.958645410726604,0
2024-08-29 00:00:00,2228.844163,2219.0217,2204.0845,2201.5671,2223.2506096409734,2119.633738637848,2326.997637915583,5.593553359026828,0
2024-08-29 01:00:00,2064.621282,2207.3733,2195.8716,2196.881,2212.439925615808,2108.823054612683,2316.1869538904175,-147.818643615808,0
2024-08-29 02:00:00,2212.420899,2172.462,2182.682,2171.109,2191.9613390979907,2088.3444680948655,2295.7083673726,20.45955990200946,0
2024-08-29 03:00:00,2245.591859,2163.767,2165.094,2146.1052,2180.3515827217557,2076.7347117186305,2284.098610996365,65.24027627824444,0
2024-08-29 04:00:00,2226.969755,2151.934,2139.5505,2113.9426,2162.8195383321518,2059.2026673290266,2266.566566606761,64.15021666784833,0
2024-08-29 05:00:00,2075.615782,2122.004,2107.988,2092.8723,2129.1275757776716,2025.5107047745466,2232.874604052281,-53.511793777671755,0
2024-08-29 06:00:00,2041.708427,2071.9866,2078.0403,2060.9275,2089.8665454755915,1986.2496744724665,2193.613573750201,-48.158118475591436,0
2024-08-29 07:00:00,2071.23874,2031.0997,2056.549,2056.1125,2054.7279644754167,1951.1110934722917,2158.474992750026,16.510775524583096,0
2024-08-29 08:00:00,1947.321859,2018.9658,2032.1361,2022.553,2038.2918250492266,1934.6749540461017,2142.038853323836,-90.96996604922674,0
2024-08-29 09:00:00,1957.249711,1980.0199,2008.6606,2008.7843,2004.7891946032214,1901.1723236000964,2108.536222877831,-47.53948360322147,0
2024-08-29 10:00:00,2027.051844,1992.3512,1999.2783,2007.3484,2003.6829266310713,1900.0660556279463,2107.4299549056805,23.368917368928805,0
2024-08-29 11:00:00,2063.455914,1984.9226,1996.7881,1996.3198,2000.9759828738397,1897.3591118707147,2104.723011148449,62.47993112616041,0
2024-08-29 12:00:00,2006.613093,1982.6292,2003.6443,1994.5184,2005.7112669354592,1902.0943959323342,2109.4582952100686,0.9018260645407281,0
2024-08-29 13:00:00,2035.424169,2010.2582,2013.7064,2003.3094,2024.5589885436377,1920.9421175405128,2128.306016818247,10.865180456362168,0
2024-08-29 14:00:00,2077.587941,2027.9291,2037.2281,2030.4746,2044.5564320886124,1940.9395610854874,2148.303460363222,33.03150891138739,0
2024-08-29 15:00:00,2163.593281,2055.2761,2061.5125,2044.6117,2073.0648180674266,1969.4479470643016,2176.811846342036,90.52846293257335,0
2024-08-29 16:00:00,1999.074801,2096.8975,2088.2246,2084.8616,2103.6821809626313,2000.0653099595063,2207.4292092372407,-104.60737996263128,0
2024-08-29 17:00:00,2032.398158,2093.174,2119.4797,2117.7007,2118.096435156274,2014.4795641531489,2221.8434634308833,-85.69827715627389,0
2024-08-29 18:00:00,2031.952079,2164.2058,2148.3606,2157.552,2164.549258340293,2060.9323873371677,2268.2962866149023,-132.597179340293,1
2024-08-29 19:00:00,1965.076362,2129.902,2178.6106,2176.6536,2167.0578186486987,2063.4409476455735,2270.804846923308,-201.98145664869867,1
2024-08-29 20:00:00,2346.227948,2178.4753,2189.2192,2189.9685,2195.1841481468546,2091.5672771437294,2298.931176421464,151.04379985314563,1
2024-08-29 21:00:00,2219.982604,2204.7092,2212.7744,2185.6008,2227.270992647788,2123.6541216446626,2331.018020922397,-7.288388647787997,1
2024-08-29 22:00:00,2202.527997,2220.2307,2224.1191,2201.3296,2239.5912195928818,2135.9743485897566,2343.338247867491,-37.06322259288163,0
2024-08-29 23:00:00,2255.472314,2220.4177,2220.9495,2215.917,2233.505814995516,2129.888943992391,2337.2528432701256,21.96649900448392,0
2024-08-30 00:00:00,2189.96304,2198.4473,2200.743,2189.8098,2213.787475067532,2110.1706040644067,2317.5345033421413,-23.824435067531795,0
2024-08-30 01:00:00,2402.03363,2206.757,2194.0613,2176.8386,2215.797079697743,2112.1802086946177,2319.5441079723523,186.236550302257,0
2024-08-30 02:00:00,2161.637063,2219.9229,2178.8113,2159.855,2214.4229442037436,2110.8060732006184,2318.169972478353,-52.78588120374343,0
2024-08-30 03:00:00,2050.448493,2158.2703,2164.0454,2154.3835,2174.812398622795,2071.19552761967,2278.5594268974046,-124.3639056227953,0
2024-08-30 04:00:00,2135.063794,2181.1006,2133.3757,2124.1682,2169.311198772277,2065.6943277691516,2273.0582270468863,-34.247404772276695,0
2024-08-30 05:00:00,2028.676649,2070.296,2105.6487,2090.0686,2103.327924753929,1999.711053750804,2207.0749530285384,-74.65127575392899,0
2024-08-30 06:00:00,2010.500987,2061.7593,2076.6895,2080.7803,2078.905052906292,1975.288181903167,2182.6520811809014,-68.40406590629209,0
2024-08-30 07:00:00,2111.580958,2071.3633,2043.6504,2050.858,2065.160914593823,1961.5440435906978,2168.907942868432,46.42004340617723,0
2024-08-30 08:00:00,2061.143287,2057.818,2026.6932,2026.0134,2051.69067224643,1948.073801243305,2155.4377005210395,9.452614753569833,0
2024-08-30 09:00:00,2000.63785,2004.9303,2010.1362,2003.876,2019.074798072945,1915.45792706982,2122.821826347554,-18.436948072944915,0
2024-08-30 10:00:00,1807.930415,2023.5999,1998.629,1997.6626,2020.5362092393652,1916.9193382362403,2124.2832375139747,-212.6057942393652,0
2024-08-30 11:00:00,1905.393108,2005.7798,1999.0245,1996.3036,2012.6861963821657,1909.0693253790407,2116.433224656775,-107.2930883821657,0
2024-08-30 12:00:00,1968.276596,2011.7626,2008.4108,2003.238,2021.1441140019076,1917.5272429987826,2124.891142276517,-52.86751800190768,0
2024-08-30 13:00:00,1851.240693,2049.0737,2022.3805,2004.5421,2049.569016619126,1945.9521456160012,2153.3160448937356,-198.3283236191262,0
2024-08-30 14:00:00,2104.549912,2047.0724,2042.9702,2017.0726,2061.5827581297444,1957.9658871266195,2165.329786404354,42.967153870255515,0
2024-08-30 15:00:00,2126.886224,2063.4304,2071.8499,2040.1842,2086.1787768362806,1982.5619058331556,2189.92580511089,40.70744716371928,0
2024-08-30 16:00:00,2063.78832,2099.2273,2096.4055,2061.09,2117.2198459325505,2013.6029749294255,2220.96687420716,-53.43152593255036,0
2024-08-30 17:00:00,2193.48065,2082.1348,2125.2864,2099.034,2122.101941712655,2018.48507070953,2225.8489699872644,71.37870828734503,0
2024-08-30 18:00:00,2141.704003,2141.475,2142.5903,2112.4807,2160.5809436036907,2056.9640726005655,2264.3279718783,-18.876940603690855,1
2024-08-30 19:00:00,2126.021274,2167.9978,2165.7317,2141.4727,2184.0422401071546,2080.4253691040294,2287.789268381764,-58.020966107154436,1
2024-08-30 20:00:00,2145.886336,2198.051,2181.8054,2151.3782,2208.4768736857955,2104.8600026826703,2312.223901960405,-62.590537685795425,1
2024-08-30 21:00:00,2291.598234,2198.6047,2192.36,2157.0906,2215.569016152823,2111.952145149698,2319.3160444274326,76.02921784717682,1
2024-08-30 22:00:00,2148.175212,2190.1445,2179.4038,2151.0354,2202.9081416190656,2099.2912706159404,2306.655169893675,-54.732929619065544,0
2024-08-30 23:00:00,2131.873326,2191.5203,2146.6016,2142.2236,2180.0826928812207,2076.4658218780955,2283.82972115583,-48.20936688122083,0
2024-08-31 00:00:00,1992.271682,1937.3959,2104.4297,2128.7632,2029.1634111579829,1925.546540154858,2132.9104394325923,-36.89172915798281,0
2024-08-31 01:00:00,1903.688361,1931.2878,1989.2144,2029.2871,1961.105042123226,1857.488171120101,2064.852070397835,-57.416681123226,0
2024-08-31 02:00:00,1902.636793,1968.6068,1938.2488,1957.8314,1957.0421532034684,1853.4252822003434,2060.789181478078,-54.40536020346849,0
2024-08-31 03:00:00,1927.74394,1933.906,1904.8844,1904.2435,1927.887278057803,1824.2704070546781,2031.6343063324125,-0.143338057803021,0
2024-08-31 04:00:00,1934.098865,1926.4713,1878.7406,1870.6981,1912.3333789600747,1808.7165079569497,2016.0804072346841,21.765486039925236,0
2024-08-31 05:00:00,1942.886292,1827.8325,1851.9896,1858.2194,1847.451339813907,1743.834468810782,1951.1983680885164,95.43495218609291,0
2024-08-31 06:00:00,1829.304626,1810.1,1820.1509,1829.6971,1821.2487257928733,1717.6318547897483,1924.9957540674827,8.055900207126797,0
2024-08-31 07:00:00,1892.427255,1838.8804,1796.4958,1795.84,1825.0064320873885,1721.3895610842635,1928.753460361998,67.42082291261158,0
2024-08-31 08:00:00,1701.675259,1756.33,1780.3762,1798.5428,1772.2943884667825,1668.6775174636575,1876.041416741392,-70.6191294667824,0
2024-08-31 09:00:00,1745.905693,1785.8374,1767.522,1772.3398,1782.9286370639738,1679.3117660608489,1886.6756653385833,-37.02294406397391,0
2024-08-31 10:00:00,1703.895737,1758.6345,1756.5565,1772.0728,1761.4199282837214,1657.8030572805965,1865.1669565583309,-57.52419128372139,0
2024-08-31 11:00:00,1605.56854,1752.9443,1750.134,1755.1016,1757.9636904367226,1654.3468194335976,1861.710718711332,-152.3951504367226,0
2024-08-31 12:00:00,1824.610654,1770.1533,1754.7894,1761.4564,1768.2172886519354,1664.6004176488104,1871.9643169265448,56.39336534806466,0
2024-08-31 13:00:00,1820.817244,1788.2747,1768.0887,1765.1711,1786.3494264892158,1682.7325554860909,1890.0964547638252,34.46781751078424,0
2024-08-31 14:00:00,1814.416164,1820.0511,1782.4822,1791.0991,1806.2361410690019,1702.619270065877,1909.9831693436113,8.18002293099812,0
2024-08-31 15:00:00,1910.543601,1830.0835,1803.6451,1803.4985,1824.4748938827584,1720.8580228796334,1928.2219221573678,86.06870711724173,0
2024-08-31 16:00:00,1745.977766,1854.5425,1828.7992,1840.7474,1846.4401960022935,1742.8233249991686,1950.187224276903,-100.46243000229356,0
2024-08-31 17:00:00,1892.380672,1920.787,1854.004,1859.4514,1893.0768504481198,1789.4599794449948,1996.8238787227292,-0.696178448119781,0
2024-08-31 18:00:00,1922.131931,1895.1777,1880.1089,1903.7289,1890.1166228299041,1786.4997518267792,1993.8636511045136,32.01530817009575,1
2024-08-31 19:00:00,1871.363834,1894.8895,1903.473,1918.9982,1904.4296929855739,1800.812821982449,2008.1767212601833,-33.06585898557387,1
2024-08-31 20:00:00,2030.503511,1973.4321,1924.9972,1935.7572,1954.5420838617758,1850.9252128586509,2058.289112136385,75.96142713822405,1
2024-08-31 21:00:00,1891.7242,1960.8892,1952.7888,1970.5796,1961.5311237041267,1857.9142527010017,2065.278151978736,-69.80692370412658,1
2024-08-31 22:00:00,2126.792642,1968.5995,1972.2039,1983.9816,1977.038119518958,1873.421248515833,2080.7851477935674,149.75452248104193,0
2024-08-31 23:00:00,1904.496189,1983.8434,1974.9358,1993.6893,1983.9981331587137,1880.3812621555887,2087.745161433323,-79.50194415871374,0
2024-09-01 00:00:00,1851.087726,1976.5232,1972.3306,2007.4237,1974.9884819835108,1871.3716109803859,2078.73551025812,-123.90075598351086,0
2024-09-01 01:00:00,1973.562505,1967.0118,1947.1161,1998.1461,1953.0329596434424,1849.4160886403174,2056.7799879180516,20.52954535655772,0
2024-09-01 02:00:00,1979.512851,1976.4585,1930.808,1976.9144,1950.1293141915612,1846.5124431884362,2053.8763424661706,29.38353680843875,0
2024-09-01 03:00:00,1848.307892,1908.402,1904.1838,1961.4552,1900.6946470832104,1797.0777760800854,2004.4416753578198,-52.386755083210346,0
2024-09-01 04:00:00,1732.648334,1936.7972,1874.8604,1932.3438,1898.6249825903326,1795.0081115872076,2002.372010864942,-165.97664859033262,0
2024-09-01 05:00:00,1897.231261,1835.3328,1849.0874,1887.9514,1841.2343202140437,1737.6174492109187,1944.981348488653,55.99694078595621,0
2024-09-01 06:00:00,1852.718767,1803.4796,1823.0121,1855.593,1813.7812309398378,1710.1643599367128,1917.5282592144472,38.9375360601623,0
2024-09-01 07:00:00,1828.358149,1793.1193,1800.8127,1815.035,1801.696919762002,1698.080048758877,1905.4439480366113,26.661229237997986,0
2024-09-01 08:00:00,1741.08705,1809.3264,1782.5857,1795.0189,1800.2077974848112,1696.5909264816862,1903.9548257594206,-59.12074748481109,0
2024-09-01 09:00:00,1632.408455,1758.9324,1770.8448,1770.6122,1773.1310332590613,1669.5141622559363,1876.8780615336707,-140.72257825906127,0
2024-09-01 10:00:00,1584.407987,1702.6512,1762.4573,1766.0052,1740.8645160176707,1637.2476450145457,1844.61154429228,-156.45652901767062,0
2024-09-01 11:00:00,1737.117868,1706.5,1754.3855,1755.1996,1739.1078515026713,1635.4909804995464,1842.8548797772808,-1.9899835026712935,0
2024-09-01 12:00:00,1619.450818,1754.5948,1755.2112,1763.2565,1760.667940720199,1657.0510697170741,1864.4149689948085,-141.2171227201991,0
2024-09-01 13:00:00,1849.765038,1714.1682,1770.041,1775.9469,1749.7898032502478,1646.1729322471228,1853.5368315248572,99.97523474975219,0
2024-09-01 14:00:00,1906.720507,1812.9933,1783.4586,1790.6132,1803.7563890106605,1700.1395180075356,1907.50341728527,102.96411798933946,0
2024-09-01 15:00:00,1880.276526,1809.8578,1810.662,1815.6141,1817.25815619977,1713.641285196645,1921.0051844743793,63.018369800230175,0
2024-09-01 16:00:00,1729.801607,1781.283,1832.307,1862.2018,1808.8026215024186,1705.1857504992936,1912.549649777028,-79.00101450241846,0
2024-09-01 17:00:00,1840.053272,1812.942,1852.3358,1888.1245,1833.0517486347935,1729.4348776316685,1936.798776909403,7.0015233652065945,0
2024-09-01 18:00:00,1867.342917,1825.1542,1883.9398,1912.1971,1857.5616325998778,1753.9447615967529,1961.3086608744873,9.781284400122104,1
2024-09-01 19:00:00,1949.881014,1876.0676,1911.4291,1944.4248,1895.2517248595766,1791.6348538564516,1998.998753134186,54.62928914042345,1
2024-09-01 20:00:00,1963.795356,1954.0458,1944.9227,1986.6658,1948.0304943177314,1844.4136233146064,2051.7775225923406,15.764861682268702,1
2024-09-01 21:00:00,1901.298006,1936.6025,1978.8298,2016.0972,1958.8383077797869,1855.221436776662,2062.585336054396,-57.54030177978689,1
2024-09-01 22:00:00,2045.530187,1962.0049,2007.706,2061.06,1982.2198815947559,1878.603010591631,2085.9669098693653,63.31030540524421,0
2024-09-01 23:00:00,1895.866381,1974.3408,2031.9207,2054.3486,2008.784338286232,1905.167467283107,2112.5313665608414,-112.91795728623197,0
2024-09-02 00:00:00,2455.13576,2234.3196,2048.4692,2068.8213,2142.1572281375124,2038.5403571343875,2245.904256412122,312.97853186248767,0
2024-09-02 01:00:00,2356.927662,2243.046,2132.4116,2147.043,2192.3294174428584,2088.712546439733,2296.076445717468,164.5982445571417,0
2024-09-02 02:00:00,2210.012938,2221.2695,2163.0566,2196.2163,2193.5184164579496,2089.9015454548244,2297.265444732559,16.49452154205028,0
2024-09-02 03:00:00,2176.802953,2166.3293,2155.493,2179.1445,2165.690798131114,2062.073927127989,2269.4378264057236,11.112154868885682,0
2024-09-02 04:00:00,2078.096802,2143.6821,2126.4624,2152.588,2138.8467949108676,2035.2299239077427,2242.593823185477,-60.749992910867604,0
2024-09-02 05:00:00,2057.821495,2135.1104,2094.6543,2107.4204,2121.250520157744,2017.6336491546192,2224.9975484323536,-63.429025157744036,0
2024-09-02 06:00:00,2070.922008,2089.069,2066.9473,2071.8245,2086.566841279008,1982.9499702758828,2190.313869553617,-15.644833279007798,0
2024-09-02 07:00:00,1865.973271,2061.514,2038.9199,2048.087,2057.453899887405,1953.83702888428,2161.2009281620144,-191.48062888740492,0
2024-09-02 08:00:00,2119.036946,2069.5298,2016.886,2034.0686,2047.5546788860524,1943.9378078829275,2151.301707160662,71.48226711394773,0
2024-09-02 09:00:00,2086.751472,2079.324,1996.8184,2002.1605,2044.570904669336,1940.954033666211,2148.3179329439454,42.18056733066396,0
2024-09-02 10:00:00,1977.89002,2052.4473,1988.8287,2012.7345,2022.8078890642907,1919.1910180611658,2126.5549173389,-44.9178690642907,0
2024-09-02 11:00:00,2011.546689,2034.165,1990.7369,1994.6503,2020.1540085377378,1916.5371375346128,2123.9010368123472,-8.607319537737794,0
2024-09-02 12:00:00,2139.62144,2029.5347,1999.8936,2006.5161,2022.1198067089044,1918.5029357057795,2125.866834983514,117.50163329109546,0
2024-09-02 13:00:00,2058.433406,2060.9292,2016.9932,2014.5552,2048.470782113836,1944.853911110711,2152.2178103884453,9.962623886164238,0
2024-09-02 14:00:00,2117.636563,2099.4958,2039.8036,2028.1133,2081.32441930929,1977.707548306165,2185.0714475838995,36.312143690709945,0
2024-09-02 15:00:00,2257.511635,2125.048,2064.915,2042.8904,2109.46275030791,2005.845879304785,2213.2097785825194,148.0488846920898,0
2024-09-02 16:00:00,1935.708788,2170.2188,2097.8467,2101.0508,2142.117978189329,2038.5011071862039,2245.8650064639382,-206.4091901893289,0
2024-09-02 17:00:00,2261.971874,2165.8901,2127.803,2133.6484,2155.286449642142,2051.669578639017,2259.0334779167515,106.68542435785776,0
2024-09-02 18:00:00,2363.733784,2182.271,2153.0771,2165.8179,2174.7759453896074,2071.159074386482,2278.522973664217,188.95783861039263,1
2024-09-02 19:00:00,2223.336038,2197.3826,2180.6614,2187.8489,2198.035131064076,2094.4182600609506,2301.7821593386852,25.300906935924104,1
2024-09-02 20:00:00,2304.682274,2230.7869,2203.9978,2215.8188,2225.1917793738917,2121.5749083707665,2328.938807648501,79.4904946261081,1
2024-09-02 21:00:00,2283.461264,2245.3867,2226.5667,2244.6243,2242.561882276283,2138.945011273158,2346.3089105508925,40.89938172371694,1
2024-09-02 22:00:00,2418.488842,2257.7236,2230.8237,2262.7246,2247.2070348363627,2143.5901638332375,2350.954063110972,171.2818071636375,0
2024-09-02 23:00:00,2273.511296,2286.8164,2242.8538,2258.7617,2271.522106140273,2167.905235137148,2375.2691344148825,1.9891898597270483,0
2024-09-03 00:00:00,2169.454518,2227.3062,2236.3022,2247.1624,2240.9226599310855,2137.3057889279603,2344.669688205695,-71.46814193108548,0
2024-09-03 01:00:00,2334.400494,2181.3105,2205.7954,2215.1338,2203.1637788305557,2099.5469078274305,2306.910807105165,131.23671516944432,0
2024-09-03 02:00:00,2319.046733,2195.8408,2181.4487,2179.5854,2200.0069534657173,2096.390082462592,2303.7539817403267,119.03977953428284,0
2024-09-03 03:00:00,2134.783633,2165.3687,2160.4712,2155.5186,2175.111108193533,2071.4942371904076,2278.858136468142,-40.32747519353279,0
2024-09-03 04:00:00,2354.252642,2137.0261,2130.809,2130.6213,2144.634437851125,2041.017566848,2248.3814661257343,209.61820414887507,0
2024-09-03 05:00:00,2109.504245,2123.8423,2101.1238,2099.0457,2123.062835783079,2019.4459647799542,2226.8098640576886,-13.558590783079126,0
2024-09-03 06:00:00,2100.960053,2087.73,2079.271,2078.242,2093.9639691774505,1990.3470981743255,2197.71099745206,6.996083822549281,0
2024-09-03 07:00:00,2111.292198,2087.367,2057.1494,2053.483,2082.714691246805,1979.0978202436802,2186.4617195214146,28.57750675319494,0
2024-09-03 08:00:00,2030.647693,2055.2456,2036.4095,2044.7959,2053.3274833606242,1949.7106123574993,2157.0745116352336,-22.679790360624338,0
2024-09-03 09:00:00,1962.54766,2032.5282,2025.4856,2007.9987,2043.2328590749798,1939.6159880718549,2146.9798873495893,-80.68519907497989,0
2024-09-03 10:00:00,1965.601008,2032.4825,2018.2062,2003.1521,2038.7313526113946,1935.1144816082697,2142.478380886004,-73.13034461139455,0
2024-09-03 11:00:00,2071.100845,2061.7307,2019.6489,2004.2006,2053.554324793822,1949.9374537906972,2157.3013530684316,17.546520206177775,0
2024-09-03 12:00:00,2135.16371,2034.2494,2024.8362,2002.3379,2044.977203986929,1941.360332983804,2148.7242322615384,90.18650601307081,0
2024-09-03 13:00:00,2043.556671,2069.993,2036.546,2014.3346,2068.1777583357484,1964.5608873326235,2171.924786610358,-24.62108733574837,0
2024-09-03 14:00:00,2084.801153,2065.244,2060.5576,2043.1089,2077.453228582332,1973.836357579207,2181.2002568569415,7.347924417667855,0
2024-09-03 15:00:00,2066.587711,2120.8188,2085.0513,2066.946,2117.1423434913636,2013.5254724882386,2220.889371765973,-50.55463249136346,0
2024-09-03 16:00:00,2019.087132,2088.7693,2106.7712,2099.1274,2110.7317634592832,2007.1148924561583,2214.4787917338926,-91.64463145928312,0
2024-09-03 17:00:00,2131.697872,2139.1277,2131.7795,2133.1604,2145.755668796119,2042.1387977929942,2249.5026970707286,-14.057796796118964,0
2024-09-03 18:00:00,2188.924974,2197.9019,2161.2383,2156.5737,2190.970418193485,2087.3535471903597,2294.7174464680943,-2.0454441934848546,1
2024-09-03 19:00:00,2236.564811,2198.3667,2189.2583,2180.055,2207.2148496253485,2103.5979786222233,2310.961877899958,29.349961374651684,1
2024-09-03 20:00:00,2225.481328,2209.3674,2202.7524,2219.4167,2213.0840337500017,2109.4671627468765,2316.831062024611,12.39729424999814,1
2024-09-03 21:00:00,2182.96025,2219.3474,2216.5242,2227.6655,2226.5543839640923,2122.937512960967,2330.3014122387017,-43.59413396409218,1
2024-09-03 22:00:00,2324.869488,2245.3027,2222.2224,2249.7344,2237.8239926583788,2134.2071216552536,2341.571020932988,87.04549534162106,0
2024-09-03 23:00:00,2352.522319,2233.388,2229.8489,2243.484,2239.697175444057,2136.0803044409317,2343.4442037186664,112.82514355594321,0
2024-09-04 00:00:00,2213.784584,2236.5994,2222.2375,2249.7417,2233.6807208530327,2130.0638498499075,2337.427749127642,-19.896136853032658,0
2024-09-04 01:00:00,2142.453913,2206.782,2205.8093,2232.0647,2211.0467323998505,2107.4298613967253,2314.79376067446,-68.59281939985067,0
2024-09-04 02:00:00,2283.919325,2190.2349,2190.4243,2202.3508,2198.608036953996,2094.9911659508707,2302.3550652286053,85.31128804600394,0
2024-09-04 03:00:00,2085.310909,2171.4194,2164.3699,2165.7014,2178.4784647379297,2074.8615937348045,2282.225493012539,-93.16755573792989,0
2024-09-04 04:00:00,2140.059478,2135.9512,2137.0605,2140.0166,2146.6447648134526,2043.0278938103277,2250.391793088062,-6.585286813452512,0
2024-09-04 05:00:00,1978.57323,2120.6921,2108.7903,2102.3284,2126.738304918339,2023.121433915214,2230.4853331929485,-148.1650749183391,0
2024-09-04 06:00:00,2014.763667,2110.2812,2076.2305,2078.6848,2102.2302661578037,1998.6133951546788,2205.977294432413,-87.46659915780378,0
2024-09-04 07:00:00,1951.580866,2072.9502,2051.8704,2049.6313,2072.6714632078742,1969.0545922047493,2176.4184914824837,-121.09059720787423,0
2024-09-04 08:00:00,1966.722865,2039.4164,2028.4053,2025.2966,2044.432547466732,1940.8156764636071,2148.1795757413415,-77.70968246673215,0
2024-09-04 09:00:00,1972.961922,2039.1342,2016.6229,2013.8499,2037.9583226102357,1934.3414516071107,2141.705350884845,-64.9964006102357,0
2024-09-04 10:00:00,2148.174034,2033.8236,2008.3854,2009.411,2030.090245900334,1926.473374897209,2133.837274174943,118.08378809966621,0
2024-09-04 11:00:00,2046.049394,2005.9606,2003.4891,2009.7712,2012.8649889136648,1909.2481179105398,2116.612017188274,33.18440508633512,0
2024-09-04 12:00:00,2029.890503,1990.7374,2010.7599,2024.3978,2007.5993054326675,1903.9824344295425,2111.3463337072767,22.291197567332574,0
2024-09-04 13:00:00,2051.617523,2024.0607,2025.0806,2031.3009,2032.9798581371288,1929.3629871340038,2136.726886411738,18.637664862871134,0
2024-09-04 14:00:00,2035.176274,2054.0698,2044.3949,2045.4524,2058.8594045356376,1955.2425335325127,2162.606432810247,-23.6831305356377,0
2024-09-04 15:00:00,2106.22409,2049.6377,2068.1548,2073.3325,2068.315001239013,1964.698130235888,2172.0620295136223,37.90908876098729,0
2024-09-04 16:00:00,2161.916685,2106.695,2098.1821,2105.7996,2110.865845551664,2007.2489745485389,2214.6128738262732,51.05083944833632,0
2024-09-04 17:00:00,2114.394289,2108.62,2122.012,2123.8186,2125.9045065036585,2022.2876355005335,2229.651534778268,-11.510217503658623,0
2024-09-04 18:00:00,2198.552485,2189.8613,2147.8567,2172.7935,2172.541559403679,2068.924688400554,2276.2885876782884,26.010925596321158,1
2024-09-04 19:00:00,2215.010351,2189.89,2176.8994,2188.0105,2191.4700061355707,2087.8531351324455,2295.21703441018,23.540344864429244,1
2024-09-04 20:00:00,2254.341185,2218.0393,2196.2788,2202.026,2216.5475059572573,2112.930634954132,2320.2945342318667,37.79367904274295,1
2024-09-04 21:00:00,2146.887411,2215.0654,2216.5803,2215.7043,2227.5808490202157,2123.9639780170905,2331.327877294825,-80.69343802021558,1
2024-09-04 22:00:00,2181.633927,2237.6746,2226.5283,2236.1655,2240.99138024235,2137.3745092392246,2344.738408516959,-59.35745324234995,0
2024-09-04 23:00:00,2125.813743,2237.577,2230.427,2233.858,2244.584405184322,2140.9675341811967,2348.3314334589313,-118.77066218432174,0
2024-09-05 00:00:00,2201.268089,2260.8357,2216.2654,2211.4055,2250.2632276416048,2146.6463566384796,2354.010255916214,-48.995138641604626,0
2024-09-05 01:00:00,2141.292411,2216.4255,2200.9578,2197.224,2220.6595748649825,2117.0427038618573,2324.406603139592,-79.36716386498256,0
2024-09-05 02:00:00,2178.086316,2184.834,2183.5967,2181.3086,2196.002147481185,2092.38527647806,2299.7491757557946,-17.91583148118525,0
2024-09-05 03:00:00,2236.834009,2194.4814,2166.3008,2152.6875,2194.289379372752,2090.672508369627,2298.0364076473616,42.544629627248014,0
2024-09-05 04:00:00,1977.3541,2150.6406,2136.777,2123.115,2157.7080766978556,2054.0912056947304,2261.455104972465,-180.35397669785561,0
2024-09-05 05:00:00,2215.399629,2102.7976,2113.0593,2105.444,2120.7569375791018,2017.1400665759768,2224.503965853711,94.64269142089825,0
2024-09-05 06:00:00,1888.628957,2089.321,2077.1423,2071.7322,2094.701524013312,1991.084653010187,2198.4485522879213,-206.07256701331198,0
2024-09-05 07:00:00,2172.302664,2079.366,2052.3677,2051.0088,2075.7744483398283,1972.1575773367033,2179.5214766144377,96.52821566017155,0
2024-09-05 08:00:00,2128.75663,2045.6514,2030.1974,2021.5663,2049.756273340027,1946.1394023369019,2153.5033016146363,79.00035665997302,0
2024-09-05 09:00:00,2110.478461,2005.8562,2014.5679,2019.5297,2019.0303263016197,1915.4134552984947,2122.777354576229,91.4481346983805,0
2024-09-05 10:00:00,2088.376675,2016.7344,2006.1147,2014.9489,2018.7545142146375,1915.1376432115126,2122.5015424892467,69.62216078536244,0
2024-09-05 11:00:00,2050.220525,2003.4391,2009.3846,2014.3744,2015.1182834692922,1911.5014124661673,2118.8653117439017,35.10224153070794,0
2024-09-05 12:00:00,2027.018253,2037.629,2015.6959,2019.3859,2035.1130168611544,1931.4961458580294,2138.860045135764,-8.094763861154433,0
2024-09-05 13:00:00,1988.919113,2049.8752,2033.9753,2037.9463,2050.5894977466273,1946.9726267435024,2154.3365260212368,-61.670384746627406,0
2024-09-05 14:00:00,2159.288843,2072.7634,2055.103,2058.8445,2072.7855117515574,1969.1686407484324,2176.5325400261668,86.50333124844246,0
2024-09-05 15:00:00,1966.024201,2098.5664,2075.9524,2088.273,2093.996413441749,1990.3795424386242,2197.7434417163586,-127.9722124417492,0
2024-09-05 16:00:00,2144.764973,2107.192,2104.1055,2121.2937,2111.8262013988174,2008.2093303956924,2215.573229673427,32.93877160118245,0
2024-09-05 17:00:00,2282.251132,2097.2876,2129.362,2143.7722,2121.2100552007832,2017.5931841976583,2224.9570834753927,161.04107679921663,0
2024-09-05 18:00:00,2157.2545,2157.036,2155.5012,2177.2117,2161.7513863621457,2058.1345153590205,2265.498414636755,-4.496886362145688,1
2024-09-05 19:00:00,2252.513075,2158.592,2180.147,2207.7507,2174.0863406619897,2070.4694696588645,2277.833368936599,78.42673433801019,1
2024-09-05 20:00:00,2210.279124,2203.4495,2201.7346,2222.7048,2208.6303745962136,2105.0135035930884,2312.377402870823,1.6487494037864963,1
2024-09-05 21:00:00,2110.945979,2211.4043,2220.637,2234.1733,2224.341301082471,2120.724430079346,2328.0883293570805,-113.39532208247101,1
2024-09-05 22:00:00,2170.768699,2232.5757,2225.312,2234.2058,2238.1005589411675,2134.4836879380423,2341.847587215777,-67.3318599411673,0
2024-09-05 23:00:00,2271.623571,2228.0513,2219.6433,2238.5437,2230.4008852145676,2126.7840142114424,2334.147913489177,41.22268578543253,0
2024-09-06 00:00:00,2213.689229,2257.0205,2205.4258,2212.0276,2239.788938684861,2136.172067681736,2343.5359669594704,-26.099709684860954,0
2024-09-06 01:00:00,2151.747499,2244.039,2203.4204,2196.6128,2235.9217836711728,2132.3049126680476,2339.668811945782,-84.1742846711727,0
2024-09-06 02:00:00,2200.053881,2205.01,2187.7908,2176.403,2210.1585983205555,2106.5417273174303,2313.905626595165,-10.104717320555665,0
2024-09-06 03:00:00,2301.893787,2178.8174,2165.6455,2156.467,2185.3446936716073,2081.727822668482,2289.0917219462167,116.5490933283927,0
2024-09-06 04:00:00,2025.291918,2150.5657,2139.9463,2128.288,2158.8477427038147,2055.2308717006895,2262.594770978424,-133.55582470381478,0
2024-09-06 05:00:00,2104.553649,2101.4404,2108.3018,2110.5652,2115.0847190307713,2011.4678480276464,2218.8317473053808,-10.531070030771389,0
2024-09-06 06:00:00,2125.280435,2110.4976,2077.4536,2069.1226,2105.7111881220153,2002.0943171188903,2209.4582163966247,19.569246877984824,0
2024-09-06 07:00:00,1848.104969,2086.2107,2049.1167,2047.8939,2077.2805687674345,1973.6636977643095,2181.027597042044,-229.1755997674345,0
2024-09-06 08:00:00,1918.79919,2051.3762,2031.9225,2040.995,2048.925464814754,1945.308593811629,2152.6724930893633,-130.12627481475397,0
2024-09-06 09:00:00,2021.313237,2042.238,2014.3007,2010.4099,2038.4894733961587,1934.8726023930337,2142.236501670768,-17.17623639615863,0
2024-09-06 10:00:00,2030.034715,1974.1193,2005.0557,2004.4713,2000.2387903358608,1896.6219193327358,2103.9858186104702,29.795924664139193,0
2024-09-06 11:00:00,1952.147975,1991.4867,2005.2637,2012.5955,2006.6344681051187,1903.0175971019937,2110.381496379728,-54.4864931051186,0
2024-09-06 12:00:00,2003.618277,2020.8417,2009.5625,2015.7653,2023.210427885685,1919.59355688256,2126.9574561602944,-19.592150885684987,0
2024-09-06 13:00:00,2030.109488,2016.6598,2026.5671,2029.1782,2031.1503107738813,1927.5334397707563,2134.8973390484907,-1.0408227738812457,0
2024-09-06 14:00:00,2041.48907,2030.5266,2042.7542,2034.2838,2049.1637613314183,1945.5468903282933,2152.9107896060277,-7.674691331418217,0
2024-09-06 15:00:00,2090.011265,2050.9863,2070.7317,2072.536,2071.179929375003,1967.5630583718782,2174.9269576496126,18.831335624996882,0
2024-09-06 16:00:00,2257.5864,2100.3623,2088.6184,2097.688,2102.3995758132096,1998.7827048100846,2206.146604087819,155.18682418679055,0
2024-09-06 17:00:00,2284.01741,2118.593,2131.2332,2117.0847,2139.5948525172125,2035.9779815140876,2243.341880791822,144.4225574827874,0
2024-09-06 18:00:00,2159.029844,2154.0342,2158.491,2145.0557,2170.7969177720993,2067.180046768974,2274.5439460467087,-11.767073772099138,1
2024-09-06 19:00:00,2150.267962,2191.0486,2183.5376,2174.1404,2200.734819701173,2097.1179486980477,2304.4818479757823,-50.46685770117301,1
2024-09-06 20:00:00,2270.76588,2215.5042,2194.4624,2184.919,2218.2415393713136,2114.6246683681884,2321.988567645923,52.52434062868633,1
2024-09-06 21:00:00,2287.257241,2217.3855,2203.175,2183.8425,2226.2407796156954,2122.62390861257,2329.987807890305,61.01646138430442,1
2024-09-06 22:00:00,2394.524437,2216.4038,2197.7695,2185.4475,2221.129344151023,2117.5124731478977,2324.8763724256323,173.39509284897713,0
2024-09-06 23:00:00,2310.431953,2237.1233,2171.2705,2178.4668,2212.012204187749,2108.3953331846237,2315.7592324623583,98.41974881225087,0
2024-09-07 00:00:00,2138.39487,1994.3466,2132.8782,2153.6475,2072.3440207123717,1968.7271497092468,2176.091048986981,66.05084928762835,0
2024-09-07 01:00:00,1853.809712,1961.6218,2018.5742,2075.8208,1986.82173713677,1883.204866133645,2090.5687654113794,-133.01202513677003,0
2024-09-07 02:00:00,1971.995826,2000.7517,1966.1112,1994.6228,1984.9138229722034,1881.2969519690785,2088.660851246813,-12.917996972203355,0
2024-09-07 03:00:00,1959.109684,1945.2605,1926.5836,1937.2507,1941.964119433192,1838.347248430067,2045.7111477078015,17.145564566807934,0
2024-09-07 04:00:00,1948.55313,1924.1427,1897.3861,1894.3569,1919.851895444818,1816.235024441693,2023.5989237194274,28.701234555182054,0
2024-09-07 05:00:00,1881.064562,1914.5564,1859.9991,1867.1187,1892.8630951423215,1789.2462241391966,1996.610123416931,-11.798533142321503,0
2024-09-07 06:00:00,1871.018873,1842.6907,1835.2987,1845.7584,1844.6112822886334,1740.9944112855085,1948.3583105632429,26.407590711366538,0
2024-09-07 07:00:00,1810.250337,1831.9983,1813.1029,1812.3367,1830.5660403146192,1726.9491693114942,1934.3130685892286,-20.315703314619213,0
2024-09-07 08:00:00,1790.70742,1789.3878,1797.5466,1802.9214,1800.4206126981585,1696.8037416950335,1904.167640972768,-9.713192698158537,0
2024-09-07 09:00:00,1813.38234,1790.4381,1788.9014,1798.9492,1795.150324420727,1691.533453417602,1898.8973526953364,18.23201557927314,0
2024-09-07 10:00:00,1755.159597,1781.735,1782.0054,1802.5775,1784.6740805350262,1681.0572095319012,1888.4211088096356,-29.514483535026102,0
2024-09-07 11:00:00,1813.721969,1773.7468,1782.2913,1795.5343,1782.8679117531622,1679.2510407500372,1886.6149400277716,30.854057246837783,0
2024-09-07 12:00:00,1703.398255,1793.9485,1789.187,1806.8903,1795.0405319917304,1691.4236609886054,1898.7875602663398,-91.64227699173034,0
2024-09-07 13:00:00,1893.217597,1819.696,1799.567,1825.2935,1810.8079596254402,1707.1910886223152,1914.5549879000496,82.4096373745599,0
2024-09-07 14:00:00,1807.239995,1822.4313,1818.1409,1835.9153,1823.9847766176122,1720.3679056144872,1927.7318048922216,-16.74478161761226,0
2024-09-07 15:00:00,1755.534447,1838.382,1841.2302,1868.7074,1841.3989681173352,1737.7820971142103,1945.1459963919447,-85.86452111733524,0
2024-09-07 16:00:00,1878.655157,1820.0624,1858.411,1897.3745,1838.871496149601,1735.254625146476,1942.6185244242104,39.783660850398974,0
2024-09-07 17:00:00,1841.184284,1900.5868,1877.7897,1920.5507,1886.6245790989342,1783.0077080958092,1990.3716073735436,-45.44029509893426,0
2024-09-07 18:00:00,1826.296764,1922.2009,1910.9438,1953.4747,1914.597024004328,1810.980153001203,2018.3440522789374,-88.30026000432804,1
2024-09-07 19:00:00,1994.115711,1884.5205,1931.4424,1974.2644,1907.4237634308724,1803.8068924277475,2011.1707917054819,86.69194756912748,1
2024-09-07 20:00:00,1848.025703,1966.2484,1952.9362,1990.0361,1959.28212860419,1855.665257601065,2063.0291568787993,-111.25642560418987,1
2024-09-07 21:00:00,2072.80202,1925.5148,1973.3262,2002.8529,1952.5837090941786,1848.9668380910537,2056.330737368788,120.21831090582145,1
2024-09-07 22:00:00,1872.658442,2005.3647,1982.398,2012.013,1995.4818682777236,1891.8649972745986,2099.228896552333,-122.82342627772368,0
2024-09-07 23:00:00,1773.535109,1975.4689,1986.6503,2026.9985,1980.7575697460215,1877.1406987428966,2084.504598020631,-207.22246074602162,0
2024-09-08 00:00:00,1990.565296,1979.4169,1979.4685,2015.6083,1979.8937617308493,1876.2768907277243,2083.6407900054587,10.671534269150698,0
2024-09-08 01:00:00,1959.558616,2020.8344,1959.8153,1998.1729,1988.6644281279803,1885.0475571248553,2092.4114564025895,-29.105812127980244,0
2024-09-08 02:00:00,1879.432083,1997.4014,1934.1288,1985.0142,1960.6772535184064,1857.0603825152814,2064.424281793016,-81.24517051840644,0
2024-09-08 03:00:00,1901.70276,1935.1733,1907.7074,1966.4889,1914.958511845125,1811.341640842,2018.7055401197345,-13.255751845125133,0
2024-09-08 04:00:00,1755.667844,1849.045,1883.3004,1934.8331,1862.7350285673083,1759.1181575641833,1966.4820568419177,-107.06718456730823,0
2024-09-08 05:00:00,1804.2481,1844.7051,1853.1335,1900.7296,1845.6457641459624,1742.0288931428374,1949.3927924205718,-41.39766414596238,0
2024-09-08 06:00:00,1819.156628,1831.9624,1824.7104,1846.1124,1831.1028610019662,1727.4859899988412,1934.8498892765756,-11.94623300196622,0
2024-09-08 07:00:00,1823.780457,1809.2856,1801.6942,1816.4752,1809.7381725171615,1706.1213015140365,1913.485200791771,14.042284482838568,0
2024-09-08 08:00:00,1718.120335,1766.338,1778.3726,1798.8411,1775.424322168829,1671.807451165704,1879.1713504434383,-57.303987168828826,0
2024-09-08 09:00:00,1804.335309,1736.2809,1760.1005,1785.8754,1750.0388381609025,1646.4219671577775,1853.785866435512,54.29647083909754,0
2024-09-08 10:00:00,1761.44264,1762.3851,1749.7723,1767.2709,1759.1068914308416,1655.4900204277167,1862.853919705451,2.3357485691583406,0
2024-09-08 11:00:00,1767.479777,1780.5383,1748.8109,1772.2216,1765.7637077699076,1662.1468367667826,1869.510736044517,1.7160692300924438,0
2024-09-08 12:00:00,1789.116208,1722.356,1754.1284,1774.6162,1741.5610326200112,1637.9441616168863,1845.3080608946207,47.55517537998867,0
2024-09-08 13:00:00,1770.364212,1798.492,1757.937,1790.2852,1776.9149040520967,1673.2980330489718,1880.6619323267062,-6.550692052096792,0
2024-09-08 14:00:00,1691.212313,1813.3566,1773.8014,1808.335,1791.877114847883,1688.260243844758,1895.6241431224923,-100.66480184788293,0
2024-09-08 15:00:00,1934.336606,1772.4457,1791.1143,1827.4729,1781.0831090491895,1677.4662380460645,1884.830137323799,153.2534969508106,0
2024-09-08 16:00:00,1793.612925,1804.0205,1814.3265,1866.214,1804.5446402229375,1700.9277692198125,1908.2916684975469,-10.931715222937555,0
2024-09-08 17:00:00,1768.334896,1857.0154,1844.4878,1891.3522,1847.115793063992,1743.498922060867,1950.8628213386014,-78.78089706399192,0
2024-09-08 18:00:00,1803.503716,1898.056,1875.0283,1957.7021,1873.854237440994,1770.237366437869,1977.6012657156034,-70.35052144099404,1
2024-09-08 19:00:00,2033.422448,1913.0007,1911.0151,1971.7063,1905.6504742841248,1802.0336032809998,2009.3975025587342,127.77197371587522,1
2024-09-08 20:00:00,1960.61735,1970.7694,1941.2147,2025.4716,1943.2879318361422,1839.6710608330172,2047.0349601107516,17.32941816385778,1
2024-09-08 21:00:00,2039.988189,2020.7883,1975.4213,2050.94,1987.5261970302813,1883.9093260271563,2091.2732253048907,52.46199196971861,1
2024-09-08 22:00:00,1964.618586,1955.62,2021.6575,2077.8904,1985.8508114081435,1882.2339404050185,2089.5978396827527,-21.23222540814345,0
2024-09-08 23:00:00,2010.970362,2010.913,2052.9722,2105.4617,2029.8072118442058,1926.1903408410808,2133.554240118815,-18.836849844205744,0
2024-09-09 00:00:00,2293.586996,2260.8708,2075.0024,2111.8635,2164.7364384037924,2061.119567400667,2268.483466678402,128.85055759620764,0
2024-09-09 01:00:00,2294.271085,2256.1013,2166.9846,2182.8257,2216.6065573955316,2112.9896863924064,2320.353585670141,77.66452760446828,0
2024-09-09 02:00:00,2134.207906,2210.5276,2186.0977,2212.9194,2202.226933713932,2098.6100627108067,2305.9739619885413,-68.01902771393179,0
2024-09-09 03:00:00,2141.84625,2165.5188,2173.7546,2206.3696,2172.730754139965,2069.11388313684,2276.4777824145744,-30.884504139964974,0
2024-09-09 04:00:00,2173.450241,2116.3816,2146.7373,2158.34,2140.255613228362,2036.6387422252371,2244.0026415029715,33.1946277716379,0
2024-09-09 05:00:00,2100.771003,2133.037,2108.8145,2117.3,2128.860920695933,2025.2440496928082,2232.6079489705426,-28.08991769593331,0
2024-09-09 06:00:00,2122.627489,2061.3442,2076.3354,2082.9746,2077.8744158137065,1974.2575448105815,2181.621444088316,44.75307318629348,0
2024-09-09 07:00:00,2119.911331,2045.1047,2049.9592,2064.67,2054.0811885962344,1950.4643175931094,2157.828216870844,65.83014240376542,0
2024-09-09 08:00:00,2106.570987,2037.2009,2025.1726,2030.306,2039.574261146458,1935.957390143333,2143.3212894210674,66.9967258535421,0
2024-09-09 09:00:00,2102.534108,2047.9769,2008.6979,2022.3647,2033.8122938351976,1930.1954228320726,2137.559322109807,68.72181416480225,0
2024-09-09 10:00:00,2121.362741,2032.4873,2004.6888,2012.7861,2025.7013297777874,1922.0844587746624,2129.4483580523965,95.66141122221256,0
2024-09-09 11:00:00,2201.873504,2048.8962,2002.9735,2016.3217,2031.2928442134835,1927.6759732103585,2135.039872488093,170.58065978651666,0
2024-09-09 12:00:00,1962.232373,2079.2825,2010.9374,2017.7855,2051.665205066545,1948.0483340634198,2155.412233341154,-89.43283206654473,0
2024-09-09 13:00:00,1961.130061,2044.995,2028.0099,2037.081,2043.8036564523318,1940.1867854492068,2147.550684726941,-82.67359545233171,0
2024-09-09 14:00:00,2144.579349,2112.9,2048.0957,2050.7998,2088.4813869321547,1984.8645159290297,2192.228415206764,56.0979620678454,0
2024-09-09 15:00:00,1974.509569,2093.9277,2073.3877,2066.753,2095.21649715026,1991.5996261471348,2198.963525424869,-120.70692815025973,0
2024-09-09 16:00:00,2106.551156,2100.4258,2099.047,2087.686,2113.134308563069,2009.5174375599443,2216.8813368376786,-6.583152563069234,0
2024-09-09 17:00:00,2165.327548,2130.481,2130.5618,2131.389,2141.12303266715,2037.5061616640248,2244.870060941759,24.204515332850406,0
2024-09-09 18:00:00,1985.216544,2175.444,2158.9026,2160.4624,2177.4389957975604,2073.8221247944352,2281.18602407217,-192.22245179756032,1
2024-09-09 19:00:00,2195.868066,2196.6318,2183.928,2194.4067,2198.5783596476363,2094.961488644511,2302.3253879222457,-2.710293647636263,1
2024-09-09 20:00:00,2172.45119,2204.046,2206.2837,2204.6248,2217.0543866888725,2113.4375156857473,2320.801414963482,-44.60319668887223,1
2024-09-09 21:00:00,2109.652374,2251.957,2212.0488,2237.2341,2236.187384533906,2132.5705135307808,2339.9344128085154,-126.53501053390619,1
2024-09-09 22:00:00,2179.21567,2253.6853,2229.8745,2246.4006,2248.665401061217,2145.0485300580917,2352.4124293358263,-69.44973106121688,0
2024-09-09 23:00:00,2063.098207,2275.7324,2230.6677,2252.9731,2258.1454594191414,2154.528588416016,2361.892487693751,-195.0472524191414,0
2024-09-10 00:00:00,2243.238243,2214.9314,2230.436,2249.5938,2229.804246275754,2126.1873752726287,2333.5512745503634,13.433996724245844,0
2024-09-10 01:00:00,2047.748693,2219.0208,2200.0732,2225.8164,2213.9716988687665,2110.3548278656413,2317.718727143376,-166.22300586876645,0
2024-09-10 02:00:00,2120.845246,2179.193,2184.4463,2184.9204,2193.0625583166548,2089.4456873135296,2296.809586591264,-72.2173123166549,0
2024-09-10 03:00:00,2186.287434,2210.4546,2157.5286,2159.3606,2193.347886338343,2089.7310153352178,2297.0949146129524,-7.0604523383431115,0
2024-09-10 04:00:00,2150.465588,2116.3293,2130.4163,2130.4668,2134.489043003454,2030.8721720003289,2238.2360712780633,15.976544996546181,0
2024-09-10 05:00:00,2152.484204,2138.6833,2102.5122,2097.6824,2131.5782013661,2027.961330362975,2235.3252296407095,20.90600263389979,0
2024-09-10 06:00:00,2060.99967,2105.2808,2073.4255,2071.869,2099.3696786649616,1995.7528076618366,2203.116706939571,-38.37000866496146,0
2024-09-10 07:00:00,2020.247687,2063.1658,2048.5586,2045.5458,2066.4399952693966,1962.8231242662716,2170.187023544006,-46.19230826939656,0
2024-09-10 08:00:00,2129.141803,2000.7217,2033.5138,2027.2975,2029.4652822306539,1925.848411227529,2133.2123105052633,99.6765207693461,0
2024-09-10 09:00:00,2069.794039,1988.7445,2020.5032,2021.0127,2015.141603835547,1911.524732832422,2118.8886321101563,54.65243516445298,0
2024-09-10 10:00:00,2015.033027,1971.2347,2013.2983,2018.9755,2001.6539351583583,1898.0370641552333,2105.4009634329677,13.379091841641639,0
2024-09-10 11:00:00,2089.478977,1992.2938,2010.0,2016.9308,2009.6353529498867,1906.0184819467618,2113.382381224496,79.84362405011348,0
2024-09-10 12:00:00,1957.633215,2031.5051,2015.2506,2016.806,2032.4942439185388,1928.8773729154138,2136.2412721931482,-74.86102891853875,0
2024-09-10 13:00:00,2070.897825,2005.8094,2033.4424,2030.4084,2031.0502298083015,1927.4333588051766,2134.797258082911,39.847595191698474,0
2024-09-10 14:00:00,2128.083786,2011.6554,2049.4543,2053.8545,2040.4592777247533,1936.8424067216283,2144.2063059993625,87.62450827524685,0
2024-09-10 15:00:00,2105.701565,2107.4626,2069.2637,2068.3809,2098.0310994820206,1994.4142284788957,2201.77812775663,7.67046551797921,0
2024-09-10 16:00:00,2049.851567,2103.595,2105.1013,2094.5134,2117.664932736971,2014.048061733846,2221.4119610115804,-67.81336573697081,0
2024-09-10 17:00:00,2261.314992,2171.5007,2131.4692,2115.2087,2165.5022461333915,2061.8853751302663,2269.249274408001,95.81274586660857,0
2024-09-10 18:00:00,2269.617107,2153.6853,2157.1604,2145.989,2169.351396629745,2065.73452562662,2273.0984249043545,100.26571037025496,1
2024-09-10 19:00:00,2155.318163,2174.536,2178.7986,2186.8813,2185.917263138885,2082.30039213576,2289.6642914134945,-30.599100138885206,1
2024-09-10 20:00:00,2321.900389,2198.7847,2200.4314,2211.593,2208.193789165316,2104.576918162191,2311.9408174399255,113.70659983468386,1
2024-09-10 21:00:00,2304.46791,2246.7085,2214.81,2227.9438,2238.1972428462063,2134.580371843081,2341.9442711208158,66.27066715379351,1
2024-09-10 22:00:00,2107.918852,2206.19,2228.2266,2245.967,2224.818409903493,2121.2015389003677,2328.5654381781023,-116.89955790349313,0
2024-09-10 23:00:00,2275.535668,2221.5168,2229.9238,2251.5337,2232.054622472271,2128.437751469146,2335.8016507468806,43.48104552772884,0
2024-09-11 00:00:00,2298.225072,2249.8386,2223.6267,2230.9744,2245.8349912735116,2142.2181202703864,2349.582019548121,52.39008072648858,0
2024-09-11 01:00:00,2287.49289,2246.8816,2207.9116,2216.543,2235.7567986395034,2132.139927636378,2339.503826914113,51.73609136049663,0
2024-09-11 02:00:00,2327.934821,2213.382,2193.0923,2194.519,2213.7264070312995,2110.1095360281743,2317.473435305909,114.20841396870037,0
2024-09-11 03:00:00,2367.674443,2173.0176,2171.66,2168.582,2184.226476455158,2080.6096054520326,2287.9735047297672,183.44796654484207,0
2024-09-11 04:00:00,2179.056364,2135.7605,2143.1497,2135.6118,2152.440827750217,2048.823956747092,2256.1878560248265,26.615536249782963,0
2024-09-11 05:00:00,2138.104127,2099.3052,2117.6062,2108.9707,2121.762138830985,2018.14526782786,2225.5091671055943,16.341988169015167,0
2024-09-11 06:00:00,1996.246475,2092.5002,2088.8748,2082.8508,2102.602068575043,1998.9851975719182,2206.3490968496526,-106.35559357504326,0
2024-09-11 07:00:00,2008.223994,2054.9893,2063.9155,2057.961,2071.43453482279,1967.8176638196649,2175.1815630973992,-63.21054082278988,0
2024-09-11 08:00:00,2126.494808,2087.4285,2038.4634,2038.0782,2071.994483899805,1968.37761289668,2175.7415121744143,54.50032410019503,0
2024-09-11 09:00:00,1926.321032,2036.1294,2024.7302,2020.9343,2041.086941087547,1937.470070084422,2144.8339693621565,-114.76590908754702,0
2024-09-11 10:00:00,1948.947869,2036.9363,2017.5554,2025.4259,2034.7119919084548,1931.0951209053298,2138.4590201830642,-85.76412290845474,0
2024-09-11 11:00:00,2014.616302,2036.4569,2016.842,2028.603,2033.1203534396643,1929.5034824365393,2136.8673817142735,-18.50405143966441,0
2024-09-11 12:00:00,2100.065761,2029.0186,2023.8743,2026.1278,2035.7089025740443,1932.0920315709193,2139.4559308486537,64.35685842595558,0
2024-09-11 13:00:00,2036.280492,2046.8606,2033.9717,2039.9879,2048.631552679776,1945.0146816766512,2152.3785809543856,-12.351060679776083,0
2024-09-11 14:00:00,2103.530256,2047.8688,2054.799,2057.3132,2061.054796549219,1957.4379255460942,2164.8018248238286,42.47545945078082,0
2024-09-11 15:00:00,2105.673094,2106.249,2078.3223,2081.918,2101.127770442373,1997.5108994392479,2204.8747987169822,4.545323557627398,0
2024-09-11 16:00:00,2107.760234,2087.493,2106.2163,2099.7253,2109.5364575510694,2005.9195865479444,2213.283485825679,-1.7762235510695064,0
2024-09-11 17:00:00,2019.196308,2125.3206,2134.2056,2140.843,2139.124939983443,2035.5080689803178,2242.871968258052,-119.92863198344276,0
2024-09-11 18:00:00,2141.50434,2181.8647,2167.1663,2171.4363,2184.204122414119,2080.5872514109938,2287.9511506887284,-42.699782414119,1
2024-09-11 19:00:00,2193.122423,2190.5037,2187.7874,2179.4902,2202.4524693381477,2098.8355983350225,2306.199497612757,-9.330046338147895,1
2024-09-11 20:00:00,2177.862922,2211.4734,2205.8582,2213.5925,2217.996684756637,2114.379813753512,2321.7437130312464,-40.133762756637225,1
2024-09-11 21:00:00,2144.899519,2209.5544,2226.1,2220.8657,2231.1071010858445,2127.4902300827193,2334.854129360454,-86.20758208584448,1
2024-09-11 22:00:00,2321.20049,2217.6829,2226.052,2235.1414,2231.336996449058,2127.720125445933,2335.0840247236674,89.86349355094217,0
2024-09-11 23:00:00,2174.978869,2206.7761,2227.1648,2230.1055,2228.2784196562884,2124.661548653163,2332.025447930898,-53.299550656288375,0
2024-09-12 00:00:00,2238.148817,2214.382,2215.3313,2228.783,2222.9672325320175,2119.3503615288923,2326.714260806627,15.181584467982248,0
2024-09-12 01:00:00,2123.281011,2203.428,2207.735,2203.6653,2218.139881176104,2114.523010172979,2321.8869094507136,-94.85887017610412,0
2024-09-12 02:00:00,2120.521316,2185.5688,2188.7478,2191.9204,2197.7059023209285,2094.0890313178033,2301.452930595538,-77.1845863209287,0
2024-09-12 03:00:00,1992.930873,2160.9883,2166.6614,2150.2344,2179.209515711141,2075.592644708016,2282.9565439857506,-186.27864271114117,0
2024-09-12 04:00:00,2131.092239,2098.8027,2144.8428,2132.0173,2137.0408293991636,2033.4239583960386,2240.787857673773,-5.94859039916355,0
2024-09-12 05:00:00,2108.842305,2099.5159,2115.2126,2101.3328,2121.9187418535525,2018.3018708504276,2225.665770128162,-13.076436853552423,0
2024-09-12 06:00:00,2105.230078,2040.8739,2087.7598,2075.6426,2078.915291936976,1975.2984209338508,2182.662320211585,26.314786063024258,0
2024-09-12 07:00:00,2099.985183,2053.3242,2056.278,2056.6938,2064.9741169832896,1961.3572459801646,2168.721145257899,35.011066016710174,0
2024-09-12 08:00:00,1999.100083,2044.1364,2035.3446,2034.8341,2049.7114231226064,1946.0945521194815,2153.458451397216,-50.61134012260641,0
2024-09-12 09:00:00,2084.031639,2024.0471,2026.2367,2018.266,2037.1770428303707,1933.5601718272458,2140.92407110498,46.854596169629076,0
2024-09-12 10:00:00,2063.530001,2029.7056,2015.0093,2025.056,2029.3593142747445,1925.7424432716195,2133.106342549354,34.170686725255564,0
2024-09-12 11:00:00,1999.003747,2055.9597,2012.7347,2030.0044,2038.8532820471498,1935.2364110440249,2142.600310321759,-39.84953504714986,0
2024-09-12 12:00:00,2034.950468,2006.8141,2019.5309,2038.6998,2018.5280499312641,1914.9111789281392,2122.2750782058733,16.42241806873585,0
2024-09-12 13:00:00,2095.650166,2022.4738,2031.3406,2063.664,2028.9423620469001,1925.3254910437752,2132.6893903215096,66.70780395309976,0
2024-09-12 14:00:00,2051.955034,2068.5667,2053.8132,2060.2556,2069.414849020855,1965.79797801773,2173.1618772954644,-17.459815020854876,0
2024-09-12 15:00:00,2115.463697,2055.6003,2083.1016,2089.9875,2078.6627537237114,1975.0458827205864,2182.409781998321,36.80094327628876,0
2024-09-12 16:00:00,2149.880916,2105.2148,2108.639,2132.4458,2111.6149967979136,2007.9981257947886,2215.362025072523,38.26591920208648,0
2024-09-12 17:00:00,2139.685892,2157.7249,2137.452,2143.8086,2156.382745220109,2052.765874216984,2260.1297734947184,-16.696853220109006,0
2024-09-12 18:00:00,2297.791555,2174.8696,2169.9526,2198.198,2176.280106391068,2072.6632353879427,2280.0271346656773,121.51144860893191,1
2024-09-12 19:00:00,2224.799231,2184.7336,2198.6597,2210.1516,2200.464498843162,2096.8476278400367,2304.2115271177713,24.334732156838072,1
2024-09-12 20:00:00,2141.656076,2219.6536,2220.0652,2230.0105,2228.882792548891,2125.2659215457657,2332.6298208235003,-87.22671654889064,1
2024-09-12 21:00:00,2322.338561,2229.2017,2241.069,2252.9656,2244.095509065019,2140.478638061894,2347.8425373396285,78.24305193498094,1
2024-09-12 22:00:00,2252.586472,2250.9307,2246.846,2260.6792,2257.0413745615333,2153.424503558408,2360.7884028361427,-4.454902561533345,0
2024-09-12 23:00:00,2224.995989,2224.9197,2239.148,2232.002,2245.8494857030505,2142.2326146999253,2349.59651397766,-20.853496703050496,0
2024-09-13 00:00:00,2183.212775,2234.0366,2213.088,2223.7676,2231.856776239305,2128.2399052361798,2335.6038045139144,-48.644001239305,0
2024-09-13 01:00:00,2125.031797,2207.3347,2208.3694,2199.572,2221.536828570685,2117.91995756756,2325.2838568452944,-96.50503157068488,0
2024-09-13 02:00:00,2264.44217,2192.4258,2190.8896,2189.57,2203.2514500228467,2099.6345790197215,2306.998478297456,61.190719977153094,0
2024-09-13 03:00:00,2357.195394,2190.3972,2170.9084,2161.44,2193.7378388674647,2090.1209678643395,2297.484867142074,163.45755513253516,0
2024-09-13 04:00:00,2100.071665,2131.4304,2144.8464,2148.2927,2148.496564499795,2044.8796934966701,2252.2435927744045,-48.424899499795174,0
2024-09-13 05:00:00,2166.463585,2120.7524,2111.3638,2117.2832,2125.0010948299737,2021.3842238268487,2228.748123104583,41.462490170026285,0
2024-09-13 06:00:00,2149.460606,2077.5647,2083.6768,2088.3843,2090.000665264743,1986.383794261618,2193.7476935393524,59.45994073525708,0
2024-09-13 07:00:00,2025.183588,2053.5935,2055.5505,2056.1199,2064.677560712358,1961.0606897092332,2168.4245889869676,-39.49397271235807,0
2024-09-13 08:00:00,2176.401,2028.4325,2034.0728,2039.8705,2039.9465183154807,1936.3296473123557,2143.69354659009,136.45448168451912,0
2024-09-13 09:00:00,1909.287095,2017.4934,2016.755,2025.243,2024.8526508871116,1921.2357798839867,2128.599679161721,-115.56555588711171,0
2024-09-13 10:00:00,2034.040115,2034.6489,2010.9043,2026.8195,2028.0546415952194,1924.4377705920945,2131.801669869829,5.985473404780578,0
2024-09-13 11:00:00,2117.853683,2026.0594,2008.8729,2028.3217,2021.9834642322303,1918.3665932291053,2125.7304925068397,95.87021876776953,0
2024-09-13 12:00:00,2049.011511,2031.0145,2016.7191,2034.5488,2028.9227602743613,1925.3058892712363,2132.6697885489707,20.088750725638874,0
2024-09-13 13:00:00,2015.821875,2029.5448,2037.5289,2045.135,2041.8545649386197,1938.2376939354947,2145.601593213229,-26.03268993861957,0
2024-09-13 14:00:00,2034.347263,2050.7056,2059.0032,2063.2336,2064.206094896102,1960.589223892977,2167.9531231707115,-29.858831896101947,0
2024-09-13 15:00:00,2062.345071,2072.775,2083.8657,2086.8953,2088.239747183505,1984.6228761803802,2191.9867754581146,-25.894676183505,0
2024-09-13 16:00:00,2032.368754,2140.7764,2109.7156,2109.3438,2135.2731573840365,2031.6562863809115,2239.020185658646,-102.90440338403641,0
2024-09-13 17:00:00,2223.698818,2145.006,2136.9348,2133.371,2152.5483839944395,2048.9315129913143,2256.295412269049,71.15043400556033,0
2024-09-13 18:00:00,2201.499455,2162.3896,2159.2468,2158.855,2171.8858139201143,2068.268942916989,2275.6328421947237,29.613641079885838,1
2024-09-13 19:00:00,2188.887517,2195.5776,2186.4067,2187.8977,2201.6647905265118,2098.0479195233866,2305.411818801121,-12.777273526511635,1
2024-09-13 20:00:00,2152.77592,2219.7417,2195.4941,2194.8706,2218.554931986579,2114.938060983454,2322.3019602611885,-65.77901198657901,1
2024-09-13 21:00:00,2391.133671,2232.3538,2200.5469,2207.9775,2225.2182229056407,2121.6013519025155,2328.96525118025,165.91544809435936,1
2024-09-13 22:00:00,2256.894861,2235.0352,2194.6306,2205.5884,2222.4648983298634,2118.8480273267382,2326.211926604473,34.429962670136774,0
2024-09-13 23:00:00,2150.33329,2275.6145,2176.6511,2189.9197,2231.700558872895,2128.0836878697696,2335.4475871475042,-81.36726887289478,0
2024-09-14 00:00:00,1941.361108,2018.6864,2134.6084,2173.45,2080.3058252149203,1976.6889542117954,2184.0528534895298,-138.94471721492027,0
2024-09-14 01:00:00,2008.753968,2012.3922,2020.4443,2078.3738,2011.869580463106,1908.2527094599811,2115.6166087377155,-3.1156124631061175,0
2024-09-14 02:00:00,1802.709835,2004.9564,1961.6842,2001.0692,1981.8195989554583,1878.2027279523334,2085.5666272300678,-179.10976395545822,0
2024-09-14 03:00:00,1961.21514,1920.9224,1928.251,1934.5702,1932.334870671871,1828.717999668746,2036.0818989464804,28.88026932812909,0
2024-09-14 04:00:00,1917.183111,1922.1102,1890.9653,1909.0974,1910.120342951351,1806.503471948226,2013.8673712259604,7.0627680486491045,0
2024-09-14 05:00:00,1842.151204,1868.2228,1863.862,1867.5792,1873.6638235427206,1770.0469525395956,1977.41085181733,-31.512619542720586,0
2024-09-14 06:00:00,1751.902891,1858.235,1841.2117,1849.7517,1855.6536088653559,1752.036737862231,1959.4006371399653,-103.75071786535591,0
2024-09-14 07:00:00,1674.768023,1807.4517,1819.7416,1826.4312,1820.4903205130167,1716.8734495098918,1924.2373487876262,-145.72229751301666,0
2024-09-14 08:00:00,1891.807414,1841.1632,1799.2275,1809.5356,1824.772356974314,1721.1554859711891,1928.5193852489235,67.035057025686,0
2024-09-14 09:00:00,1903.256191,1794.0172,1789.2251,1777.2432,1802.6030338656365,1698.9861628625115,1906.3500621402459,100.65315713436348,0
2024-09-14 10:00:00,1760.936826,1821.7258,1784.0839,1788.3815,1808.9782265851036,1705.3613555819786,1912.725254859713,-48.041400585103474,0
2024-09-14 11:00:00,1807.607804,1771.5869,1787.5559,1790.6963,1787.1876091112838,1683.5707381081588,1890.9346373858932,20.420194888716196,0
2024-09-14 12:00:00,1797.264043,1789.967,1792.3108,1798.5247,1797.7053061781785,1694.0884351750535,1901.452334452788,-0.4412631781785876,0
2024-09-14 13:00:00,1778.738788,1806.1223,1804.2661,1807.5999,1812.4897357358932,1708.8728647327682,1916.2367640105026,-33.75094773589308,0
2024-09-14 14:00:00,1666.480406,1836.1737,1819.4746,1832.8324,1832.3680148801132,1728.7511438769882,1936.1150431547226,-165.88760888011325,0
2024-09-14 15:00:00,1867.553854,1823.3439,1835.4843,1848.6277,1834.7985045092075,1731.1816335060826,1938.545532783817,32.75534949079247,0
2024-09-14 16:00:00,1892.681397,1801.494,1857.2592,1886.9374,1831.7480423408567,1728.1311713377318,1935.4950706154661,60.93335465914333,0
2024-09-14 17:00:00,1937.964442,1844.8575,1873.4224,1910.631,1859.1165563709123,1755.4996853677874,1962.8635846455218,78.84788562908761,0
2024-09-14 18:00:00,1872.869472,1877.1324,1893.6273,1940.4347,1882.8158596397018,1779.1989886365768,1986.5628879143112,-9.946387639701697,1
2024-09-14 19:00:00,1956.117407,1932.875,1920.6218,1952.3187,1927.5689695191884,1823.9520985160634,2031.3159977937978,28.54843748081157,1
2024-09-14 20:00:00,1970.477693,1932.8605,1944.4253,1985.3988,1937.8513859773636,1834.2345149742387,2041.598414251973,32.62630702263641,1
2024-09-14 21:00:00,2092.671986,1946.2637,1958.717,1994.521,1953.1419636359565,1849.5250926328315,2056.888991910566,139.53002236404336,1
2024-09-14 22:00:00,2004.550876,1975.5061,1976.6655,2000.2346,1979.7195840748896,1876.1027130717646,2083.466612349499,24.831291925110463,0
2024-09-14 23:00:00,1977.979722,1983.2551,1974.519,2018.0381,1977.231231664949,1873.614360661824,2080.9782599395585,0.748490335050974,0
2024-09-15 00:00:00,2069.365191,1993.9556,1966.8215,2009.1068,1978.5634116640463,1874.9465406609213,2082.3104399386557,90.8017793359536,0
2024-09-15 01:00:00,1950.967502,1927.0089,1950.0552,1997.9441,1936.2982210257956,1832.6813500226706,2040.045249300405,14.669280974204412,0
2024-09-15 02:00:00,2086.854392,1978.3314,1931.1248,1987.6835,1948.547119518029,1844.930248514904,2052.2941477926383,138.30727248197127,0
2024-09-15 03:00:00,1829.460308,1927.5492,1908.7301,1977.4556,1909.3476056442985,1805.7307346411735,2013.094633918908,-79.88729764429854,0
2024-09-15 04:00:00,1894.723413,1858.8126,1887.0021,1943.9469,1867.992075488154,1764.375204485029,1971.7391037627633,26.73133751184605,0
2024-09-15 05:00:00,2024.898518,1888.9037,1855.5143,1905.3958,1867.4231950596688,1763.8063240565439,1971.1702233342783,157.47532294033113,0
2024-09-15 06:00:00,1888.643037,1871.188,1828.9902,1846.3652,1853.112102173122,1749.495231169997,1956.8591304477313,35.53093482687814,0
2024-09-15 07:00:00,1825.56536,1853.2277,1805.4581,1832.2828,1829.658850229177,1726.041979226052,1933.4058785037864,-4.09349022917695,0
2024-09-15 08:00:00,1790.442932,1816.1786,1784.3516,1798.5635,1803.9651374724617,1700.3482664693367,1907.7121657470711,-13.522205472461792,0
2024-09-15 09:00:00,1715.640408,1826.5325,1774.5658,1778.4766,1806.3171726742462,1702.7003016711212,1910.0642009488556,-90.67676467424621,0
2024-09-15 10:00:00,1900.405627,1770.8467,1766.5674,1782.1598,1772.5426145899983,1668.9257435868733,1876.2896428646077,127.86301241000183,0
2024-09-15 11:00:00,1780.52486,1782.9849,1761.5483,1771.8556,1777.007639409054,1673.390768405929,1880.7546676836635,3.5172205909459535,0
2024-09-15 12:00:00,1687.420449,1775.9739,1768.5161,1777.726,1777.6384212777386,1674.0215502746137,1881.385449552348,-90.21797227773868,0
2024-09-15 13:00:00,1725.180029,1801.6039,1775.4463,1807.2692,1787.8276049197523,1684.2107339166273,1891.5746331943617,-62.64757591975217,0
2024-09-15 14:00:00,1772.811651,1783.2765,1789.0197,1810.9803,1788.7819589025594,1685.1650878994344,1892.5289871771688,-15.970307902559398,0
2024-09-15 15:00:00,1647.480577,1816.4409,1800.6698,1842.2659,1805.8254569183068,1702.2085859151819,1909.5724851929162,-158.3448799183068,0
2024-09-15 16:00:00,1918.414928,1866.2991,1820.3759,1870.2698,1837.9798092805406,1734.3629382774157,1941.72683755515,80.4351187194593,0
2024-09-15 17:00:00,1921.863564,1900.1375,1848.677,1898.2646,1869.2287546828152,1765.6118836796902,1972.9757829574246,52.63480931718482,0
2024-09-15 18:00:00,2126.698711,1909.2668,1886.6986,1939.981,1892.8344426384815,1789.2175716353565,1996.581470913091,233.8642683615185,1
2024-09-15 19:00:00,1857.632665,1956.9307,1920.7891,1997.1602,1927.8359358450625,1824.2190648419376,2031.582964119672,-70.20327084506243,1
2024-09-15 20:00:00,2003.910036,1974.1818,1962.936,2026.0466,1961.796456248228,1858.179585245103,2065.5434845228374,42.11357975177202,1
2024-09-15 21:00:00,2067.917192,1980.2028,1994.0292,2062.6802,1979.773920446535,1876.15704944341,2083.520948721144,88.14327155346496,1
2024-09-15 22:00:00,2064.141253,1997.8992,2031.2058,2087.1611,2011.1655614205279,1907.548690417403,2114.9125896951373,52.97569157947191,0
2024-09-15 23:00:00,2038.131251,2013.5575,2058.9888,2116.1775,2033.074337964705,1929.45746696158,2136.821366239314,5.056913035295111,0
2024-09-16 00:00:00,2305.72258,2191.287,2080.895,2109.6333,2136.7136979688617,2033.0968269657367,2240.460726243471,169.00888203113846,0
2024-09-16 01:00:00,2112.890477,2259.8018,2160.2925,2183.2622,2213.0165586514413,2109.399687648316,2316.7635869260507,-100.12608165144138,0
2024-09-16 02:00:00,2125.590955,2189.9355,2192.145,2211.0112,2197.623094863353,2094.0062238602277,2301.3701231379623,-72.03213986335277,0
2024-09-16 03:00:00,2300.777058,2171.6172,2172.3499,2200.947,2175.9115928012056,2072.2947217980804,2279.658621075815,124.86546519879448,0
2024-09-16 04:00:00,2139.124345,2148.0918,2145.249,2161.568,2153.4047106602106,2049.7878396570854,2257.15173893482,-14.280365660210464,0
2024-09-16 05:00:00,2003.182333,2116.7024,2112.1567,2128.1958,2120.9293701175147,2017.3124991143898,2224.676398392124,-117.74703711751476,0
2024-09-16 06:00:00,2074.312255,2082.0374,2079.0613,2090.32,2088.027629356943,1984.4107583538182,2191.7746576315526,-13.715374356943357,0
2024-09-16 07:00:00,2068.530787,2105.2961,2045.8966,2068.444,2078.6656526157158,1975.0487816125908,2182.412680890325,-10.134865615715626,0
2024-09-16 08:00:00,2103.615022,2084.7502,2020.5167,2037.507,2056.79398717109,1953.177116167965,2160.5410154456995,46.82103482890989,0
2024-09-16 09:00:00,2184.533739,2067.8086,2013.15,2040.6654,2042.136196426789,1938.519325423664,2145.8832247013984,142.397542573211,0
2024-09-16 10:00:00,1976.283489,2058.5156,2008.9116,2042.7367,2033.8554300151502,1930.2385590120252,2137.6024582897594,-57.57194101515029,0
2024-09-16 11:00:00,2018.326537,2045.6301,2008.4429,2035.1427,2029.260061371795,1925.64319036867,2133.0070896464044,-10.933524371795102,0
2024-09-16 12:00:00,1947.80431,2018.7971,2016.9141,2041.5885,2021.4645337234147,1917.8476627202897,2125.211561998024,-73.66022372341467,0
2024-09-16 13:00:00,2099.239224,2043.0107,2031.1626,2049.7212,2042.1303345317424,1938.5134635286174,2145.877362806352,57.10888946825753,0
2024-09-16 14:00:00,2005.792377,2078.2395,2050.1514,2065.957,2069.718235681333,1966.1013646782083,2173.4652639559426,-63.92585868133324,0
2024-09-16 15:00:00,2027.591082,2058.938,2074.753,2079.5796,2076.3445733504777,1972.7277023473528,2180.091601625087,-48.753491350477816,0
2024-09-16 16:00:00,2038.952818,2126.646,2101.1924,2107.5068,2122.3141179813338,2018.6972469782088,2226.061146255943,-83.36129998133379,0
2024-09-16 17:00:00,2077.335744,2178.6672,2131.28,2122.1213,2167.025139032269,2063.408268029144,2270.7721673068786,-89.6893950322692,0
2024-09-16 18:00:00,2197.599729,2134.3538,2159.253,2151.065,2160.482410327161,2056.8655393240356,2264.22943860177,37.11731867283925,1
2024-09-16 19:00:00,2209.732607,2160.7927,2185.2148,2181.8738,2185.654934433394,2082.0380634302687,2289.4019627080033,24.077672566605997,1
2024-09-16 20:00:00,2219.273281,2211.339,2201.451,2210.8894,2215.1619443099803,2111.545073306855,2318.9089725845897,4.111336690019925,1
2024-09-16 21:00:00,2165.810309,2221.632,2217.436,2218.0935,2230.78081881413,2127.1639478110046,2334.5278470887392,-64.97050981412985,1
2024-09-16 22:00:00,2300.215949,2223.0413,2231.9968,2244.1497,2236.2748833762867,2132.6580123731615,2340.021911650896,63.94106562371326,0
2024-09-16 23:00:00,2354.560323,2240.6528,2234.7551,2245.7112,2246.446190745873,2142.829319742748,2350.1932190204825,108.11413225412707,0
2024-09-17 00:00:00,2347.806997,2200.1436,2231.3594,2236.7395,2226.722911369383,2123.1060403662577,2330.4699396439923,121.08408563061721,0
2024-09-17 01:00:00,2368.700495,2193.1643,2210.7866,2216.9895,2212.2632139642824,2108.646342961157,2316.010242238892,156.43728103571766,0
2024-09-17 02:00:00,2193.091985,2200.1562,2190.8916,2184.8955,2208.124520267593,2104.507649264468,2311.8715485422026,-15.032535267593175,0
2024-09-17 03:00:00,2185.870174,2184.5315,2172.9883,2160.1746,2192.8890131676785,2089.2721421645533,2296.636041442288,-7.0188391676783795,0
2024-09-17 04:00:00,2065.835902,2134.8992,2144.9202,2127.0251,2155.5897367609873,2051.972865757862,2259.3367650355967,-89.7538347609875,0
2024-09-17 05:00:00,2068.344001,2141.592,2115.1558,2099.742,2142.35550755248,2038.738636549355,2246.1025358270895,-74.01150655248011,0
2024-09-17 06:00:00,2046.895417,2066.509,2087.5845,2068.0266,2092.9377020154207,1989.3208310122957,2196.68473029003,-46.0422850154207,0
2024-09-17 07:00:00,2089.886757,2024.671,2063.2764,2052.2395,2057.9129176040014,1954.2960466008765,2161.659945878611,31.973839395998766,0
2024-09-17 08:00:00,2108.841222,2037.1659,2042.5035,2021.9847,2055.246928284185,1951.6300572810599,2158.9939565587943,53.59429371581518,0
2024-09-17 09:00:00,1956.149281,2034.2549,2021.5496,1997.7694,2043.559397167508,1939.942526164383,2147.3064254421174,-87.41011616750802,0
2024-09-17 10:00:00,2246.205723,2051.697,2013.6931,2000.6736,2044.9901421177506,1941.3732711146256,2148.73717039236,201.21558088224947,0
2024-09-17 11:00:00,2015.248417,2059.567,2015.9834,1994.8444,2052.015473029618,1948.398602026493,2155.7625013042275,-36.76705602961806,0
2024-09-17 12:00:00,2090.801633,2005.3206,2027.7655,2020.9403,2028.7624376688589,1925.145566665734,2132.509465943468,62.03919533114117,0
2024-09-17 13:00:00,2071.047782,2052.9055,2035.5947,2033.1698,2054.5131766821946,1950.8963056790697,2158.260204956804,16.53460531780547,0
2024-09-17 14:00:00,1963.349441,2056.8706,2059.089,2045.0624,2071.8122381746657,1968.1953671715407,2175.559266449275,-108.46279717466564,0
2024-09-17 15:00:00,2046.688146,2073.5137,2080.5454,2070.1084,2090.2363507798373,1986.6194797767123,2193.9833790544467,-43.548204779837306,0
2024-09-17 16:00:00,2070.768517,2112.7075,2102.3667,2095.4373,2119.6363260519515,2016.0194550488266,2223.383354326561,-48.867809051951554,0
2024-09-17 17:00:00,2127.472958,2168.1497,2128.6501,2124.6863,2159.2958957565793,2055.679024753454,2263.0429240311887,-31.82293775657945,0
2024-09-17 18:00:00,2145.560577,2167.6262,2156.3862,2160.8372,2171.641100609369,2068.024229606244,2275.3881288839784,-26.08052360936881,1
2024-09-17 19:00:00,2161.407847,2202.3577,2185.1226,2187.9932,2203.869533532051,2100.2526625289256,2307.6165618066602,-42.46168653205086,1
2024-09-17 20:00:00,2203.943017,2220.4421,2202.5903,2215.6204,2219.2022402102148,2115.5853692070896,2322.949268484824,-15.259223210214714,1
2024-09-17 21:00:00,2467.227072,2243.7048,2223.148,2240.0815,2240.2288089739777,2136.6119379708525,2343.975837248587,226.9982630260224,1
2024-09-17 22:00:00,2328.70242,2259.6216,2230.563,2248.4973,2251.5074609671983,2147.890589964073,2355.2544892418077,77.19495903280176,0
2024-09-17 23:00:00,2151.417911,2235.8533,2236.8782,2260.695,2242.0294207580982,2138.412549754973,2345.7764490327077,-90.61150975809824,0
2024-09-18 00:00:00,2272.758411,2230.658,2234.508,2254.962,2239.1427711217493,2135.525900118624,2342.8897993963587,33.61563987825048,0
2024-09-18 01:00:00,2255.460434,2237.4543,2212.3735,2235.067,2230.0694033316404,2126.452532328515,2333.81643160625,25.39103066835969,0
2024-09-18 02:00:00,2121.85186,2189.3135,2194.6628,2206.3484,2200.479324658159,2096.8624536550337,2304.2263529327684,-78.62746465815871,0
2024-09-18 03:00:00,2176.414045,2164.9663,2167.366,2181.0554,2173.863290210645,2070.24641920752,2277.6103184852545,2.550754789354869,0
2024-09-18 04:00:00,2078.714369,2134.572,2143.6199,2150.0938,2148.5787376745566,2044.9618666714316,2252.325765949166,-69.86436867455677,0
2024-09-18 05:00:00,1959.138208,2135.2085,2112.3525,2124.2568,2130.9104749307085,2027.2936039275835,2234.657503205318,-171.77226693070838,0
2024-09-18 06:00:00,1933.170057,2107.3813,2079.9053,2086.2258,2101.819150580322,1998.202279577197,2205.5661788549314,-168.64909358032196,0
2024-09-18 07:00:00,2114.64693,2097.47,2053.525,2061.5571,2082.6523878880735,1979.0355168849485,2186.399416162683,31.99454211192642,0
2024-09-18 08:00:00,1909.843346,2066.9602,2030.9069,2035.5544,2056.9424397908792,1953.3255687877543,2160.6894680654887,-147.09909379087912,0
2024-09-18 09:00:00,2110.920553,2009.501,2021.217,2023.2668,2025.0359856025184,1921.4191145993934,2128.783013877128,85.88456739748153,0
2024-09-18 10:00:00,2000.674868,2044.4774,2010.8705,2026.1426,2032.8895651626526,1929.2726941595276,2136.636593437262,-32.214697162652556,0
2024-09-18 11:00:00,2104.775558,2022.8097,2009.0691,2017.5752,2023.3049691232552,1919.6880981201302,2127.0519973978644,81.47058887674461,0
2024-09-18 12:00:00,2049.12653,2014.325,2014.8584,2027.9028,2021.1812014963646,1917.5643304932396,2124.9282297709738,27.945328503635437,0
2024-09-18 13:00:00,1955.736605,2018.9288,2026.656,2037.6731,2030.153807360011,1926.536936356886,2133.9008356346203,-74.41720236001083,0
2024-09-18 14:00:00,2066.106749,2048.012,2045.9833,2054.595,2054.9007657873904,1951.2838947842654,2158.647794062,11.20598321260968,0
2024-09-18 15:00:00,1986.354654,2057.4263,2068.719,2076.4314,2071.690053621554,1968.073182618429,2175.4370818961634,-85.33539962155396,0
2024-09-18 16:00:00,2116.439708,2121.004,2092.0537,2095.1462,2115.5854820601126,2011.9686110569876,2219.332510334722,0.8542259398873284,0
2024-09-18 17:00:00,2054.370401,2152.695,2120.3003,2127.0103,2144.7882171793162,2041.1713461761913,2248.5352454539257,-90.4178161793161,0
2024-09-18 18:00:00,2182.658612,2181.6787,2144.0125,2153.0488,2170.6184050892803,2067.001534086155,2274.3654333638897,12.040206910719917,1
2024-09-18 19:00:00,2222.159375,2190.4917,2170.229,2180.356,2188.4651624778435,2084.8482914747183,2292.212190752453,33.694212522156704,1
2024-09-18 20:00:00,2330.758837,2218.8828,2196.562,2210.3713,2215.060852304474,2111.4439813013487,2318.8078805790833,115.69798469552597,1
2024-09-18 21:00:00,2115.89943,2219.6875,2218.5967,2225.4993,2228.889151822424,2125.272280819299,2332.6361800970335,-112.98972182242414,1
2024-09-18 22:00:00,2255.166007,2237.8364,2226.5085,2229.0867,2242.843867802157,2139.226996799032,2346.5908960767665,12.322139197842716,0
2024-09-18 23:00:00,2264.286836,2249.0908,2225.4653,2225.9097,2248.2005084803363,2144.583637477211,2351.9475367549458,16.086327519663882,0
2024-09-19 00:00:00,2314.515873,2201.8457,2215.4812,2225.5503,2217.9200890914244,2114.303218088299,2321.667117366034,96.59578390857541,0
2024-09-19 01:00:00,2181.450924,2249.1973,2203.7085,2199.9216,2237.7720672399832,2134.155196236858,2341.5190955145927,-56.32114323998303,0
2024-09-19 02:00:00,2259.812578,2201.274,2195.6155,2186.5662,2211.937924646991,2108.321053643866,2315.6849529216006,47.87465335300885,0
2024-09-19 03:00:00,2082.819148,2143.5154,2174.6223,2158.4956,2175.021471282885,2071.40460027976,2278.7684995574946,-92.20232328288512,0
2024-09-19 04:00:00,2194.013808,2140.6934,2145.377,2142.456,2154.809215630394,2051.192344627269,2258.5562439050036,39.20459236960596,0
2024-09-19 05:00:00,2051.919362,2112.1255,2113.3152,2103.1506,2125.9889663988893,2022.3720953957643,2229.7359946734987,-74.06960439888917,0
2024-09-19 06:00:00,2116.714585,2095.798,2083.0713,2075.4177,2101.507299889476,1997.8904288863512,2205.2543281640856,15.207285110524026,0
2024-09-19 07:00:00,1995.920143,2070.179,2049.6533,2047.839,2070.064668239678,1966.4477972365532,2173.8116965142876,-74.14452523967816,0
2024-09-19 08:00:00,1934.206821,2028.3511,2031.5354,2023.0948,2042.162582042382,1938.545711039257,2145.9096103169913,-107.95576104238194,0
2024-09-19 09:00:00,1976.092235,2050.6497,2014.4496,2016.9418,2040.9678937783417,1937.3510227752167,2144.714922052951,-64.87565877834163,0
2024-09-19 10:00:00,1914.018013,2011.7014,2004.4799,2010.5063,2016.1951315496297,1912.5782605465047,2119.942159824239,-102.17711854962954,0
2024-09-19 11:00:00,2001.455479,1989.527,2007.376,2012.1179,2007.4757545577531,1903.8588835546282,2111.2227828323626,-6.020275557753166,0
2024-09-19 12:00:00,2199.910441,2044.5035,2012.1561,2035.1595,2031.628715059607,1928.011844056482,2135.375743334216,168.28172594039302,0
2024-09-19 13:00:00,1959.657822,2049.4265,2033.1074,2031.7809,2051.2547365670493,1947.6378655639244,2155.0017648416588,-91.59691456704945,0
2024-09-19 14:00:00,2169.319954,2050.2332,2052.777,2066.2083,2058.348043200729,1954.731172197604,2162.0950714753385,110.97191079927097,0
2024-09-19 15:00:00,2161.324086,2109.1858,2076.4053,2096.0146,2097.4605798797515,1993.8437088766266,2201.207608154361,63.86350612024853,0
2024-09-19 16:00:00,2006.167437,2114.6514,2106.283,2117.4333,2118.0692107085974,2014.4523397054725,2221.816238983207,-111.90177370859737,0
2024-09-19 17:00:00,2036.860496,2149.132,2136.0054,2161.9998,2146.546580769807,2042.929709766682,2250.2936090444164,-109.68608476980694,0
2024-09-19 18:00:00,2151.256066,2167.4844,2159.9065,2186.4304,2167.858315021365,2064.2414440182397,2271.6053432959743,-16.60224902136497,1
2024-09-19 19:00:00,2188.920838,2171.3206,2184.2937,2202.6333,2184.7052930696973,2081.088422066572,2288.4523213443067,4.215544930302713,1
2024-09-19 20:00:00,2211.556572,2215.94,2210.1243,2220.8284,2221.6415522017337,2118.0246811986085,2325.388580476343,-10.084980201733742,1
2024-09-19 21:00:00,2158.267486,2217.8687,2223.9326,2230.9153,2230.8335132629713,2127.216642259846,2334.5805415375808,-72.56602726297115,1
2024-09-19 22:00:00,2150.174534,2220.092,2231.8633,2236.4915,2236.7001316194514,2133.0832606163262,2340.447159894061,-86.52559761945122,0
2024-09-19 23:00:00,2285.547572,2220.4907,2228.5562,2232.9236,2235.2007561753285,2131.5838851722033,2338.947784449938,50.34681582467147,0
2024-09-20 00:00:00,2239.596832,2214.1028,2202.814,2202.7568,2219.6064597823593,2115.989588779234,2323.3534880569687,19.990372217640925,0
2024-09-20 01:00:00,2183.413938,2236.8772,2203.1963,2192.8623,2233.2772059940426,2129.6603349909174,2337.024234268652,-49.86326799404242,0
2024-09-20 02:00:00,2187.95458,2192.4316,2187.3079,2171.3254,2205.0621285460056,2101.4452575428804,2308.809156820615,-17.107548546005546,0
2024-09-20 03:00:00,2145.084372,2172.8672,2164.281,2144.7957,2184.3882329514404,2080.771361948315,2288.13526122605,-39.30386095144058,0
2024-09-20 04:00:00,2086.067347,2154.6318,2133.8438,2122.3657,2157.503022112182,2053.8861511090568,2261.2500503867914,-71.4356751121818,0
2024-09-20 05:00:00,2144.077628,2112.265,2103.2903,2088.3745,2121.9356957431064,2018.3188247399814,2225.682724017716,22.141932256893597,0
2024-09-20 06:00:00,2086.787202,2068.6985,2067.1028,2072.3489,2076.8351411333074,1973.2182701301824,2180.582169407917,9.952060866692591,0
2024-09-20 07:00:00,2072.06501,2044.5577,2037.9158,2038.3263,2051.044422220893,1947.427551217768,2154.7914504955024,21.02058777910679,0
2024-09-20 08:00:00,2139.321536,2011.7366,2018.7661,2019.243,2025.1996388683262,1921.5827678652013,2128.9466671429354,114.12189713167368,0
2024-09-20 09:00:00,1947.280411,1999.5944,1998.3943,2016.1459,2004.2209627635593,1900.6040917604344,2107.9679910381687,-56.94055176355937,0
2024-09-20 10:00:00,1960.946954,2015.3153,1994.8438,2004.2306,2011.9542996117304,1908.3374286086055,2115.7013278863396,-51.00734561173044,0
2024-09-20 11:00:00,1997.19764,2044.7551,1997.6616,2013.0178,2025.9888933549546,1922.3720223518296,2129.735921629564,-28.791253354954506,0
2024-09-20 12:00:00,1990.621275,2009.2885,2015.3323,2030.6523,2018.4536514544125,1914.8367804512875,2122.200679729022,-27.832376454412497,0
2024-09-20 13:00:00,2111.458712,2013.6027,2033.4808,2042.4225,2031.7601201397574,1928.1432491366324,2135.507148414367,79.69859186024269,0
2024-09-20 14:00:00,2128.346703,2024.577,2047.7599,2060.129,2043.7101375818588,1940.0932665787338,2147.4571658564682,84.63656541814134,0
2024-09-20 15:00:00,2003.249491,2059.6868,2076.7517,2081.7485,2077.719898095677,1974.1030270925519,2181.4669263702863,-74.47040709567682,0
2024-09-20 16:00:00,2131.977229,2113.8044,2103.8438,2100.3638,2120.071260618166,2016.454389615041,2223.8182888927754,11.9059683818341,0
2024-09-20 17:00:00,2009.207904,2125.6023,2126.8518,2129.1367,2136.4567118692644,2032.8398408661394,2240.203740143874,-127.24880786926428,0
2024-09-20 18:00:00,2115.667939,2127.3528,2151.2183,2155.7908,2149.6482799858964,2046.0314089827714,2253.3953082605058,-33.98034098589642,1
2024-09-20 19:00:00,2200.043641,2147.569,2169.2073,2169.1296,2170.021398518173,2066.404527515048,2273.7684267927825,30.022242481827107,1
2024-09-20 20:00:00,2095.314243,2177.6338,2179.7407,2167.746,2192.9747246042593,2089.357853601134,2296.7217528788688,-97.66048160425953,1
2024-09-20 21:00:00,2224.477296,2243.574,2187.0864,2178.987,2227.3557269833855,2123.7388559802603,2331.102755257995,-2.8784309833854422,1
2024-09-20 22:00:00,2292.071301,2225.452,2180.8188,2176.2576,2214.485626256773,2110.8687552536476,2318.232654531382,77.58567474322717,0
2024-09-20 23:00:00,2272.930045,2255.0254,2160.039,2165.0508,2215.1455837819644,2111.5287127788392,2318.892612056574,57.78446121803563,0
2024-09-21 00:00:00,2096.550566,2025.0549,2124.9802,2150.8574,2081.51340657861,1977.8965355754851,2185.2604348532195,15.037159421389788,0
2024-09-21 01:00:00,2024.884617,1988.8942,2017.6406,2058.8098,2003.4077242359272,1899.7908532328022,2107.1547525105366,21.476892764072772,0
2024-09-21 02:00:00,1968.016649,1963.5972,1962.2312,2006.9805,1961.0161656581245,1857.3992946549995,2064.763193932734,7.0004833418754515,0
2024-09-21 03:00:00,1865.037567,1922.9153,1922.5188,1909.426,1935.1536443430664,1831.5367733399414,2038.9006726176758,-70.11607734306631,0
2024-09-21 04:00:00,1949.692935,1932.3832,1887.5623,1889.1178,1917.4094970418068,1813.7926260386819,2021.1565253164163,32.28343795819319,0
2024-09-21 05:00:00,1815.852616,1869.217,1858.5037,1863.104,1871.0703674152423,1767.4534964121174,1974.8173956898518,-55.21775141524245,0
2024-09-21 06:00:00,1806.81479,1797.6741,1831.748,1830.3094,1824.25423716989,1720.637366166765,1928.0012654444995,-17.439447169890173,0
2024-09-21 07:00:00,1783.584442,1819.9926,1810.1996,1797.1611,1826.400140832505,1722.78326982938,1930.1471691071145,-42.81569883250495,0
2024-09-21 08:00:00,1813.889097,1837.3522,1793.2534,1782.5879,1825.0880748475313,1721.4712038444063,1928.8351031221407,-11.198977847531296,0
2024-09-21 09:00:00,1704.353782,1858.6483,1781.6376,1771.8413,1828.8645164012878,1725.2476453981628,1932.6115446758972,-124.51073440128789,0
2024-09-21 10:00:00,1770.455783,1755.2277,1776.5731,1770.7024,1775.8302460079944,1672.2133750048695,1879.5772742826039,-5.374463007994336,0
2024-09-21 11:00:00,1782.578285,1775.2864,1771.9521,1762.3188,1783.901128054817,1680.284257051692,1887.6481563294265,-1.3228430548169854,0
2024-09-21 12:00:00,1815.48179,1782.0397,1774.6787,1787.7335,1782.8317908226018,1679.2149198194768,1886.5788190972112,32.649999177398286,0
2024-09-21 13:00:00,1865.837442,1825.0621,1787.9335,1788.6991,1813.507377000047,1709.890505996922,1917.2544052746564,52.33006499995304,0
2024-09-21 14:00:00,1737.167269,1815.8871,1807.1204,1816.6229,1817.104167833706,1713.487296830581,1920.8511961083154,-79.93689883370598,0
2024-09-21 15:00:00,1950.191042,1787.4474,1827.9899,1836.252,1814.925002584654,1711.308131581529,1918.6720308592635,135.26603941534586,0
2024-09-21 16:00:00,1787.675617,1884.2252,1848.2028,1860.748,1870.754260693512,1767.137389690387,1974.5012889681213,-83.07864369351182,0
2024-09-21 17:00:00,1916.296523,1883.4188,1879.737,1883.3861,1889.3599075615703,1785.7430365584453,1993.1069358361797,26.936615438429726,0
2024-09-21 18:00:00,1962.473947,1886.9966,1902.8439,1937.987,1895.3663689353834,1791.7494979322585,1999.1133972099929,67.10757806461652,1
2024-09-21 19:00:00,2000.785008,1941.6733,1929.3583,1951.9496,1938.708764537556,1835.091893534431,2042.4557928121653,62.076243462444154,1
2024-09-21 20:00:00,2070.890724,1982.7485,1953.9064,1984.5254,1969.3105864873596,1865.6937154842346,2073.057614761969,101.58013751264025,1
2024-09-21 21:00:00,1971.459162,1990.6798,1973.0635,2008.194,1982.123693052348,1878.506822049223,2085.870721326957,-10.664531052347911,1
2024-09-21 22:00:00,1971.410093,1985.1062,1984.9525,2011.641,1987.910820527295,1884.29394952417,2091.6578488019045,-16.500727527295112,0
2024-09-21 23:00:00,2245.664914,2010.3041,1989.8193,2005.7461,2005.2413026300655,1901.6244316269406,2108.988330904675,240.4236113699344,0
2024-09-22 00:00:00,2001.249529,1993.2971,1988.1857,2010.0826,1994.7479901586576,1891.1311191555326,2098.495018433267,6.501538841342381,0
2024-09-22 01:00:00,1971.923885,2004.5424,1974.6799,2011.0278,1989.2890841658655,1885.6722131627405,2093.036112440475,-17.365199165865533,0
2024-09-22 02:00:00,1865.072637,1999.5431,1951.8336,2010.9719,1969.0101460563974,1865.3932750532724,2072.757174331007,-103.9375090563974,0
2024-09-22 03:00:00,1970.404955,1899.7474,1928.8752,1976.2706,1912.1704234521071,1808.5535524489821,2015.9174517267165,58.23453154789286,0
2024-09-22 04:00:00,1846.963472,1926.6254,1897.1613,1941.973,1908.8149026377428,1805.1980316346178,2012.5619309123522,-61.85143063774285,0
2024-09-22 05:00:00,1854.130977,1872.8604,1868.6622,1913.3751,1868.0543340342758,1764.4374630311509,1971.8013623088852,-13.923357034275796,0
2024-09-22 06:00:00,1817.331644,1857.8359,1843.7069,1867.9124,1852.8248862464163,1749.2080152432914,1956.5719145210257,-35.49324224641623,0
2024-09-22 07:00:00,1708.526461,1802.133,1821.4943,1822.743,1820.2590367788923,1716.6421657757674,1924.0060650535017,-111.7325757788924,0
2024-09-22 08:00:00,1877.728575,1772.2476,1803.3082,1800.3258,1797.4138753859263,1693.7970043828013,1901.1609036605357,80.31469961407379,0
2024-09-22 09:00:00,1749.498068,1768.816,1791.2136,1782.8728,1790.7114433944914,1687.0945723913665,1894.4584716691008,-41.21337539449132,0
2024-09-22 10:00:00,1852.051288,1761.3837,1781.1335,1776.0674,1780.9852854098726,1677.3684144067477,1884.732313684482,71.06600259012748,0
2024-09-22 11:00:00,1686.696513,1774.9813,1779.6682,1765.4336,1789.0156249214924,1685.3987539183674,1892.7626531961018,-102.31911192149232,0
2024-09-22 12:00:00,1745.447654,1761.5964,1783.0283,1775.9226,1782.608607313544,1678.9917363104191,1886.3556355881535,-37.16095331354404,0
2024-09-22 13:00:00,1720.152754,1798.5725,1791.664,1781.9103,1805.5078115561066,1701.8909405529816,1909.254839830716,-85.35505755610666,0
2024-09-22 14:00:00,1825.431888,1789.7546,1809.198,1806.4087,1808.8460557759545,1705.2291847728295,1912.593084050564,16.58583222404559,0
2024-09-22 15:00:00,1606.959809,1825.1741,1825.7955,1821.9133,1834.8356204647343,1731.2187494616094,1938.5826487393438,-227.8758114647344,0
2024-09-22 16:00:00,1969.162942,1809.0122,1846.7472,1873.9597,1830.3792311104485,1726.7623601073235,1934.126259385058,138.78371088955146,0
2024-09-22 17:00:00,1866.635384,1868.6904,1872.5177,1889.6956,1875.0766676379926,1771.4597966348676,1978.823695912602,-8.441283637992683,0
2024-09-22 18:00:00,1961.880852,1969.02,1900.793,1936.5831,1933.2559032950344,1829.6390322919094,2037.0029315696438,28.624948704965618,1
2024-09-22 19:00:00,1778.984568,1936.6492,1936.111,1983.228,1933.6915670760372,1830.0746960729123,2037.4385953506467,-154.70699907603716,1
2024-09-22 20:00:00,2011.080192,1944.2664,1970.0,2012.6724,1956.440883947162,1852.8240129440371,2060.1879122217715,54.639308052837805,1
2024-09-22 21:00:00,2061.544591,1974.6333,1997.9396,2041.571,1985.5212009846305,1881.9043299815055,2089.26822925924,76.02339001536939,1
2024-09-22 22:00:00,2128.56324,2002.9156,2030.2391,2063.382,2018.817155573801,1915.200284570676,2122.5641838484103,109.74608442619888,0
2024-09-22 23:00:00,1967.130262,2035.502,2054.9045,2078.9692,2049.757627267752,1946.140756264627,2153.5046555423614,-82.62736526775211,0
2024-09-23 00:00:00,2160.601385,2162.9504,2078.3113,2095.641,2124.7057508209623,2021.0888798178373,2228.4527790955717,35.89563417903764,0
2024-09-23 01:00:00,2111.870456,2159.0134,2159.3262,2166.7341,2168.343664319841,2064.726793316716,2272.0906925944505,-56.47320831984098,0
2024-09-23 02:00:00,2202.934671,2184.2788,2172.346,2210.0276,2179.653589184279,2076.036718181154,2283.4006174588885,23.28108181572088,0
2024-09-23 03:00:00,2209.143419,2207.8132,2156.06,2176.592,2186.5773198616644,2082.960448858539,2290.324348136274,22.56609913833563,0
2024-09-23 04:00:00,2081.230428,2135.4097,2132.7534,2137.5618,2143.631342371756,2040.0144713686311,2247.3783706463655,-62.400914371756244,0
2024-09-23 05:00:00,2040.853975,2093.4067,2098.2441,2104.1282,2104.9960182358855,2001.3791472327605,2208.743046510495,-64.14204323588547,0
2024-09-23 06:00:00,2235.641118,2062.537,2065.309,2087.979,2068.5349991205526,1964.9181281174276,2172.282027395162,167.10611887944742,0
2024-09-23 07:00:00,2046.345357,2103.3652,2034.9265,2041.0538,2076.074570329814,1972.457699326689,2179.8215986044233,-29.729213329814,0
2024-09-23 08:00:00,2095.302991,2061.3547,2018.3673,2035.2548,2044.5145403603424,1940.8976693572174,2148.261568634952,50.78845063965764,0
2024-09-23 09:00:00,2075.93884,2042.9603,2008.1553,2032.3633,2028.4637091974764,1924.8468381943514,2132.210737472086,47.47513080252338,0
2024-09-23 10:00:00,2079.079611,2008.0776,1995.1327,2006.2185,2008.2240460926569,1904.607175089532,2111.9710743672663,70.85556490734325,0
2024-09-23 11:00:00,1938.203818,2023.4186,1994.6815,2017.1566,2012.4241449701049,1908.80727396698,2116.1711732447143,-74.2203269701049,0
2024-09-23 12:00:00,2076.552179,2015.9554,2003.0795,2025.9138,2013.229874118879,1909.613003115754,2116.976902393488,63.32230488112077,0
2024-09-23 13:00:00,2072.964727,2066.9902,2014.3601,2026.8345,2046.1929838409437,1942.5761128378188,2149.940012115553,26.771743159056314,0
2024-09-23 14:00:00,2054.257943,2079.8416,2036.918,2046.9012,2064.930691080683,1961.3138200775581,2168.6777193552925,-10.67274808068305,0
2024-09-23 15:00:00,1955.294405,2035.7032,2061.0222,2082.1865,2053.8349660046865,1950.2180950015616,2157.581994279296,-98.54056100468642,0
2024-09-23 16:00:00,2003.798426,2105.1553,2084.7507,2101.0303,2100.809735369412,1997.192864366287,2204.5567636440214,-97.01130936941195,0
2024-09-23 17:00:00,2175.328503,2139.2578,2113.9636,2106.2004,2138.673369544637,2035.056498541512,2242.4203978192463,36.655133455363284,0
2024-09-23 18:00:00,2060.441772,2166.326,2140.0718,2131.799,2165.57878333878,2061.9619123356547,2269.3258116133893,-105.13701133877976,1
2024-09-23 19:00:00,2230.075642,2184.111,2171.029,2174.6694,2187.485926568405,2083.8690555652797,2291.2329548430143,42.58971543159487,1
2024-09-23 20:00:00,2148.88842,2231.2188,2191.7683,2203.6284,2218.8959734878017,2115.2791024846765,2322.643001762411,-70.00755348780149,1
2024-09-23 21:00:00,2212.99547,2219.1316,2211.272,2215.2864,2225.466178633887,2121.849307630762,2329.2132069084964,-12.47070863388717,1
2024-09-23 22:00:00,2237.788487,2263.204,2219.062,2230.1963,2248.8319795377733,2145.215108534648,2352.5790078123828,-11.043492537773545,0
2024-09-23 23:00:00,2225.804137,2258.7878,2229.702,2248.6292,2250.4013107143655,2146.7844397112403,2354.148338988975,-24.597173714365454,0
2024-09-24 00:00:00,2203.929072,2224.072,2235.54,2247.2324,2238.7641606143966,2135.1472896112714,2342.511188889006,-34.83508861439668,0
2024-09-24 01:00:00,2187.371933,2208.986,2204.396,2225.7537,2212.587249981962,2108.970378978837,2316.3342782565715,-25.215316981962133,0
2024-09-24 02:00:00,2206.946695,2176.723,2184.5657,2197.1494,2188.8837553696585,2085.2668843665333,2292.630783644268,18.06293963034159,0
2024-09-24 03:00:00,2148.433094,2153.6982,2161.0718,2160.4158,2168.773838692005,2065.15696768888,2272.5208669666144,-20.340744692005046,0
2024-09-24 04:00:00,2168.80744,2122.9404,2138.0574,2131.8074,2143.2940143040883,2039.6771433009633,2247.0410425786977,25.513425695911792,0
2024-09-24 05:00:00,1939.100129,2107.631,2107.017,2096.547,2120.5781481438426,2016.9612771407176,2224.325176418452,-181.47801914384263,0
2024-09-24 06:00:00,2032.536853,2081.972,2073.8472,2069.384,2089.2056867101155,1985.5888157069905,2192.952714984725,-56.66883371011545,0
2024-09-24 07:00:00,1989.478112,2065.85,2047.8861,2031.4987,2070.7473717151142,1967.1305007119893,2174.4943999897237,-81.26925971511423,0
2024-09-24 08:00:00,1908.83203,2058.558,2023.6552,2012.3484,2053.1193420719605,1949.5024710688356,2156.86637034657,-144.2873120719605,0
2024-09-24 09:00:00,1931.48802,2024.2612,2009.9828,2002.1525,2028.6153252543609,1924.998454251236,2132.3623535289703,-97.12730525436086,0
2024-09-24 10:00:00,1984.483125,1959.9429,2003.2522,1997.2115,1993.8966734232645,1890.2798024201395,2097.643701697874,-9.413548423264501,0
2024-09-24 11:00:00,1920.654343,2021.7885,2004.3334,1991.5112,2025.699101621928,1922.0822306188031,2129.4461298965375,-105.04475862192817,0
2024-09-24 12:00:00,1976.873999,1990.3296,2008.2429,2000.4865,2011.4807162174322,1907.8638452143073,2115.2277444920414,-34.60671721743233,0
2024-09-24 13:00:00,1967.675147,2023.0203,2019.1173,2015.3583,2031.842270357943,1928.2253993548181,2135.5892986325525,-64.16712335794318,0
2024-09-24 14:00:00,1940.258917,2019.453,2035.0338,2027.951,2039.4300362865918,1935.8131652834668,2143.177064561201,-99.17111928659165,0
2024-09-24 15:00:00,2150.543618,2040.8934,2055.8545,2050.233,2060.344510387612,1956.727639384487,2164.0915386622214,90.19910761238816,0
2024-09-24 16:00:00,2131.867277,2100.311,2079.1323,2079.6885,2099.493075371813,1995.8762043686881,2203.2401036464225,32.37420162818671,0
2024-09-24 17:00:00,2180.996277,2145.862,2116.4817,2104.6047,2144.2023225410935,2040.5854515379685,2247.949350815703,36.79395445890668,0
2024-09-24 18:00:00,2131.952858,2145.479,2143.1106,2141.1335,2155.651083816855,2052.03421281373,2259.3981120914646,-23.69822581685503,1
2024-09-24 19:00:00,2113.180545,2185.712,2165.2026,2180.5989,2182.183007759626,2078.566136756501,2285.9300360342354,-69.00246275962581,1
2024-09-24 20:00:00,2171.226467,2212.6914,2184.094,2196.8726,2205.7483980867246,2102.1315270835994,2309.495426361334,-34.521931086724635,1
2024-09-24 21:00:00,2315.189868,2238.6897,2202.7656,2227.82,2224.9612770059166,2121.3444060027914,2328.708305280526,90.22859099408333,1
2024-09-24 22:00:00,2300.800662,2218.096,2219.0063,2236.7705,2225.5994663515926,2121.9825953484674,2329.346494626202,75.20119564840752,0
2024-09-24 23:00:00,2283.983299,2208.9446,2230.9011,2257.3232,2225.356521528402,2121.739650525277,2329.1035498030114,58.62677747159796,0
2024-09-25 00:00:00,2342.28346,2225.6035,2221.3743,2248.5955,2228.0467641722503,2124.429893169125,2331.7937924468597,114.23669582774983,0
2024-09-25 01:00:00,2218.975964,2201.0427,2207.3076,2226.7957,2210.815241043551,2107.1983700404257,2314.5622693181604,8.160722956449263,0
2024-09-25 02:00:00,2238.481301,2219.5842,2184.11,2204.1802,2207.201696338176,2103.584825335051,2310.9487246127856,31.27960466182367,0
2024-09-25 03:00:00,2156.750798,2183.972,2161.3616,2167.3691,2181.688710720783,2078.071839717658,2285.4357389953925,-24.93791272078306,0
2024-09-25 04:00:00,2214.737891,2134.6877,2134.9053,2134.3943,2145.774786409234,2042.157915406109,2249.5218146838433,68.9631045907663,0
2024-09-25 05:00:00,2098.938557,2084.8757,2105.3237,2097.9514,2108.0366555101955,2004.4197845070705,2211.783683784805,-9.098098510195541,0
2024-09-25 06:00:00,2015.264206,2082.483,2076.8171,2076.6973,2089.927420360959,1986.310549357834,2193.6744486355683,-74.66321436095882,0
2024-09-25 07:00:00,2010.965438,2072.1353,2056.3594,2052.7239,2075.018831022426,1971.4019600193012,2178.7658592970356,-64.05339302242623,0
2024-09-25 08:00:00,2136.478734,2041.5863,2033.374,2035.0326,2046.8997361388742,1943.2828651357493,2150.6467644134837,89.57899786112557,0
2024-09-25 09:00:00,1976.432641,2041.1941,2015.841,2018.1038,2037.252284238486,1933.635413235361,2140.9993125130954,-60.819643238485924,0
2024-09-25 10:00:00,1984.550593,2026.2664,2012.8531,2018.1422,2027.7770873102345,1924.1602163071095,2131.524115584844,-43.22649431023456,0
2024-09-25 11:00:00,2040.060254,2029.721,2011.1266,2013.9524,2029.1322190735787,1925.5153480704537,2132.879247348188,10.928034926421333,0
2024-09-25 12:00:00,2038.131761,2007.3466,2017.0151,2012.0802,2023.5442452033321,1919.9273742002072,2127.2912734779416,14.587515796667958,0
2024-09-25 13:00:00,2065.642449,2050.0168,2029.4897,2027.0712,2049.892258222053,1946.275387218928,2153.6392864966624,15.750190777946955,0
2024-09-25 14:00:00,1955.233659,2034.6224,2051.1587,2038.5096,2056.636945802364,1953.0200747992392,2160.3839740769736,-101.40328680236416,0
2024-09-25 15:00:00,2280.116605,2084.6345,2077.0188,2064.9094,2094.094224823868,1990.477353820743,2197.8412530984774,186.02238017613217,0
2024-09-25 16:00:00,2215.338759,2126.9597,2104.7693,2078.7021,2132.554226582563,2028.937355579438,2236.3012548571724,82.78453241743728,0
2024-09-25 17:00:00,1957.512712,2126.0342,2132.184,2116.945,2143.926489311873,2040.309618308748,2247.6735175864824,-186.413777311873,0
2024-09-25 18:00:00,2221.869622,2152.2576,2159.126,2162.8196,2165.953090867499,2062.336219864374,2269.7001191421086,55.91653113250095,1
2024-09-25 19:00:00,2321.276992,2178.1316,2178.775,2186.5488,2187.6987030417363,2084.081832038611,2291.4457313163457,133.57828895826378,1
2024-09-25 20:00:00,2195.445108,2207.3704,2203.9463,2203.0237,2217.213755240384,2113.596884237259,2320.9607835149936,-21.768647240384325,1
2024-09-25 21:00:00,2229.725673,2256.8481,2217.6301,2225.902,2245.7628551545654,2142.14598415144,2349.509883429175,-16.03718215456547,1
2024-09-25 22:00:00,2138.358819,2209.3103,2234.3716,2234.3286,2234.068235709557,2130.451364706432,2337.8152639841664,-95.70941670955699,0
2024-09-25 23:00:00,2194.427309,2249.5164,2233.8982,2239.5984,2251.550578195026,2147.933707191901,2355.2976064696354,-57.12326919502584,0
2024-09-26 00:00:00,2308.391376,2254.4216,2224.8335,2219.7852,2251.798470586407,2148.1815995832817,2355.5454988610163,56.592905413593144,0
2024-09-26 01:00:00,2211.943622,2219.4666,2213.5537,2208.6746,2229.0870941110156,2125.4702231078904,2332.834122385625,-17.143472111015853,0
2024-09-26 02:00:00,2225.845251,2194.132,2197.4045,2184.9126,2210.3504142910665,2106.7335432879413,2314.097442565676,15.49483670893369,0
2024-09-26 03:00:00,2223.588795,2181.2356,2174.7322,2161.6387,2192.3127212245386,2088.6958502214134,2296.059749499148,31.276073775461555,0
2024-09-26 04:00:00,2123.522779,2155.574,2146.393,2132.7507,2165.1619211801285,2061.5450501770033,2268.908949454738,-41.6391421801286,0
2024-09-26 05:00:00,2190.523235,2122.2927,2123.7979,2112.447,2136.705626834873,2033.088755831748,2240.4526551094823,53.81760816512724,0
2024-09-26 06:00:00,2064.871361,2106.5872,2088.804,2070.7976,2112.3180216296646,2008.7011506265396,2216.065049904274,-47.44666062966462,0
2024-09-26 07:00:00,2047.303191,2052.0156,2062.9062,2058.568,2069.070814392248,1965.453943389123,2172.8178426668574,-21.76762339224797,0
2024-09-26 08:00:00,2066.754777,2021.591,2041.1766,2035.3518,2043.3929638048226,1939.7760928016976,2147.139992079432,23.361813195177547,0
2024-09-26 09:00:00,1916.16669,2029.4108,2026.161,2020.0253,2039.232229017544,1935.615358014419,2142.9792572921533,-123.06553901754387,0
2024-09-26 10:00:00,2089.403166,2036.867,2015.0247,2009.7467,2036.661623091415,1933.0447520882901,2140.4086513660245,52.74154290858496,0
2024-09-26 11:00:00,2117.386087,2020.8779,2010.497,2015.5685,2024.0099475586758,1920.3930765555508,2127.756975833285,93.37613944132409,0
2024-09-26 12:00:00,2149.869877,2040.2721,2018.1106,2017.9817,2038.6221846347676,1935.0053136316426,2142.369212909377,111.24769236523252,0
2024-09-26 13:00:00,2167.31538,2035.8824,2036.2145,2035.6174,2046.256291070762,1942.639420067637,2150.0033193453714,121.05908892923799,0
2024-09-26 14:00:00,1993.832157,2060.9077,2055.803,2077.3708,2062.9899206540813,1959.3730496509563,2166.7369489286907,-69.15776365408124,0
2024-09-26 15:00:00,1976.676929,2084.174,2077.0378,2091.1436,2087.2529502889533,1983.6360792858284,2190.9999785635628,-110.57602128895337,0
2024-09-26 16:00:00,2082.197455,2121.1335,2111.8538,2113.9604,2126.407583566345,2022.7907125632198,2230.154611840954,-44.21012856634479,0
2024-09-26 17:00:00,2342.140059,2128.1877,2139.9563,2131.7505,2147.3008615544845,2043.6839905513596,2251.047889829094,194.8391974455153,0
2024-09-26 18:00:00,2247.01665,2160.6091,2165.7075,2169.3909,2173.434894341212,2069.8180233380867,2277.1819226158213,73.5817556587881,1
2024-09-26 19:00:00,2224.825326,2177.657,2192.5137,2206.4844,2193.1978336662737,2089.5809626631485,2296.944861940883,31.627492333726423,1
2024-09-26 20:00:00,2243.079814,2207.5527,2212.4294,2217.3071,2220.3367581966527,2116.7198871935275,2324.083786471262,22.743055803347488,1
2024-09-26 21:00:00,2311.14008,2243.4155,2224.8315,2237.8853,2241.9659833491446,2138.3491123460194,2345.713011623754,69.17409665085552,1
2024-09-26 22:00:00,2190.605477,2230.901,2235.422,2236.83,2244.561981933822,2140.945110930697,2348.3090102084316,-53.95650493382209,0
2024-09-26 23:00:00,2355.063828,2245.2583,2229.8496,2232.5603,2248.125683886851,2144.508812883726,2351.8727121614606,106.93814411314861,0
2024-09-27 00:00:00,2267.406409,2232.9644,2209.5767,2208.9268,2232.3472082004882,2128.730337197363,2336.0942364750977,35.05920079951193,0
2024-09-27 01:00:00,2359.390479,2211.2974,2213.8342,2195.667,2228.6991355314094,2125.082264528284,2332.446163806019,130.69134346859073,0
2024-09-27 02:00:00,2261.957,2203.437,2191.3499,2172.7073,2213.132569045753,2109.5156980426277,2316.8795973203623,48.824430954246964,0
2024-09-27 03:00:00,2242.841652,2169.6218,2170.1484,2163.622,2182.6760107576915,2079.0591397545663,2286.423039032301,60.16564124230854,0
2024-09-27 04:00:00,2046.051802,2153.7676,2139.5183,2128.7334,2159.9275950922315,2056.3107240891063,2263.674623366841,-113.87579309223156,0
2024-09-27 05:00:00,2153.436107,2116.7305,2113.159,2119.7231,2123.871646758563,2020.2547757554382,2227.6186750331726,29.56446024143679,0
2024-09-27 06:00:00,2231.572848,2100.684,2081.7974,2089.2568,2099.3394904914417,1995.7226194883167,2203.086518766051,132.23335750855813,0
2024-09-27 07:00:00,2043.1823,2079.2773,2053.5151,2053.4438,2076.0155614913742,1972.3986904882493,2179.7625897659836,-32.83326149137429,0
2024-09-27 08:00:00,2080.920462,2045.4703,2033.4204,2039.0745,2047.767095929918,1944.150224926793,2151.5141242045274,33.15336607008203,0
2024-09-27 09:00:00,2047.13168,2061.8223,2020.8834,2009.0865,2053.3296258032506,1949.7127548001256,2157.07665407786,-6.1979458032506045,0
2024-09-27 10:00:00,2020.483617,2026.1273,2012.0376,2015.8077,2027.6620452532754,1924.0451742501505,2131.4090735278846,-7.178428253275342,0
2024-09-27 11:00:00,1906.198554,2030.4424,2014.1831,2015.2684,2031.5393332906349,1927.92246228751,2135.286361565244,-125.34077929063483,0
2024-09-27 12:00:00,1997.784952,2029.4546,2025.5277,2022.1686,2038.2145522066135,1934.5976812034885,2141.961580481223,-40.429600206613486,0
2024-09-27 13:00:00,1969.451594,2048.8406,2038.4569,2023.9788,2057.141873521992,1953.5250025188668,2160.888901796601,-87.6902795219919,0
2024-09-27 14:00:00,2028.169495,2059.8645,2061.652,2046.2968,2074.937599779587,1971.320728776462,2178.6846280541963,-46.76810477958679,0
2024-09-27 15:00:00,2018.193638,2071.531,2082.881,2078.7324,2088.939351651775,1985.3224806486498,2192.6863799263842,-70.74571365177485,0
2024-09-27 16:00:00,2052.375676,2106.5242,2104.255,2104.4197,2115.8933117354923,2012.2764407323673,2219.6403400101017,-63.51763573549215,0
2024-09-27 17:00:00,2074.873377,2130.006,2132.2473,2141.4785,2139.665221496879,2036.048350493754,2243.4122497714884,-64.7918444968791,0
2024-09-27 18:00:00,2308.769669,2181.926,2156.545,2159.3398,2178.968188696565,2075.35131769344,2282.7152169711744,129.8014803034348,1
2024-09-27 19:00:00,2416.503779,2173.9094,2180.7498,2183.5547,2187.9892285021892,2084.372357499064,2291.7362567767987,228.5145504978109,1
2024-09-27 20:00:00,2259.490488,2234.3545,2190.8562,2189.3186,2223.2973995498137,2119.6805285466885,2327.044427824423,36.193088450186224,1
2024-09-27 21:00:00,2113.010676,2207.8345,2203.8816,2214.0078,2214.605854196126,2110.988983193001,2318.3528824707355,-101.5951781961262,1
2024-09-27 22:00:00,2135.953586,2215.6238,2193.0989,2197.2349,2214.1142982845245,2110.4974272813993,2317.861326559134,-78.16071228452438,0
2024-09-27 23:00:00,2197.63728,2249.6309,2158.713,2195.4602,2203.839110247612,2100.222239244487,2307.5861385222215,-6.201830247612179,0
2024-09-28 00:00:00,2001.390229,2008.9282,2118.6113,2159.0752,2066.746745056635,1963.12987405351,2170.4937733312445,-65.35651605663497,0
2024-09-28 01:00:00,1959.164473,2024.3138,2001.4474,2075.6672,2003.353109679992,1899.736238676867,2107.1001379546015,-44.18863667999199,0
2024-09-28 02:00:00,2072.383198,1989.8696,1950.2052,1996.5188,1966.7737633656848,1863.1568923625598,2070.520791640294,105.60943463431522,0
2024-09-28 03:00:00,1901.73892,1943.439,1918.6802,1939.0941,1934.4336731516996,1830.8168021485747,2038.180701426309,-32.694753151699615,0
2024-09-28 04:00:00,1938.979864,1919.4386,1888.0078,1908.3185,1906.7243119405207,1803.1074409373957,2010.47134021513,32.255552059479214,0
2024-09-28 05:00:00,1831.708136,1864.9255,1856.857,1882.1624,1862.910591680942,1759.293720677817,1966.6576199555514,-31.202455680941966,0
2024-09-28 06:00:00,1882.522308,1810.679,1835.4092,1839.8195,1830.924135742742,1727.307264739617,1934.6711640173514,51.59817225725806,0
2024-09-28 07:00:00,1792.147233,1821.1555,1814.151,1814.1053,1825.7659194980629,1722.149048494938,1929.5129477726723,-33.61868649806297,0
2024-09-28 08:00:00,1825.493466,1858.6428,1798.0178,1800.1255,1834.5459957170988,1730.9291247139738,1938.2930239917082,-9.052529717098878,0
2024-09-28 09:00:00,1646.749011,1770.054,1788.3629,1787.3058,1787.9463220339182,1684.3294510307933,1891.6933503085277,-141.19731103391814,0
2024-09-28 10:00:00,1738.485592,1776.7606,1779.6531,1779.6735,1786.2505754896447,1682.6337044865197,1889.997603764254,-47.76498348964469,0
2024-09-28 11:00:00,1744.072354,1783.7448,1778.5948,1779.141,1788.8886704967356,1685.2717994936106,1892.635698771345,-44.81631649673568,0
2024-09-28 12:00:00,1827.53174,1816.0803,1782.1188,1781.038,1806.6015843260652,1702.9847133229403,1910.3486126006746,20.930155673934678,0
2024-09-28 13:00:00,1780.538984,1811.2421,1800.1339,1800.5494,1813.4775469661276,1709.8606759630027,1917.224575240737,-32.93856296612762,0
2024-09-28 14:00:00,1797.733569,1800.8967,1814.3374,1824.6852,1813.5680569939088,1709.9511859907839,1917.3150852685183,-15.834487993908851,0
2024-09-28 15:00:00,1832.634491,1832.7603,1829.7059,1843.0151,1836.1826859936755,1732.5658149905505,1939.929714268285,-3.5481949936754518,0
2024-09-28 16:00:00,1770.777827,1883.0446,1849.21,1865.9978,1869.6522730769052,1766.0354020737802,1973.3993013515146,-98.87444607690531,0
2024-09-28 17:00:00,1705.461248,1855.6385,1875.9592,1904.0487,1867.9148680764476,1764.2979970733227,1971.661896351057,-162.45362007644758,0
2024-09-28 18:00:00,1893.899514,1906.6412,1903.0387,1945.8068,1902.9154279819084,1799.2985569787834,2006.6624562565178,-9.015913981908398,1
2024-09-28 19:00:00,1992.208018,1938.4325,1930.2316,1947.7808,1938.9013146951183,1835.2844436919934,2042.6483429697278,53.306703304881694,1
2024-09-28 20:00:00,2003.010832,1956.2477,1951.5242,1994.8127,1952.1946495567904,1848.5777785536654,2055.9416778314,50.81618244320953,1
2024-09-28 21:00:00,2038.589315,1987.3314,1969.559,2004.5334,1978.7049218500974,1875.0880508469725,2082.451950124707,59.88439314990251,1
2024-09-28 22:00:00,2094.387224,1986.2981,1974.9048,2009.9357,1981.035377477966,1877.418506474841,2084.7824057525754,113.35184652203407,0
2024-09-28 23:00:00,2066.643943,2041.7645,1978.6786,2011.2194,2010.1374340918055,1906.5205630886805,2113.884462366415,56.50650890819452,0
2024-09-29 00:00:00,1907.220876,1973.4249,1978.1654,2002.6488,1979.2913546264008,1875.6744836232758,2083.03838290101,-72.0704786264007,0
2024-09-29 01:00:00,1922.59355,1984.5698,1957.749,2022.5876,1963.5630178921617,1859.9461468890368,2067.310046166771,-40.969467892161674,0
2024-09-29 02:00:00,1930.342427,1970.4763,1936.9515,1999.9869,1946.2533646059774,1842.6364936028524,2050.000392880587,-15.910937605977324,0
2024-09-29 03:00:00,1956.453457,1942.6631,1911.773,1974.4913,1919.694927406814,1816.078056403689,2023.4419556814235,36.75852959318604,0
2024-09-29 04:00:00,2031.080183,1881.4778,1885.8989,1936.6904,1879.7789880925884,1776.1621170894634,1983.5260163671978,151.30119490741163,0
2024-09-29 05:00:00,1779.309435,1891.7682,1853.5073,1904.6327,1867.410084576598,1763.793213573473,1971.1571128512073,-88.10064957659802,0
2024-09-29 06:00:00,1822.799429,1810.0812,1826.999,1859.6935,1819.019269837249,1715.4023988341241,1922.7662981118585,3.780159162750806,0
2024-09-29 07:00:00,1655.232597,1777.4443,1807.7708,1821.9989,1797.9089540163195,1694.2920830131945,1901.655982290929,-142.67635701631957,0
2024-09-29 08:00:00,1642.981372,1733.5706,1785.9019,1790.138,1767.890813053345,1664.27394205022,1871.6378413279544,-124.90944105334506,0
2024-09-29 09:00:00,1849.554354,1778.6188,1772.2446,1762.3269,1785.718575904802,1682.101704901677,1889.4656041794115,63.835778095198066,0
2024-09-29 10:00:00,1824.166009,1775.9667,1761.0114,1767.6752,1774.295154109137,1670.678283106012,1878.0421823837464,49.87085489086303,0
2024-09-29 11:00:00,1726.524951,1761.5786,1756.7864,1760.2036,1766.007576280122,1662.390705276997,1869.7546045547315,-39.482625280121965,0
2024-09-29 12:00:00,1876.676475,1733.4551,1759.6869,1768.595,1752.7376218948593,1649.1207508917344,1856.4846501694688,123.93885310514065,0
2024-09-29 13:00:00,1986.89407,1812.3977,1769.241,1781.6241,1794.6020469797118,1690.9851759765868,1898.3490752543212,192.2920230202883,0
2024-09-29 14:00:00,1942.941038,1845.3885,1789.2522,1797.882,1821.9178733538251,1718.3010023507002,1925.6649016284346,121.02316464617479,0
2024-09-29 15:00:00,1908.152469,1792.4233,1818.0455,1838.9923,1808.8117418601921,1705.1948708570671,1912.5587701348015,99.340727139808,0
2024-09-29 16:00:00,1873.59875,1875.3751,1839.129,1869.3116,1857.252439737051,1753.635568733926,1960.9994680116604,16.346310262949146,0
2024-09-29 17:00:00,1850.319166,1902.8143,1864.9867,1886.3801,1886.2964834723816,1782.6796124692567,1990.043511746991,-35.97731747238163,0
2024-09-29 18:00:00,1940.584114,1942.0442,1892.3955,1939.6094,1913.035271906878,1809.418400903753,2016.7823001814875,27.548842093121948,1
2024-09-29 19:00:00,1986.749629,1948.153,1928.9026,1970.4148,1936.772523664277,1833.155652661152,2040.5195519388865,49.977105335722854,1
2024-09-29 20:00:00,1895.005903,1980.0316,1963.9341,2010.3179,1969.3492390352042,1865.7323680320792,2073.0962673098134,-74.34333603520417,1
2024-09-29 21:00:00,2031.178958,1952.9521,1998.2684,2058.424,1971.1693052973465,1867.5524342942215,2074.916333571956,60.00965270265351,1
2024-09-29 22:00:00,1913.348136,1973.2064,2022.8578,2079.4197,1994.7970917334117,1891.1802207302867,2098.544120008021,-81.4489557334116,0
2024-09-29 23:00:00,2071.631938,2003.4708,2050.074,2086.8242,2028.6988625935041,1925.0819915903792,2132.4458908681136,42.933075406495846,0
2024-09-30 00:00:00,2403.681474,2214.8945,2070.546,2104.6028,2141.1399773597363,2037.5231063566114,2244.8870056343458,262.54149664026363,0
2024-09-30 01:00:00,2209.958501,2268.6838,2151.4019,2177.6172,2211.714494880869,2108.097623877744,2315.4615231554785,-1.7559938808690276,0
2024-09-30 02:00:00,2334.744952,2219.5486,2181.421,2214.5913,2202.4431153483074,2098.826244345182,2306.190143622917,132.3018366516926,0
2024-09-30 03:00:00,1922.097817,2186.3838,2175.0696,2206.9104,2183.5814917300117,2079.9646207268866,2287.328520004621,-261.48367473001167,0
2024-09-30 04:00:00,2149.417688,2140.397,2148.4536,2171.489,2149.7348334538274,2046.1179624507024,2253.481861728437,-0.31714545382737924,0
2024-09-30 05:00:00,2086.708489,2118.049,2116.717,2125.6787,2125.783220805209,2022.1663498020841,2229.5302490798185,-39.07473180520901,0
2024-09-30 06:00:00,2108.266116,2099.7979,2083.4392,2096.2378,2098.43751088631,1994.820639883185,2202.1845391609195,9.828605113689719,0
2024-09-30 07:00:00,2059.797928,2088.4126,2054.4312,2067.2878,2077.590805908965,1973.9739349058402,2181.3378341835746,-17.792877908965238,0
2024-09-30 08:00:00,2021.947622,2051.6191,2027.0115,2052.3904,2042.3093346416567,1938.6924636385318,2146.056362916266,-20.361712641656823,0
2024-09-30 09:00:00,1891.981794,2058.171,2014.5991,2035.375,2040.0111992110058,1936.3943282078808,2143.758227485615,-148.02940521100572,0
2024-09-30 10:00:00,2083.562745,2058.3665,2008.7378,2023.8193,2038.4335372539408,1934.8166662508158,2142.1805655285502,45.129207746059365,0
2024-09-30 11:00:00,1933.112509,2099.1025,2010.738,2021.7242,2059.9707937226794,1956.3539227195545,2163.717821997289,-126.8582847226794,0
2024-09-30 12:00:00,1900.618645,2078.9006,2022.8422,2020.1388,2060.218897495786,1956.6020264926613,2163.9659257703956,-159.6002524957862,0
2024-09-30 13:00:00,2005.503977,2073.1821,2036.6732,2019.7775,2068.422473603508,1964.805602600383,2172.1695018781174,-62.91849660350795,0
2024-09-30 14:00:00,1989.457163,2048.5596,2057.9695,2031.7043,2070.3477838111335,1966.7309128080085,2174.094812085743,-80.89062081113343,0
2024-09-30 15:00:00,2112.787041,2092.3828,2081.036,2061.4392,2101.8182821891282,1998.2014111860033,2205.5653104637377,10.968758810871805,0
2024-09-30 16:00:00,2225.170281,2126.6133,2110.533,2084.3052,2135.4891875918943,2031.8723165887693,2239.2362158665037,89.68109340810588,0
2024-09-30 17:00:00,2015.972026,2160.3525,2134.1763,2108.2212,2164.0717560214875,2060.4548850183623,2267.818784296097,-148.09973002148763,0
2024-09-30 18:00:00,2226.643788,2158.4695,2157.7078,2149.5222,2171.1696637102445,2067.5527927071194,2274.916691984854,55.47412428975531,1
2024-09-30 19:00:00,2170.3764,2188.7437,2182.435,2208.9536,2189.963968206301,2086.347097203176,2293.7109964809106,-19.587568206301057,1
2024-09-30 20:00:00,2337.088667,2209.6504,2208.551,2222.52,2216.979074812098,2113.362203808973,2320.7261030867076,120.10959218790185,1
2024-09-30 21:00:00,2237.750711,2244.0295,2228.3235,2253.4617,2241.055669711876,2137.4387987087507,2344.8026979864853,-3.30495871187577,1
2024-09-30 22:00:00,2202.789174,2231.4795,2239.2568,2244.9688,2245.784981024779,2142.168110021654,2349.5320092993884,-42.99580702477897,0
2024-09-30 23:00:00,2211.456996,2252.9573,2243.6562,2254.0603,2257.1827199163063,2153.565848913181,2360.9297481909157,-45.72572391630638,0
2024-10-01 00:00:00,2190.504691,2195.679,2245.4255,2238.3923,2235.199614742515,2131.58274373939,2338.9466430171246,-44.69492374251513,0
2024-10-01 01:00:00,2341.293097,2189.4944,2211.5725,2221.2932,2210.039194119225,2106.4223231161,2313.7862223938346,131.25390288077506,0
2024-10-01 02:00:00,2241.391451,2215.4294,2185.9253,2181.1338,2212.4718615110287,2108.8549905079035,2316.218889785638,28.91958948897127,0
2024-10-01 03:00:00,2076.158316,2192.8086,2164.2585,2148.8198,2192.8687504673408,2089.2518794642156,2296.61577874195,-116.71043446734075,0
2024-10-01 04:00:00,2173.074953,2124.2585,2138.219,2128.945,2144.773786124539,2041.1569151214142,2248.5208143991485,28.301166875460694,0
2024-10-01 05:00:00,2284.690615,2076.8745,2112.6018,2094.9187,2110.6903346179784,2007.0734636148534,2214.4373628925878,174.00028038202163,0
2024-10-01 06:00:00,2166.795889,2135.3193,2086.333,2064.0452,2125.8005268538145,2022.1836558506895,2229.547555128424,40.99536214618547,0
2024-10-01 07:00:00,2158.699355,2027.825,2067.7532,2046.3846,2064.4081083414767,1960.7912373383517,2168.155136616086,94.2912466585235,0
2024-10-01 08:00:00,1968.580355,2014.5679,2047.3982,2027.0348,2047.022073602996,1943.405202599871,2150.7691018776054,-78.44171860299593,0
2024-10-01 09:00:00,1856.839152,1994.9019,2030.1401,2016.2119,2026.8480236409164,1923.2311526377914,2130.595051915526,-170.00887164091637,0
2024-10-01 10:00:00,1902.075845,2014.0829,2022.6367,1997.0775,2034.960403561593,1931.343532558468,2138.7074318362024,-132.88455856159294,0
2024-10-01 11:00:00,2112.441562,1999.4374,2020.6711,1988.3098,2028.6488214216074,1925.0319504184824,2132.395849696217,83.79274057839257,0
2024-10-01 12:00:00,1960.929185,2039.8033,2024.1893,1996.2063,2048.67167384263,1945.0548028395049,2152.4187021172393,-87.74248884262988,0
2024-10-01 13:00:00,1944.387791,2025.0853,2040.4312,2008.1298,2051.3625596735646,1947.7456886704397,2155.109587948174,-106.97476867356454,0
2024-10-01 14:00:00,1915.738462,2047.0789,2062.9634,2023.1906,2075.709242685906,1972.0923716827808,2179.456270960515,-159.97078068590577,0
2024-10-01 15:00:00,2115.275994,2063.685,2088.0034,2040.3766,2098.9131201577106,1995.2962491545857,2202.66014843232,16.362873842289446,0
2024-10-01 16:00:00,2051.341928,2116.8599,2110.919,2062.8123,2136.5744445377563,2032.9575735346314,2240.3214728123658,-85.23251653775651,0
2024-10-01 17:00:00,2117.165244,2147.591,2140.343,2090.0156,2167.421031009372,2063.804160006247,2271.1680592839816,-50.2557870093724,0
2024-10-01 18:00:00,2242.556745,2172.3494,2164.8215,2124.3162,2189.7455187254386,2086.1286477223134,2293.492547000048,52.81122627456125,1
2024-10-01 19:00:00,2210.207107,2191.3413,2191.4692,2156.5283,2211.5468314763743,2107.929960473249,2315.2938597509838,-1.3397244763741583,1
2024-10-01 20:00:00,2238.465458,2204.9185,2215.5144,2197.209,2226.5819724201706,2122.9651014170454,2330.32900069478,11.88348557982954,1
2024-10-01 21:00:00,2298.643348,2217.8125,2231.9192,2217.213,2240.5330637220163,2136.916192718891,2344.2800919966257,58.11028427798374,1
2024-10-01 22:00:00,2174.279133,2218.9717,2237.2358,2235.877,2240.532063623523,2136.9151926203976,2344.2790918981323,-66.25293062352284,0
2024-10-01 23:00:00,2103.754318,2077.7107,2239.6914,2241.1777,2173.705521242329,2070.0886502392036,2277.4525495169382,-69.95120324232903,0
2024-10-02 00:00:00,1664.952667,2011.0306,2167.5476,2218.5356,2091.0655237029073,1987.4486526997823,2194.8125519775167,-426.11285670290727,0
2024-10-02 01:00:00,2188.803871,2263.2627,2237.6758,2289.6409,2248.4120451442263,2144.795174141101,2352.1590734188358,-59.60817414422627,0
2024-10-02 02:00:00,2311.625316,2333.0083,2275.9429,2316.1572,2304.9815984152833,2201.364727412158,2408.7286266898927,6.643717584716796,0
2024-10-02 03:00:00,2434.59571,2228.6267,2292.2466,2281.627,2276.6846138881733,2173.067742885048,2380.4316421627827,157.91109611182674,0
2024-10-02 04:00:00,2150.333249,2220.2722,2274.4827,2248.0737,2267.2620833377646,2163.6452123346394,2371.009111612374,-116.92883433776478,0
2024-10-02 05:00:00,2361.41306,2243.673,2258.6624,2253.3196,2264.701745064709,2161.084874061584,2368.4487733393184,96.71131493529083,0
2024-10-02 06:00:00,2202.486721,2175.629,2237.3997,2214.8242,2225.3028483581684,2121.685977355043,2329.049876632778,-22.81612735816816,0
2024-10-02 07:00:00,2290.867551,2141.3638,2209.8877,2185.5027,2194.804437926939,2091.187566923814,2298.5514662015485,96.06311307306078,0
2024-10-02 08:00:00,2157.361576,2170.2893,2188.955,2158.5696,2199.013699959448,2095.3968289563227,2302.7607282340573,-41.65212395944809,0
2024-10-02 09:00:00,2212.963308,2135.9668,2169.9307,2150.2192,2169.835524316724,2066.2186533135987,2273.5825525913333,43.12778368327599,0
2024-10-02 10:00:00,2268.4656,2141.64,2147.7573,2154.9932,2153.9551647154626,2050.3382937123374,2257.702192990072,114.51043528453738,0
2024-10-02 11:00:00,2090.050397,2193.0671,2141.8723,2146.1223,2176.1277329871095,2072.5108619839843,2279.874761261719,-86.07733598710956,0
2024-10-02 12:00:00,2178.417938,2145.5288,2150.5525,2144.5,2160.656345488523,2057.039474485398,2264.4033737631325,17.76159251147692,0
2024-10-02 13:00:00,2296.961389,2164.5703,2153.258,2159.5544,2168.0553712804153,2064.43850027729,2271.8023995550247,128.90601771958472,0
2024-10-02 14:00:00,2176.37207,2188.126,2168.049,2175.827,2186.7732733712114,2083.156402368086,2290.520301645821,-10.401203371211523,0
2024-10-02 15:00:00,2164.457867,2176.812,2185.6987,2214.6892,2185.3773344747283,2081.760463471603,2289.1243627493377,-20.919467474728208,0
2024-10-02 16:00:00,2249.122993,2164.2202,2217.3667,2234.1924,2199.256746323688,2095.6398753205626,2303.0037745982972,49.86624667631213,0
2024-10-02 17:00:00,2138.711075,2229.743,2254.3582,2266.2747,2251.403229984854,2147.786358981729,2355.1502582594635,-112.69215498485391,0
2024-10-02 18:00:00,2252.940266,2277.0955,2279.7756,2306.842,2283.66043105819,2180.043560055065,2387.4074593327996,-30.720165058190105,1
2024-10-02 19:00:00,2320.978759,2267.7917,2322.883,2319.4346,2309.823601771962,2206.2067307688367,2413.5706300465713,11.155157228038206,1
2024-10-02 20:00:00,2299.908264,2308.0742,2339.7358,2358.7034,2332.3222553976034,2228.705384394478,2436.069283672213,-32.41399139760324,1
2024-10-02 21:00:00,2428.28172,2344.2244,2365.8057,2364.61,2368.513084786781,2264.8962137836556,2472.2601130613903,59.76863521321911,1
2024-10-02 22:00:00,2207.366064,2422.1099,2384.78,2386.916,2414.9101152194457,2311.2932442163205,2518.657143494055,-207.54405121944592,0
2024-10-02 23:00:00,2535.907222,2386.7874,2392.2559,2388.481,2403.5178932807817,2299.9010222776565,2507.264921555391,132.38932871921816,0
2024-10-03 00:00:00,2823.054646,2639.1782,2478.9082,2406.2126,2587.394138277144,2483.777267274019,2691.1411665517535,235.66050772285598,0
2024-10-03 01:00:00,2286.775219,2226.9758,2325.4187,2320.8408,2291.9778282034126,2188.3609572002874,2395.724856478022,-5.202609203412521,0
2024-10-03 02:00:00,2307.908804,2233.7566,2257.8274,2253.8713,2259.175510475626,2155.558639472501,2362.9225387502356,48.73329352437395,0
2024-10-03 03:00:00,2125.6627,2197.878,2210.6514,2228.2969,2211.546122723902,2107.929251720777,2315.2931509985115,-85.88342272390219,0
2024-10-03 04:00:00,2166.776821,2163.109,2171.0483,2199.7832,2171.1256557988136,2067.5087847956884,2274.872684073423,-4.348834798813641,0
2024-10-03 05:00:00,2169.044476,2196.055,2133.2246,2196.0046,2158.1564929219307,2054.5396219188056,2261.90352119654,10.887983078069283,0
2024-10-03 06:00:00,2253.622496,2146.3098,2103.8967,2134.9685,2126.870490296988,2023.253619293863,2230.6175185715974,126.75200570301195,0
2024-10-03 07:00:00,1867.132978,2137.8904,2081.0393,2112.0972,2110.722368466794,2007.1054974636688,2214.469396741403,-243.5893904667937,0
2024-10-03 08:00:00,2081.806601,2071.9756,2066.1926,2087.5364,2073.843591290585,1970.2267202874602,2177.5906195651946,7.963009709414564,0
2024-10-03 09:00:00,2044.906032,2057.9133,2052.702,2072.9507,2060.248475741851,1956.631604738726,2163.9955040164605,-15.342443741850957,0
2024-10-03 10:00:00,2037.947628,2051.5127,2043.5403,2053.3208,2054.978789341491,1951.361918338366,2158.7258176161004,-17.031161341491043,0
2024-10-03 11:00:00,1883.29408,2031.2239,2042.3369,2039.337,2047.8911424874727,1944.2742714843478,2151.638170762082,-164.59706248747284,0
2024-10-03 12:00:00,2093.15778,1968.1809,2054.1082,2047.4733,2024.9750894680028,1921.3582184648778,2128.722117742612,68.1826905319972,0
2024-10-03 13:00:00,2055.038996,2072.6968,2064.957,2045.8599,2083.7622080010524,1980.1453369979274,2187.509236275662,-28.72321200105216,0
2024-10-03 14:00:00,2131.224682,2062.7324,2085.1035,2069.174,2088.900588197795,1985.28371719467,2192.6476164724045,42.32409380220497,0
2024-10-03 15:00:00,2185.843681,2110.9055,2104.9111,2109.2004,2117.289097306061,2013.6722263029362,2221.0361255806706,68.55458369393864,0
2024-10-03 16:00:00,2210.391777,2132.6765,2133.1094,2131.6401,2144.104076848708,2040.4872058455828,2247.851105123317,66.28770015129203,0
2024-10-03 17:00:00,2136.449444,2222.92,2158.5874,2174.8203,2196.2154738612103,2092.598602858085,2299.9625021358197,-59.76602986121043,0
2024-10-03 18:00:00,2210.834584,2214.5962,2193.127,2199.041,2213.1890317651264,2109.572160762001,2316.936060039736,-2.354447765126224,1
2024-10-03 19:00:00,2231.197507,2221.9993,2219.578,2226.0764,2230.615420670615,2126.99854966749,2334.3624489452245,0.5820863293847651,1
2024-10-03 20:00:00,2331.611958,2251.3528,2240.901,2243.2483,2256.9924578308924,2153.375586827767,2360.739486105502,74.6195001691076,1
2024-10-03 21:00:00,2253.018927,2253.5596,2256.2463,2248.8372,2268.6598110286227,2165.0429400254975,2372.406839303232,-15.640884028622622,1
2024-10-03 22:00:00,2337.20595,2227.638,2253.2983,2255.711,2252.2403345867674,2148.623463583642,2355.987362861377,84.96561541323263,0
2024-10-03 23:00:00,2256.539061,2291.1594,2232.7617,2247.0786,2268.639748776249,2165.0228777731236,2372.386777050858,-12.100687776248833,0
2024-10-04 00:00:00,2252.456528,2215.7676,2214.4656,2222.617,2224.5096493887904,2120.892778385665,2328.2566776634,27.94687861120974,0
2024-10-04 01:00:00,2170.600874,2209.3071,2206.6873,2194.1287,2222.5365961951943,2118.919725192069,2326.2836244698037,-51.9357221951941,0
2024-10-04 02:00:00,2227.034038,2220.3682,2184.5337,2189.7,2211.570883357494,2107.954012354369,2315.3179116321035,15.463154642505742,0
2024-10-04 03:00:00,2310.162962,2201.06,2160.744,2148.0808,2194.2384786106345,2090.6216076075093,2297.985506885244,115.92448338936538,0
2024-10-04 04:00:00,2063.092307,2140.1055,2134.6785,2138.8918,2147.044619520542,2043.4277485174168,2250.791647795151,-83.95231252054191,0
2024-10-04 05:00:00,2011.246686,2148.1687,2103.9832,2104.069,2135.6419545619697,2032.0250835588447,2239.388982836579,-124.39526856196971,0
2024-10-04 06:00:00,2192.484488,2099.4734,2075.3281,2080.258,2095.9674502610183,1992.3505792578933,2199.7144785356277,96.5170377389818,0
2024-10-04 07:00:00,2019.093649,2064.9792,2047.0735,2047.838,2065.5614668302705,1961.9445958271456,2169.30849510488,-46.46781783027063,0
2024-10-04 08:00:00,2071.749008,2048.2097,2022.4739,2042.9451,2039.5150707709215,1935.8981997677965,2143.2620990455307,32.233937229078265,0
2024-10-04 09:00:00,1906.705278,2023.3947,2012.2288,2008.3368,2028.3977751079829,1924.7809041048579,2132.1448033825923,-121.69249710798294,0
2024-10-04 10:00:00,2002.765551,2018.9956,2009.219,2006.3274,2024.447734885852,1920.830863882727,2128.194763160461,-21.682183885852055,0
2024-10-04 11:00:00,2145.322909,2005.5615,2011.7294,2001.3446,2021.2651206796995,1917.6482496765746,2125.012148954309,124.05778832030046,0
2024-10-04 12:00:00,2082.208218,2042.9036,2013.5051,2006.0076,2039.2971762625145,1935.6803052593896,2143.0442045371237,42.911041737485675,0
2024-10-04 13:00:00,2075.79423,2059.8142,2035.2584,2043.5698,2054.9155269278813,1951.2986559247563,2158.6625552024907,20.878703072118697,0
2024-10-04 14:00:00,2101.7054,2044.9901,2061.148,2050.1235,2066.4762519013857,1962.8593808982607,2170.223280175995,35.22914809861413,0
2024-10-04 15:00:00,2068.889951,2081.7058,2085.3564,2079.7874,2095.468166950583,1991.851295947458,2199.2151952251925,-26.578215950582944,0
2024-10-04 16:00:00,2193.185721,2135.3398,2113.7012,2097.7336,2138.7398376589395,2035.1229666558145,2242.486865933549,54.44588334106038,0
2024-10-04 17:00:00,2202.563633,2136.113,2145.4678,2128.1453,2156.3148680305844,2052.697997027459,2260.061896305194,46.24876496941579,0
2024-10-04 18:00:00,2152.717542,2158.5237,2170.5798,2149.57,2181.2728161270875,2077.6559451239623,2285.019844401697,-28.555274127087614,1
2024-10-04 19:00:00,2059.277787,2183.9397,2190.1453,2182.1775,2200.488499226027,2096.871628222902,2304.2355275006366,-141.21071222602723,1
2024-10-04 20:00:00,2066.310084,2204.1384,2200.3127,2191.1338,2215.831213261846,2112.214342258721,2319.5782415364556,-149.521129261846,1
2024-10-04 21:00:00,2313.801175,2208.9312,2200.7551,2198.777,2216.5315344566125,2112.9146634534873,2320.278562731222,97.2696405433876,1
2024-10-04 22:00:00,2270.22495,2220.88,2195.2947,2179.5654,2222.8134993430845,2119.1966283399593,2326.560527617694,47.41145065691535,0
2024-10-04 23:00:00,2263.964797,2249.846,2169.8337,2176.5107,2217.4521649575236,2113.8352939543984,2321.199193232133,46.512632042476525,0
2024-10-05 00:00:00,1997.826091,1957.1819,2133.7942,2151.0173,2055.992223897325,1952.3753528942,2159.7392521719344,-58.16613289732504,0
2024-10-05 01:00:00,1890.722439,1951.4099,2037.597,2063.7842,1999.90396817099,1896.287097167865,2103.6509964455995,-109.18152917099019,0
2024-10-05 02:00:00,1959.656362,1970.8439,1977.6588,1990.905,1980.633421238762,1877.016550235637,2084.3804495133713,-20.977059238761967,0
2024-10-05 03:00:00,2006.671534,1931.2275,1936.8943,1931.2358,1944.8708411394744,1841.2539701363494,2048.6178694140835,61.800692860525714,0
2024-10-05 04:00:00,1894.773305,1899.1943,1906.4614,1892.3253,1915.5737938777606,1811.9569228746357,2019.32082215237,-20.8004888777607,0
2024-10-05 05:00:00,1942.893244,1896.3871,1872.8058,1881.8503,1890.5040441656336,1786.8871731625086,1994.251072440243,52.389199834366536,0
2024-10-05 06:00:00,1831.770405,1873.9888,1846.1018,1837.967,1869.9855474664837,1766.3686764633587,1973.7325757410931,-38.21514246648371,0
2024-10-05 07:00:00,1879.950062,1870.7056,1830.0636,1815.7126,1861.4774271952983,1757.8605561921734,1965.2244554699078,18.472634804701556,0
2024-10-05 08:00:00,1790.826928,1835.0267,1805.7909,1798.0985,1829.8817607188048,1726.2648897156798,1933.6287889934142,-39.054832718804846,0
2024-10-05 09:00:00,2050.088733,1790.0436,1790.2852,1796.3253,1796.7104655855483,1693.0935945824233,1900.4574938601577,253.37826741445178,0
2024-10-05 10:00:00,1817.673374,1855.5198,1781.2566,1766.9144,1828.3193005670532,1724.7024295639283,1932.0663288416627,-10.645926567053266,0
2024-10-05 11:00:00,1710.979067,1782.1897,1782.962,1795.8842,1787.334150017447,1683.717279014322,1891.0811782920564,-76.35508301744699,0
2024-10-05 12:00:00,1747.18207,1794.0043,1790.7247,1787.3936,1801.2045491217928,1697.5876781186678,1904.9515773964022,-54.022479121792685,0
2024-10-05 13:00:00,1716.452006,1817.8746,1802.345,1808.8383,1816.2788796432787,1712.6620086401538,1920.0259079178882,-99.82687364327876,0
2024-10-05 14:00:00,1931.919069,1835.9923,1818.6671,1830.7142,1832.184354395523,1728.5674833923981,1935.9313826701325,99.73471460447695,0
2024-10-05 15:00:00,1952.575806,1846.8811,1839.539,1861.275,1846.0093062495416,1742.3924352464167,1949.756334524151,106.56649975045843,0
2024-10-05 16:00:00,1766.081144,1876.317,1862.9401,1882.0448,1873.1443767037135,1769.5275057005886,1976.891404978323,-107.06323270371354,0
2024-10-05 17:00:00,1910.597091,1883.452,1889.522,1935.1346,1883.9544923357414,1780.3376213326164,1987.7015206103508,26.642598664258685,0
2024-10-05 18:00:00,1925.025242,1912.4149,1912.2521,1943.2726,1913.5333621768946,1809.9164911737696,2017.280390451504,11.491879823105364,1
2024-10-05 19:00:00,1951.610202,1947.5048,1936.2612,1986.6987,1938.111696130734,1834.494825127609,2041.8587244053433,13.498505869266182,1
2024-10-05 20:00:00,1979.348997,1964.6133,1956.6995,1998.9565,1959.1949888663473,1855.5781178632224,2062.9420171409565,20.154008133652724,1
2024-10-05 21:00:00,1988.057576,1988.4001,1974.2715,2025.7981,1977.5293576711001,1873.9124866679751,2081.2763859457095,10.528218328899811,1
2024-10-05 22:00:00,2059.129157,2033.1964,1986.0928,2030.0703,2007.0913417173265,1903.4744707142015,2110.838369991936,52.037815282673364,0
2024-10-05 23:00:00,1927.79152,2057.4167,1999.0016,2033.2802,2027.9555833619643,1924.3387123588393,2131.7026116365737,-100.16406336196428,0
2024-10-06 00:00:00,2019.965483,2023.321,1997.6155,2035.9456,2009.9242436209954,1906.3073726178704,2113.6712718956046,10.041239379004537,0
2024-10-06 01:00:00,1811.255531,1972.3192,1984.3414,2056.4211,1970.0017608782732,1866.3848898751482,2073.7487891528826,-158.7462298782732,0
2024-10-06 02:00:00,2038.916485,1930.2076,1963.859,2024.3965,1941.9527100505445,1838.3358390474195,2045.699738325154,96.96377494945546,0
2024-10-06 03:00:00,1988.197153,1943.4327,1937.9176,2015.6112,1930.1527933457182,1826.5359223425933,2033.8998216203277,58.044359654281834,0
2024-10-06 04:00:00,1936.825188,1909.9489,1914.5791,1979.3035,1905.065750942121,1801.448879938996,2008.8127792167304,31.75943705787904,0
2024-10-06 05:00:00,1939.025407,1852.2244,1884.2039,1946.9639,1861.8916265176306,1758.2747555145056,1965.63865479224,77.1337804823695,0
2024-10-06 06:00:00,1848.071477,1866.0759,1851.4004,1905.2621,1853.3389559453226,1749.7220849421976,1957.085984219932,-5.267478945322637,0
2024-10-06 07:00:00,1791.654271,1776.9204,1826.6708,1855.9292,1803.8897831445845,1700.2729121414595,1907.636811419194,-12.23551214458439,0
2024-10-06 08:00:00,1798.415829,1776.3359,1803.5485,1835.304,1790.7047121392563,1687.0878411361314,1894.4517404138658,7.711116860743687,0
2024-10-06 09:00:00,1837.12625,1789.8776,1783.4177,1813.5415,1786.8932133622725,1683.2763423591475,1890.640241636882,50.23303663772754,0
2024-10-06 10:00:00,1819.327138,1789.7582,1776.4056,1798.8309,1785.061373027875,1681.4445020247501,1888.8084013024845,34.265764972125,0
2024-10-06 11:00:00,1630.536486,1772.3495,1774.1714,1792.234,1776.6714506508529,1673.054579647728,1880.4184789254623,-146.1349646508529,0
2024-10-06 12:00:00,1719.320946,1734.0948,1777.2836,1802.2628,1758.3185757888411,1654.7017047857162,1862.0656040634506,-38.997629788841095,0
2024-10-06 13:00:00,1804.96455,1748.0375,1785.1075,1801.6503,1771.259603795803,1667.642732792678,1875.0066320704125,33.70494620419686,0
2024-10-06 14:00:00,1781.306189,1819.3748,1800.4576,1825.7206,1811.244679391786,1707.627808388661,1914.9917076663953,-29.93849039178599,0
2024-10-06 15:00:00,1933.310887,1838.973,1819.1506,1853.56,1828.206426426934,1724.589555423809,1931.9534547015435,105.10446057306604,0
2024-10-06 16:00:00,1919.88531,1865.1714,1846.1904,1894.4603,1851.5561615007787,1747.9392904976537,1955.303189775388,68.32914849922122,0
2024-10-06 17:00:00,1776.705892,1861.9994,1877.0691,1939.4059,1862.8758823826981,1759.2590113795732,1966.6229106573076,-86.16999038269819,0
2024-10-06 18:00:00,2023.152962,1935.0555,1910.4865,1960.6593,1918.555293681471,1814.9384226783461,2022.3023219560805,104.5976683185288,1
2024-10-06 19:00:00,1991.254022,1929.5814,1946.4906,1995.2283,1935.4188695061298,1831.8019985030048,2039.1658977807392,55.83515249387028,1
2024-10-06 20:00:00,1982.879936,1953.1967,1983.866,2045.844,1963.1794302097683,1859.5625592066433,2066.9264584843777,19.700505790231773,1
2024-10-06 21:00:00,1863.306254,1998.8228,2010.7185,2080.2217,1997.3034087494043,1893.6865377462793,2101.0504370240137,-133.99715474940422,1
2024-10-06 22:00:00,2195.468112,1955.0348,2047.4916,2089.411,2002.9064993618495,1899.2896283587245,2106.653527636459,192.56161263815056,0
2024-10-06 23:00:00,2128.353227,2026.8438,2073.6853,2118.1194,2050.4427953446634,1946.8259243415384,2154.189823619273,77.91043165533665,0
2024-10-07 00:00:00,2170.383256,2252.4138,2104.9202,2111.633,2184.209137994202,2080.592266991077,2287.9561662688116,-13.825881994202064,0
2024-10-07 01:00:00,2311.856034,2169.9402,2187.4446,2213.0342,2183.8851779576494,2080.268306954524,2287.632206232259,127.97085604235053,0
2024-10-07 02:00:00,2379.841751,2224.0955,2199.4553,2237.545,2212.9420580090077,2109.3251870058825,2316.689086283617,166.8996929909922,0
2024-10-07 03:00:00,2306.653031,2172.2097,2197.2085,2206.406,2194.2981010313383,2090.681230028213,2298.0451293059477,112.35492996866151,0
2024-10-07 04:00:00,2097.142954,2138.2686,2174.1357,2184.2544,2165.6200540689574,2062.003183065832,2269.367082343567,-68.4771000689575,0
2024-10-07 05:00:00,2171.682414,2118.2698,2143.2073,2145.5896,2141.6152555515564,2037.9983845484314,2245.362283826166,30.06715844844348,0
2024-10-07 06:00:00,2226.009367,2089.6177,2107.8071,2103.7327,2110.7835808906693,2007.1667098875444,2214.5306091652787,115.22578610933078,0
2024-10-07 07:00:00,2137.934649,2088.1284,2078.4587,2085.8923,2091.582115892243,1987.9652448891181,2195.3291441668525,46.3525331077567,0
2024-10-07 08:00:00,2005.673726,2049.8462,2053.6223,2065.2532,2059.067486699181,1955.4506156960558,2162.81451497379,-53.3937606991808,0
2024-10-07 09:00:00,2083.371043,1987.1832,2033.4185,2030.4274,2022.1381809120617,1918.5213099089367,2125.885209186671,61.23286208793843,0
2024-10-07 10:00:00,1916.097895,2041.1208,2025.7208,2019.7213,2044.552193990276,1940.935322987151,2148.2992222648854,-128.4542989902759,0
2024-10-07 11:00:00,1989.432823,1990.4032,2021.1996,2007.91,2019.793591951282,1916.176720948157,2123.5406202258914,-30.360768951281898,0
2024-10-07 12:00:00,2208.561272,2025.4526,2020.5038,2010.9025,2035.2169466119772,1931.6000756088522,2138.9639748865866,173.34432538802275,0
2024-10-07 13:00:00,2052.197584,2068.6123,2036.643,2026.8438,2064.430441295512,1960.813570292387,2168.1774695701215,-12.232857295512076,0
2024-10-07 14:00:00,2034.075242,2034.7478,2055.5212,2045.4275,2058.366212419137,1954.749341416012,2162.1132406937463,-24.29097041913701,0
2024-10-07 15:00:00,2073.286909,2090.154,2084.0264,2071.2556,2100.61544199073,1996.9985709876048,2204.362470265339,-27.328532990729855,0
2024-10-07 16:00:00,2110.928358,2125.1145,2113.3516,2085.5544,2136.6672149685405,2033.0503439654155,2240.41424324315,-25.738856968540404,0
2024-10-07 17:00:00,2117.105925,2122.4307,2140.5122,2131.8264,2144.970084091136,2041.353213088011,2248.7171123657454,-27.864159091136116,0
2024-10-07 18:00:00,2242.819573,2173.6746,2174.7092,2163.4727,2188.222631419167,2084.605760416042,2291.9696596937765,54.59694158083312,1
2024-10-07 19:00:00,2193.708487,2204.8728,2204.0608,2186.5007,2220.2914848905293,2116.674613887404,2324.0385131651387,-26.58299789052944,1
2024-10-07 20:00:00,2213.505675,2220.5188,2234.1826,2200.6208,2247.795945913435,2144.1790749103097,2351.5429741880444,-34.29027091343505,1
2024-10-07 21:00:00,2210.139555,2247.9087,2240.9785,2227.5547,2259.3798018683806,2155.7629308652554,2363.12683014299,-49.24024686838038,1
2024-10-07 22:00:00,2214.846453,2233.6077,2250.1973,2247.001,2254.861793800465,2151.2449227973398,2358.6088220750744,-40.015340800464855,0
2024-10-07 23:00:00,2358.63977,2232.619,2253.996,2260.8516,2253.863752876423,2150.2468818732978,2357.6107811510324,104.77601712357728,0
2024-10-08 00:00:00,2210.407852,2228.3909,2253.2551,2254.8967,2252.7717357766765,2149.1548647735513,2356.518764051286,-42.36388377667663,0
2024-10-08 01:00:00,2304.04815,2195.3853,2233.1255,2235.9158,2226.0449264829917,2122.4280554798665,2329.791954757601,78.00322351700834,0
2024-10-08 02:00:00,2249.567779,2185.6973,2208.3765,2195.9983,2212.12094753713,2108.504076534005,2315.8679758117396,37.446831462869795,0
2024-10-08 03:00:00,2309.854229,2163.059,2188.0278,2171.484,2191.569668362986,2087.9527973598606,2295.316696637595,118.28456063701424,0
2024-10-08 04:00:00,2168.043285,2149.7966,2157.493,2136.0437,2170.2722170801703,2066.655346077045,2274.0192453547797,-2.228932080170125,0
2024-10-08 05:00:00,2039.163732,2112.842,2133.7312,2118.5007,2138.4502726176756,2034.8334016145507,2242.197300892285,-99.28654061767566,0
2024-10-08 06:00:00,2054.647925,2104.0706,2107.5134,2086.1953,2121.886786590802,2018.269915587677,2225.6338148654113,-67.23886159080166,0
2024-10-08 07:00:00,2083.620683,2064.4297,2082.7695,2062.216,2089.6412790992385,1986.0244080961136,2193.388307373848,-6.020596099238446,0
2024-10-08 08:00:00,2049.392083,2030.3807,2058.9785,2039.4705,2060.4990701679294,1956.8821991648044,2164.246098442539,-11.10698716792922,0
2024-10-08 09:00:00,2233.041046,2068.321,2046.5361,2033.7627,2070.295643440167,1966.6787724370422,2174.0426717147766,162.74540255983266,0
2024-10-08 10:00:00,2091.562733,2036.8142,2041.0203,2013.5428,2056.0520343815037,1952.4351633783788,2159.799062656113,35.51069861849646,0
2024-10-08 11:00:00,2004.114156,2026.2172,2041.4037,2031.0573,2046.8649801271717,1943.2481091240468,2150.612008401781,-42.750824127171654,0
2024-10-08 12:00:00,2087.070933,2001.0544,2047.7133,2026.7926,2040.8816300738326,1937.2647590707077,2144.628658348442,46.18930292616733,0
2024-10-08 13:00:00,1991.904892,2028.2037,2055.5234,2027.2091,2059.8538004141897,1956.2369294110647,2163.600828688799,-67.94890841418965,0
2024-10-08 14:00:00,2100.457738,2037.8085,2075.4436,2041.23,2076.50418213326,1972.8873111301352,2180.2512104078696,23.953555866739862,0
2024-10-08 15:00:00,2183.716687,2092.5469,2094.2666,2072.1575,2109.5556696332546,2005.9387986301297,2213.302697907864,74.16101736674545,0
2024-10-08 16:00:00,2038.589087,2109.213,2124.0088,2097.423,2134.4298300589694,2030.8129590558444,2238.176858333579,-95.84074305896934,0
2024-10-08 17:00:00,2038.594959,2125.4739,2148.5447,2128.3628,2153.5945294183916,2049.9776584152664,2257.341557693001,-114.99957041839161,0
2024-10-08 18:00:00,2183.141694,2171.3494,2170.7126,2158.6086,2185.2108895785236,2081.5940185753984,2288.957917853133,-2.069195578523704,1
2024-10-08 19:00:00,2124.86318,2209.3445,2198.0251,2183.0076,2218.5781954681975,2114.9613244650723,2322.325223742807,-93.71501546819763,1
2024-10-08 20:00:00,2318.303317,2241.2476,2214.7156,2214.63,2238.8852499038912,2135.268378900766,2342.6322781785007,79.41806709610864,1
2024-10-08 21:00:00,2331.787216,2248.5288,2237.6575,2233.2295,2255.6370604045933,2152.020189401468,2359.3840886792027,76.15015559540689,1
2024-10-08 22:00:00,2317.903296,2232.3032,2244.266,2259.9321,2246.31914324849,2142.702272245365,2350.0661715230995,71.58415275150992,0
2024-10-08 23:00:00,2269.237946,2232.6406,2254.612,2265.7234,2253.124498843809,2149.5076278406837,2356.8715271184183,16.11344715619134,0
2024-10-09 00:00:00,2258.489322,2238.88,2256.9353,2256.0046,2260.3814645177704,2156.764593514645,2364.12849279238,-1.8921425177704805,0
2024-10-09 01:00:00,2258.638068,2200.1096,2227.7522,2234.008,2224.570313377535,2120.95344237441,2328.3173416521445,34.067754622465145,0
2024-10-09 02:00:00,2267.531347,2230.3914,2215.211,2201.552,2237.4012242752483,2133.784353272123,2341.1482525498577,30.1301227247518,0
2024-10-09 03:00:00,2238.95035,2176.291,2194.958,2176.8716,2201.95308532757,2098.336214324445,2305.7001136021795,36.99726467242999,0
2024-10-09 04:00:00,2160.801648,2160.3152,2170.3562,2151.5417,2181.4536634953756,2077.8367924922504,2285.200691769985,-20.652015495375508,0
2024-10-09 05:00:00,2127.567414,2124.741,2141.3125,2123.3928,2148.833310194955,2045.2164391918302,2252.5803384695646,-21.265896194955076,0
2024-10-09 06:00:00,2021.146087,2104.0234,2113.5422,2102.08,2122.5714213074375,2018.9545503043125,2226.318449582047,-101.42533430743742,0
2024-10-09 07:00:00,2102.587573,2063.981,2092.9504,2079.9019,2092.9331572174383,1989.3162862143133,2196.6801854920477,9.6544157825615,0
2024-10-09 08:00:00,2194.295408,2039.3184,2072.338,2054.6704,2071.3903470816904,1967.7734760785654,2175.1373753563,122.90506091830957,0
2024-10-09 09:00:00,1962.030416,2057.9226,2056.023,2034.3589,2072.6186090698016,1969.0017380666766,2176.365637344411,-110.58819306980149,0
2024-10-09 10:00:00,1824.54659,2002.783,2051.292,2028.522,2044.074090803732,1940.457219800607,2147.8211190783413,-219.52750080373198,0
2024-10-09 11:00:00,2072.399293,1993.8167,2044.6217,2023.8885,2035.7391439016858,1932.1222728985608,2139.486172176295,36.66014909831415,0
2024-10-09 12:00:00,2188.227861,2022.2417,2046.3472,2017.9926,2052.1476635132162,1948.5307925100913,2155.8946917878256,136.08019748678362,0
2024-10-09 13:00:00,1935.364648,2053.2166,2061.6245,2037.2291,2074.0373932277785,1970.4205222246535,2177.784421502388,-138.67274522777848,0
2024-10-09 14:00:00,2017.064853,2070.04,2079.2642,2061.7556,2089.6874602119956,1986.0705892088706,2193.434488486605,-72.6226072119955,0
2024-10-09 15:00:00,2180.614521,2096.7053,2099.7544,2069.363,2116.548453168913,2012.931582165788,2220.2954814435225,64.06606783108691,0
2024-10-09 16:00:00,2204.825742,2112.9304,2124.2793,2101.1558,2135.4716238743217,2031.8547528711968,2239.218652148931,69.35411812567827,0
2024-10-09 17:00:00,2137.021196,2133.5537,2151.0374,2132.8762,2158.2623038535653,2054.64543285044,2262.0093321281747,-21.241107853565154,0
2024-10-09 18:00:00,2110.336977,2180.3298,2177.6685,2162.4297,2193.9819001434025,2090.3650291402773,2297.728928418012,-83.6449231434026,1
2024-10-09 19:00:00,2116.982336,2157.711,2202.6099,2188.0244,2196.262935146663,2092.646064143538,2300.0099634212725,-79.28059914666301,1
2024-10-09 20:00:00,2298.322211,2221.2288,2219.0447,2225.3865,2230.004330729301,2126.3874597261756,2333.7513590039102,68.31788027069933,1
2024-10-09 21:00:00,2399.224098,2250.9316,2244.3137,2226.863,2263.6115354000185,2159.9946643968933,2367.358563674628,135.61256259998163,1
2024-10-09 22:00:00,2414.295379,2226.7498,2256.1284,2236.6887,2258.846831080096,2155.2299600769707,2362.5938593547053,155.44854791990429,0
2024-10-09 23:00:00,2323.955625,2224.9126,2255.9568,2252.256,2253.8975085034604,2150.280637500335,2357.64453677807,70.0581164965397,0
2024-10-10 00:00:00,2242.369848,2232.0662,2250.4219,2251.9468,2253.0510914223337,2149.4342204192085,2356.798119696943,-10.681243422333864,0
2024-10-10 01:00:00,2218.664709,2231.4358,2239.7751,2232.6594,2249.2842908314014,2145.6674198282763,2353.031319106011,-30.61958183140132,0
2024-10-10 02:00:00,2374.986675,2226.0054,2222.7676,2212.8235,2238.379905989302,2134.763034986177,2342.1269342639116,136.60676901069792,0
2024-10-10 03:00:00,2116.575534,2190.78,2200.207,2191.4666,2209.28949124662,2105.6726202434947,2313.0365195212294,-92.71395724661988,0
2024-10-10 04:00:00,2352.025293,2158.2803,2177.8066,2164.3909,2183.071948578452,2079.455077575327,2286.8189768530615,168.95334442154808,0
2024-10-10 05:00:00,2176.428273,2122.9998,2145.6904,2122.3428,2151.6995403294404,2048.082669326315,2255.44656860405,24.728732670559566,0
2024-10-10 06:00:00,1963.044399,2105.2163,2116.3438,2114.485,2122.1984364772443,2018.5815654741193,2225.9454647518537,-159.15403747724417,0
2024-10-10 07:00:00,2099.289295,2073.6912,2084.6738,2088.999,2088.77820971544,1985.161338712315,2192.5252379900494,10.511085284560068,0
2024-10-10 08:00:00,1966.201237,2085.407,2059.8694,2065.81,2080.7929485738514,1977.1760775707264,2184.539976848461,-114.5917115738514,0
2024-10-10 09:00:00,1995.584292,2053.956,2044.9994,2036.6432,2061.5073992313573,1957.8905282282324,2165.2544275059668,-65.92310723135733,0
2024-10-10 10:00:00,1897.540872,2045.7987,2034.6063,2037.852,2049.1625728234394,1945.5457018203144,2152.909601098049,-151.62170082343937,0
2024-10-10 11:00:00,2007.365236,2032.4441,2030.4934,2030.599,2041.4007199993985,1937.7838489962735,2145.147748274008,-34.035483999398366,0
2024-10-10 12:00:00,1943.483128,2041.0471,2037.6333,2038.9109,2048.9998480791883,1945.3829770760633,2152.7468763537977,-105.51672007918819,0
2024-10-10 13:00:00,2077.060728,2031.887,2049.9526,2049.043,2051.721611001233,1948.1047399981082,2155.4686392758426,25.339116998766713,0
2024-10-10 14:00:00,2118.478308,2088.2644,2066.6658,2063.394,2088.0948513968347,1984.4779803937097,2191.841879671444,30.38345660316554,0
2024-10-10 15:00:00,2008.285541,2098.1252,2092.343,2086.8848,2106.9843680644117,2003.3674970612867,2210.731396339021,-98.69882706441172,0
2024-10-10 16:00:00,2186.705861,2119.2236,2125.5571,2128.8853,2132.4616064072975,2028.8447354041725,2236.208634681907,54.24425459270242,0
2024-10-10 17:00:00,2149.253773,2134.672,2152.1204,2142.773,2157.141311986435,2053.52444098331,2260.8883402610445,-7.887538986435175,0
2024-10-10 18:00:00,2056.394528,2168.282,2176.147,2180.0906,2182.572353732652,2078.955482729527,2286.3193820072615,-126.17782573265231,1
2024-10-10 19:00:00,2268.190661,2187.1748,2201.4368,2204.527,2205.229017167759,2101.612146164634,2308.9760454423686,62.96164383224095,1
2024-10-10 20:00:00,2206.253805,2225.4163,2217.457,2220.993,2231.86963457748,2128.252763574355,2335.6166628520896,-25.615829577480326,1
2024-10-10 21:00:00,2291.206127,2199.913,2241.7947,2235.3787,2235.136588510712,2131.519717507587,2338.8836167853215,56.06953848928788,1
2024-10-10 22:00:00,2255.050325,2244.4646,2246.467,2240.3875,2258.7919699928957,2155.1750989897705,2362.538998267505,-3.7416449928955444,0
2024-10-10 23:00:00,2229.701534,2231.8733,2244.1562,2230.428,2253.491557446275,2149.8746864431496,2357.238585720884,-23.790023446274972,0
2024-10-11 00:00:00,2347.916051,2238.9973,2222.0745,2221.1443,2241.931515958275,2138.31464495515,2345.6785442328846,105.98453504172494,0
2024-10-11 01:00:00,2273.560414,2201.795,2217.3345,2205.919,2224.3146486908086,2120.6977776876834,2328.061676965418,49.24576530919148,0
2024-10-11 02:00:00,2246.377952,2200.32,2202.6895,2189.493,2216.287082069759,2112.670211066634,2320.0341103443684,30.090869930240842,0
2024-10-11 03:00:00,2158.034918,2194.2725,2176.8477,2156.9722,2201.37261220564,2097.755741202515,2305.1196404802495,-43.33769420564022,0
2024-10-11 04:00:00,2104.34666,2122.836,2142.8308,2136.124,2145.8936815906945,2042.2768105875696,2249.640709865304,-41.547021590694385,0
2024-10-11 05:00:00,2143.521723,2067.8684,2116.6746,2109.6196,2105.8659859252225,2002.2491149220975,2209.613014199832,37.655737074777335,0
2024-10-11 06:00:00,1958.149503,2087.9429,2083.8086,2077.3293,2097.8530844806987,1994.2362134775738,2201.600112755308,-139.70358148069863,0
2024-10-11 07:00:00,2088.165644,2056.962,2050.8972,2055.5754,2062.775336660029,1959.1584656569041,2166.5223649346385,25.39030733997106,0
2024-10-11 08:00:00,2050.271784,2048.498,2027.5946,2028.6342,2047.2866396322775,1943.6697686291525,2151.033667906887,2.985144367722569,0
2024-10-11 09:00:00,1971.290524,2007.235,2016.3854,2018.01,2021.4973135847292,1917.8804425816043,2125.2443418593384,-50.20678958472922,0
2024-10-11 10:00:00,1983.158839,2010.274,2004.5961,2010.4823,2015.6111575352354,1911.9942865321104,2119.3581858098446,-32.45231853523546,0
2024-10-11 11:00:00,2029.99156,2031.9625,1999.8773,2007.1553,2023.1039752224956,1919.4871042193706,2126.851003497105,6.887584777504344,0
2024-10-11 12:00:00,2130.080487,2040.9174,2014.9637,2015.4419,2037.1060352027162,1933.4891641995912,2140.8530634773256,92.97445179728402,0
2024-10-11 13:00:00,1925.300609,2061.6667,2035.429,2047.1058,2055.038724899666,1951.4218538965408,2158.785753174275,-129.7381158996659,0
2024-10-11 14:00:00,2093.422559,2063.7415,2056.269,2050.371,2071.53765744097,1967.9207864378452,2175.2846857155796,21.884901559029913,0
2024-10-11 15:00:00,2113.487497,2067.8164,2082.79,2087.9114,2084.773342460777,1981.1564714576518,2188.520370735386,28.714154539223273,0
2024-10-11 16:00:00,2154.365008,2136.6287,2108.524,2115.2236,2130.8723759864424,2027.2555049833175,2234.619404261052,23.492632013557795,0
2024-10-11 17:00:00,2197.628287,2119.4197,2140.6772,2141.6912,2141.167096053423,2037.550225050298,2244.9141243280324,56.46119094657706,0
2024-10-11 18:00:00,2147.328569,2150.7493,2164.8462,2162.3333,2169.8399724371875,2066.2231014340623,2273.587000711797,-22.51140343718771,1
2024-10-11 19:00:00,2196.74696,2190.1404,2180.3132,2192.432,2193.146878873278,2089.530007870153,2296.8939071478876,3.6000811267217614,1
2024-10-11 20:00:00,2300.969758,2207.86,2192.0151,2190.8486,2211.1755150110152,2107.55864400789,2314.9225432856247,89.79424298898493,1
2024-10-11 21:00:00,2276.481648,2245.4956,2195.6187,2206.6309,2227.9673941600236,2124.3505231568984,2331.714422434633,48.51425383997639,1
2024-10-11 22:00:00,2254.763524,2249.943,2195.0674,2198.0989,2231.81601122399,2128.1991402208646,2335.563039498599,22.94751277601017,0
2024-10-11 23:00:00,2436.829676,2242.9917,2183.7107,2199.1199,2219.338877941503,2115.722006938378,2323.0859062161126,217.4907980584967,0
2024-10-12 00:00:00,2077.929593,2044.8529,2143.9229,2175.9216,2099.4681849996305,1995.8513139965055,2203.21521327424,-21.538591999630626,0
2024-10-12 01:00:00,2000.685058,1992.927,2039.357,2091.5618,2014.0687033110225,1910.4518323078976,2117.815731585632,-13.38364531102252,0
2024-10-12 02:00:00,1966.302417,2018.4951,1982.1224,2026.7637,1997.8002761826056,1894.1834051794806,2101.547304457215,-31.497859182605453,0
2024-10-12 03:00:00,1882.111113,1932.1183,1944.4424,1959.2013,1944.1378149050338,1840.5209439019088,2047.8848431796432,-62.02670190503386,0
2024-10-12 04:00:00,2002.554753,1958.0999,1909.2354,1921.5222,1938.4720417353803,1834.8551707322554,2042.2190700099898,64.08271126461955,0
2024-10-12 05:00:00,1679.610244,1927.4934,1881.8412,1886.4996,1911.2541061181507,1807.6372351150258,2015.0011343927602,-231.64386211815076,0
2024-10-12 06:00:00,1799.884967,1828.4034,1859.4272,1856.5182,1853.983894685113,1750.367023681988,1957.7309229597224,-54.09892768511304,0
2024-10-12 07:00:00,1793.978046,1826.5463,1829.0817,1832.2764,1835.4446276043889,1731.827756601264,1939.1916558789983,-41.46658160438892,0
2024-10-12 08:00:00,1754.558032,1824.5787,1811.8026,1812.1422,1826.0553937691411,1722.4385227660161,1929.8024220437505,-71.49736176914121,0
2024-10-12 09:00:00,1890.566094,1850.9086,1796.4833,1799.3428,1829.850373962792,1726.233502959667,1933.5974022374014,60.71572003720803,0
2024-10-12 10:00:00,1680.861688,1768.7822,1792.159,1780.1069,1792.136043016542,1688.5191720134171,1895.8830712911515,-111.27435501654213,0
2024-10-12 11:00:00,1767.852373,1785.1163,1788.5452,1788.924,1794.867654171078,1691.250783167953,1898.6146824456873,-27.01528117107796,0
2024-10-12 12:00:00,1788.829308,1759.5927,1791.6097,1794.2605,1783.7397341369735,1680.1228631338486,1887.486762411583,5.089573863026544,0
2024-10-12 13:00:00,1801.506075,1767.7759,1798.6504,1816.4788,1787.5428352835115,1683.9259642803866,1891.289863558121,13.963239716488488,0
2024-10-12 14:00:00,1803.402311,1840.3784,1811.4663,1835.29,1827.47573795273,1723.858866949605,1931.2227662273394,-24.07342695272996,0
2024-10-12 15:00:00,1784.882885,1855.8815,1837.1046,1850.036,1851.23938679499,1747.622515791865,1954.9864150695994,-66.35650179498998,0
2024-10-12 16:00:00,1934.810512,1874.515,1860.9684,1883.6569,1870.3312064384518,1766.7143354353268,1974.0782347130612,64.47930556154824,0
2024-10-12 17:00:00,1908.75515,1939.0529,1891.0132,1904.2921,1919.458541763434,1815.841670760309,2023.2055700380433,-10.703391763433956,0
2024-10-12 18:00:00,1918.256773,1925.3403,1923.506,1973.2521,1920.9385262845378,1817.3216552814129,2024.6855545591472,-2.6817532845377627,1
2024-10-12 19:00:00,1966.875128,1908.7932,1941.1371,1977.4532,1925.7990202333242,1822.1821492301992,2029.5460485079336,41.076107766675705,1
2024-10-12 20:00:00,1853.291129,1978.0654,1962.1472,2007.5552,1967.7092666573913,1864.0923956542663,2071.4562949320007,-114.4181376573913,1
2024-10-12 21:00:00,1961.993373,1977.3541,1979.8279,2006.7141,1981.4410625026985,1877.8241914995735,2085.188090777308,-19.447689502698495,1
2024-10-12 22:00:00,2049.897413,1994.7097,1989.4556,2035.4564,1989.9986306849726,1886.3817596818476,2093.7456589595818,59.898782315027574,0
2024-10-12 23:00:00,1988.195613,1986.5315,1991.3315,2032.9658,1988.196427835352,1884.5795568322271,2091.9434561099615,-0.000814835352002774,0
2024-10-13 00:00:00,2007.793559,1996.4779,1985.0082,2040.7802,1986.0097144979202,1882.3928434947952,2089.7567427725294,21.783844502079774,0
2024-10-13 01:00:00,1800.034901,1976.708,1965.144,2024.9183,1965.0180987722215,1861.4012277690965,2068.765127046831,-164.9831977722215,0
2024-10-13 02:00:00,2050.463503,1921.3184,1940.4343,2007.1661,1923.7087370842012,1820.0918660810762,2027.4557653588106,126.75476591579877,0
2024-10-13 03:00:00,2025.720663,1932.1829,1914.4818,1995.5408,1911.4920871159486,1807.8752161128236,2015.239115390558,114.22857588405145,0
2024-10-13 04:00:00,1844.154401,1896.9834,1889.1184,1954.9601,1885.0801365808595,1781.4632655777345,1988.827164855469,-40.92573558085951,0
2024-10-13 05:00:00,1845.356243,1847.316,1856.5643,1928.4396,1842.5710319368739,1738.9541609337489,1946.3180602114833,2.7852110631260985,0
2024-10-13 06:00:00,1878.934027,1791.9894,1824.0638,1884.0717,1801.918165816455,1698.30129481333,1905.6651940910644,77.01586118354498,0
2024-10-13 07:00:00,1880.036818,1810.0295,1801.8528,1825.3094,1807.9826498512687,1704.3657788481437,1911.729678125878,72.05416814873138,0
2024-10-13 08:00:00,1780.46151,1767.2006,1782.9492,1823.5435,1773.174227054992,1669.557356051867,1876.9212553296013,7.287282945008201,0
2024-10-13 09:00:00,1765.695459,1757.0126,1766.7357,1796.9346,1762.3352766945213,1658.7184056913964,1866.0823049691307,3.360182305478702,0
2024-10-13 10:00:00,1765.207698,1767.6403,1759.2394,1780.0754,1765.7959381214748,1662.1790671183498,1869.5429663960842,-0.5882401214748825,0
2024-10-13 11:00:00,1774.366941,1729.7914,1759.7903,1783.4601,1747.3098916656315,1643.6930206625066,1851.056919940241,27.057049334368457,0
2024-10-13 12:00:00,1938.582021,1793.3005,1762.5433,1781.1193,1780.3667792014153,1676.7499081982903,1884.1138074760247,158.21524179858466,0
2024-10-13 13:00:00,1817.778545,1808.1562,1779.9438,1795.439,1797.4723975698366,1693.8555265667117,1901.219425844446,20.306147430163264,0
2024-10-13 14:00:00,1916.610258,1810.7123,1797.2058,1815.2535,1807.2099155850879,1703.5930445819629,1910.9569438596973,109.40034241491207,0
2024-10-13 15:00:00,1745.090416,1823.6068,1819.4662,1847.793,1822.5798495748186,1718.9629785716936,1926.326877849428,-77.48943357481858,0
2024-10-13 16:00:00,1997.51365,1836.824,1848.2441,1874.314,1844.73484505863,1741.117974055505,1948.4818733332395,152.77880494137003,0
2024-10-13 17:00:00,1944.375222,1898.2305,1877.1237,1920.5553,1884.9769217897933,1781.3600507866684,1988.7239500644027,59.39830021020657,0
2024-10-13 18:00:00,1875.343685,1892.8385,1907.5637,1945.4512,1899.9654678270313,1796.3485968239063,2003.7124961016407,-24.62178282703121,1
2024-10-13 19:00:00,1903.610754,1941.3691,1934.7445,1990.7485,1932.9704309991573,1829.3535599960323,2036.7174592737667,-29.359676999157273,1
2024-10-13 20:00:00,2029.232735,1965.874,1965.2344,2007.5071,1964.3234224671933,1860.7065514640683,2068.0704507418027,64.90931253280678,1
2024-10-13 21:00:00,1869.554897,1984.3646,1998.4924,2041.5663,1990.5995729405563,1886.9827019374313,2094.3466012151657,-121.04467594055632,1
2024-10-13 22:00:00,2096.201257,1980.0673,2031.2653,2082.1746,2003.9641557898278,1900.3472847867029,2107.711184064437,92.23710121017234,0
2024-10-13 23:00:00,2068.972111,2044.3152,2065.9272,2092.4766,2059.186200419273,1955.569329416148,2162.9332286938825,9.785910580726977,0
2024-10-14 00:00:00,2263.937592,2226.0425,2100.3953,2102.9216,2170.2816533634914,2066.664782360366,2274.028681638101,93.65593863650884,0
2024-10-14 01:00:00,2288.260289,2239.7324,2184.1812,2202.0369,2217.4143786121695,2113.7975076090443,2321.161406886779,70.84591038783037,0
2024-10-14 02:00:00,2123.899919,2222.3167,2205.8015,2236.517,2217.3274901896725,2113.7106191865473,2321.074518464282,-93.42757118967256,0
2024-10-14 03:00:00,2252.854553,2164.4092,2199.0728,2209.9148,2191.149274682752,2087.532403679627,2294.8963029573615,61.70527831724803,0
2024-10-14 04:00:00,2229.364553,2113.0183,2171.0725,2189.5823,2149.8217104207542,2046.2048394176293,2253.5687386953637,79.54284257924564,0
2024-10-14 05:00:00,2152.58672,2130.7505,2136.3088,2141.2417,2143.2638582101067,2039.6469872069817,2247.010886484716,9.322861789893068,0
2024-10-14 06:00:00,2085.449074,2055.5498,2100.8596,2113.3381,2086.6507476362644,1983.0338766331395,2190.397775910874,-1.2016736362643314,0
2024-10-14 07:00:00,2061.396653,2066.1885,2068.8127,2074.3027,2076.4833875832715,1972.8665165801465,2180.230415857881,-15.086734583271664,0
2024-10-14 08:00:00,2054.099496,1998.6229,2043.0677,2048.6328,2030.555116619133,1926.938245616008,2134.3021448937425,23.544379380866758,0
2024-10-14 09:00:00,1902.756643,2017.4799,2024.8301,2041.624,2027.0316811557384,1923.4148101526134,2130.7787094303476,-124.27503815573846,0
2024-10-14 10:00:00,1996.354117,1943.7307,2020.603,2032.5118,1990.8301543568696,1887.2132833537446,2094.577182631479,5.523962643130517,0
2024-10-14 11:00:00,1971.728542,2001.0231,2014.7599,2015.8671,2017.8009741973278,1914.1841031942029,2121.5480024719373,-46.07243219732777,0
2024-10-14 12:00:00,2045.612801,2042.7905,2020.1361,2011.5051,2043.0500115663685,1939.4331405632436,2146.797039840978,2.562789433631451,0
2024-10-14 13:00:00,1993.503147,2020.8102,2035.2578,2021.2577,2041.9464874732694,1938.3296164701444,2145.693515747879,-48.44334047326947,0
2024-10-14 14:00:00,1975.83056,2042.3569,2057.9255,2033.9265,2066.7912709776856,1963.1743999745606,2170.538299252295,-90.9607109776855,0
2024-10-14 15:00:00,2249.931267,2081.48,2078.914,2049.7979,2097.8972000732697,1994.2803290701447,2201.644228347879,152.03406692673025,0
2024-10-14 16:00:00,2191.038267,2135.4146,2103.883,2091.1157,2132.753988938019,2029.1371179348941,2236.5010172126285,58.284278061980785,0
2024-10-14 17:00:00,2222.43415,2146.5518,2138.8894,2117.9717,2158.7136284121866,2055.0967574090614,2262.460656686796,63.72052158781344,0
2024-10-14 18:00:00,2196.027594,2170.845,2166.3938,2159.7253,2181.302496400472,2077.685625397347,2285.0495246750816,14.725097599527999,1
2024-10-14 19:00:00,2195.521772,2185.5847,2199.862,2196.7478,2205.2038689381893,2101.586997935064,2308.9508972127987,-9.682096938189261,1
2024-10-14 20:00:00,2296.077899,2218.55,2220.5107,2215.462,2232.3857956797187,2128.7689246765935,2336.132823954328,63.69210332028115,1
2024-10-14 21:00:00,2294.181538,2234.9675,2237.462,2226.998,2250.5886555007633,2146.971784497638,2354.3356837753727,43.592882499236566,1
2024-10-14 22:00:00,2114.160368,2249.3281,2244.7283,2262.198,2254.2325465698063,2150.615675566681,2357.9795748444158,-140.0721785698065,0
2024-10-14 23:00:00,2339.496783,2292.25,2252.4207,2257.5132,2281.929611118222,2178.312740115097,2385.6766393928315,57.567171881777995,0
2024-10-15 00:00:00,2258.736277,2225.2722,2254.4001,2253.0618,2252.645183714637,2149.0283127115117,2356.3922119892463,6.091093285363058,0
2024-10-15 01:00:00,2123.576097,2216.8872,2229.3962,2231.7249,2234.4428658613365,2130.8259948582113,2338.189894135946,-110.86676886133637,0
2024-10-15 02:00:00,2254.74755,2197.3357,2206.9854,2207.7336,2213.615766980009,2109.998895976884,2317.3627952546185,41.13178301999096,0
2024-10-15 03:00:00,2328.99308,2189.3865,2184.7297,2174.549,2200.772690045232,2097.155819042107,2304.5197183198416,128.22038995476805,0
2024-10-15 04:00:00,2311.020498,2158.0242,2162.3435,2143.7556,2176.0495313782917,2072.4326603751665,2279.796559652901,134.97096662170816,0
2024-10-15 05:00:00,2190.157708,2085.3164,2136.9604,2121.2466,2127.1514576560307,2023.5345866529058,2230.89848593064,63.00625034396944,0
2024-10-15 06:00:00,1993.220746,2092.4373,2105.3289,2088.1711,2114.123189021859,2010.5063180187342,2217.8702172964686,-120.9024430218592,0
2024-10-15 07:00:00,2108.048159,2083.8887,2081.8242,2056.9866,2099.50914042071,1995.892269417585,2203.2561686953195,8.53901857928986,0
2024-10-15 08:00:00,2077.665422,2048.4824,2061.8687,2037.4279,2071.919335968175,1968.30246496505,2175.6663642427843,5.746086031825143,0
2024-10-15 09:00:00,2093.656577,2052.1914,2050.9795,2026.9232,2067.811499141177,1964.1946281380522,2171.5585274157866,25.84507785882306,0
2024-10-15 10:00:00,2035.007582,2033.4277,2040.3988,2022.7491,2051.619955707987,1948.0030847048622,2155.3669839825966,-16.612373707987217,0
2024-10-15 11:00:00,1874.551125,1994.2231,2039.2388,2014.8726,2033.9946534800556,1930.3777824769306,2137.741681754665,-159.44352848005565,0
2024-10-15 12:00:00,2072.281617,2024.0342,2043.7406,2022.9899,2049.6957861395867,1946.0789151364618,2153.442814414196,22.585830860413353,0
2024-10-15 13:00:00,2020.285882,2041.3633,2057.1438,2019.2095,2069.4273370544215,1965.8104660512965,2173.174365329031,-49.14145505442161,0
2024-10-15 14:00:00,2033.242187,2034.0315,2072.5366,2039.1115,2072.959166939769,1969.3422959366442,2176.7061952143786,-39.71697993976909,0
2024-10-15 15:00:00,2136.363856,2098.0815,2091.5024,2063.853,2112.1310131108185,2008.5141421076935,2215.878041385428,24.232842889181484,0
2024-10-15 16:00:00,2173.62866,2087.3167,2116.6685,2073.625,2124.247577671205,2020.63070666808,2227.9946059458143,49.381082328794946,0
2024-10-15 17:00:00,2193.317919,2129.5593,2142.9753,2111.439,2155.4599991087052,2051.84312810558,2259.2070273833147,37.85791989129484,0
2024-10-15 18:00:00,2149.458272,2166.2266,2173.9976,2149.0579,2187.7571187899252,2084.1402477868,2291.5041470645347,-38.29884678992539,1
2024-10-15 19:00:00,2115.891385,2182.1094,2190.9783,2174.5117,2202.207207944202,2098.5903369410767,2305.9542362188113,-86.31582294420195,1
2024-10-15 20:00:00,2143.625556,2227.1929,2213.4001,2211.249,2232.0024936775862,2128.385622674461,2335.7495219521957,-88.37693767758628,1
2024-10-15 21:00:00,2332.200762,2240.838,2234.4766,2230.087,2250.2686424601666,2146.6517714570414,2354.015670734776,81.93211953983337,1
2024-10-15 22:00:00,2217.916301,2243.2214,2246.9292,2241.098,2258.381253102702,2154.764382099577,2362.1282813773114,-40.46495210270177,0
2024-10-15 23:00:00,2167.310321,2242.7693,2258.1047,2256.0938,2263.1315877262386,2159.5147167231135,2366.878616000848,-95.82126672623872,0
2024-10-16 00:00:00,2234.988039,2238.537,2253.3276,2242.479,2260.8117212649786,2157.1948502618534,2364.558749539588,-25.823682264978743,0
2024-10-16 01:00:00,2273.410478,2192.515,2230.5796,2218.4026,2227.109977123732,2123.4931061206066,2330.8570053983412,46.30050087626796,0
2024-10-16 02:00:00,2306.824735,2205.1108,2210.7913,2199.3093,2222.4403550653647,2118.8234840622395,2326.187383339974,84.38437993463549,0
2024-10-16 03:00:00,2217.858923,2182.0952,2184.5657,2168.5771,2198.67539854956,2095.058527546435,2302.4224268241696,19.183524450439563,0
2024-10-16 04:00:00,2151.30249,2149.6362,2161.7751,2139.4116,2172.7001847414053,2069.08331373828,2276.4472130160148,-21.397694741405303,0
2024-10-16 05:00:00,2119.373872,2129.6365,2135.1257,2113.435,2148.8391757332593,2045.2223047301343,2252.5862040078687,-29.465303733259134,0
2024-10-16 06:00:00,2132.810635,2065.0986,2106.9133,2087.0842,2102.593985849695,1998.97711484657,2206.3410141243044,30.216649150304875,0
2024-10-16 07:00:00,2085.303569,2077.744,2080.4148,2068.6892,2092.5116660924004,1988.8947950892755,2196.25869436701,-7.208097092400294,0
2024-10-16 08:00:00,2045.432328,2045.258,2063.5283,2047.3956,2069.159980586437,1965.5431095833121,2172.9070088610465,-23.72765258643699,0
2024-10-16 09:00:00,2011.548564,2035.2455,2046.4993,2025.8551,2056.4833451676895,1952.8664741645646,2160.230373442299,-44.93478116768961,0
2024-10-16 10:00:00,2051.033998,2012.5123,2036.6031,2019.201,2039.5614916954864,1935.9446206923615,2143.308519970096,11.472506304513445,0
2024-10-16 11:00:00,2109.035385,2019.9291,2033.2622,2023.4435,2039.408883069637,1935.7920120665121,2143.1559113442463,69.62650193036302,0
2024-10-16 12:00:00,2187.189585,2028.6383,2036.2015,2019.8201,2046.7854889553064,1943.1686179521814,2150.532517229916,140.4040960446937,0
2024-10-16 13:00:00,1982.860938,2013.6123,2048.875,2033.8904,2045.9893596006523,1942.3724885975273,2149.7363878752617,-63.128421600652246,0
2024-10-16 14:00:00,2022.078602,2041.5571,2062.9568,2059.0103,2064.007740940248,1960.390869937123,2167.7547692148573,-41.92913894024787,0
2024-10-16 15:00:00,1899.406942,2090.6633,2082.6382,2078.9417,2097.826040903188,1994.2091699000632,2201.5730691777976,-198.41909890318811,0
2024-10-16 16:00:00,2146.867034,2084.0422,2109.54,2091.577,2112.5563032987916,2008.9394322956666,2216.303331573401,34.310730701208286,0
2024-10-16 17:00:00,2144.730109,2143.5024,2135.1436,2117.3245,2154.4861352044086,2050.8692642012834,2258.233163479018,-9.7560262044085,0
2024-10-16 18:00:00,2228.094575,2154.4287,2163.3513,2153.8691,2172.5652798093975,2068.9484088062723,2276.312308084007,55.529295190602625,1
2024-10-16 19:00:00,2179.539042,2186.2925,2188.4158,2181.645,2200.3903450962157,2096.7734740930905,2304.137373370825,-20.851303096215815,1
2024-10-16 20:00:00,2304.008659,2221.9421,2210.533,2197.7476,2230.664940259278,2127.0480692561528,2334.4119685338874,73.34371874072212,1
2024-10-16 21:00:00,2118.939782,2237.062,2232.5605,2226.7957,2247.7975581633514,2144.180687160226,2351.544586437961,-128.85777616335145,1
2024-10-16 22:00:00,2325.792889,2263.1006,2240.745,2229.1694,2266.0380099487606,2162.4211389456354,2369.78503822337,59.754879051239186,0
2024-10-16 23:00:00,2298.930398,2237.6548,2235.2083,2233.5918,2248.436531235169,2144.8196602320436,2352.183559509778,50.49386676483118,0
2024-10-17 00:00:00,2371.896693,2240.3816,2229.9656,2236.8975,2244.7922205556774,2141.1753495525522,2348.539248830287,127.10447244432271,0
2024-10-17 01:00:00,2083.423506,2213.5557,2223.8945,2226.677,2229.817646979178,2126.2007759760527,2333.5646752537873,-146.3941409791778,0
2024-10-17 02:00:00,2164.729025,2212.8005,2208.2893,2207.5283,2222.0696612337183,2118.452790230593,2325.8166895083277,-57.340636233718214,0
2024-10-17 03:00:00,2230.29061,2194.8704,2189.886,2177.3882,2206.7129854173504,2103.096114414225,2310.46001369196,23.577624582649605,0
2024-10-17 04:00:00,2168.065065,2158.0347,2166.3398,2154.4473,2176.4822761290366,2072.8654051259114,2280.229304403646,-8.417211129036787,0
2024-10-17 05:00:00,2087.846203,2132.2075,2139.588,2132.4363,2148.756863745855,2045.1399927427299,2252.5038920204643,-60.910660745854784,0
2024-10-17 06:00:00,2044.927293,2063.533,2112.4958,2105.9175,2101.458268159337,1997.841397156212,2205.2052964339464,-56.530975159337004,0
2024-10-17 07:00:00,2120.459916,2110.6973,2081.7422,2081.8462,2105.9492525309765,2002.3323815278516,2209.696280805586,14.510663469023257,0
2024-10-17 08:00:00,2250.037051,2038.2555,2060.2039,2048.4824,2062.937619411307,1959.320748408182,2166.6846476859164,187.09943158869282,0
2024-10-17 09:00:00,2170.651399,2045.0123,2043.2529,2037.9243,2055.546417332645,1951.92954632952,2159.2934456072544,115.10498166735488,0
2024-10-17 10:00:00,2010.114316,2016.6532,2036.5023,2030.864,2038.5081079039967,1934.8912369008717,2142.255136178606,-28.39379190399677,0
2024-10-17 11:00:00,1975.203152,2009.335,2036.429,2021.2667,2037.3861460344729,1933.769275031348,2141.1331743090823,-62.18299403447281,0
2024-10-17 12:00:00,2172.271938,2020.1315,2039.3367,2023.2656,2044.311747063663,1940.694876060538,2148.0587753382724,127.96019093633686,0
2024-10-17 13:00:00,2178.811851,2063.751,2050.1504,2034.3699,2070.794119339649,1967.1772483365241,2174.5411476142585,108.01773166035082,0
2024-10-17 14:00:00,2054.999767,2072.1853,2072.076,2054.2207,2086.983018207068,1983.3661472039432,2190.7300464816776,-31.983251207068406,0
2024-10-17 15:00:00,2071.888367,2039.7991,2094.6775,2074.9456,2084.000960043328,1980.3840890402032,2187.7479883179376,-12.112593043328161,0
2024-10-17 16:00:00,2242.937798,2116.8506,2117.5232,2121.333,2126.942513567355,2023.32564256423,2230.6895418419645,115.9952844326449,0
2024-10-17 17:00:00,2149.185981,2133.185,2147.255,2139.622,2153.415099264983,2049.7982282618577,2257.1621275395923,-4.229118264982844,0
2024-10-17 18:00:00,2201.868174,2150.1008,2174.873,2178.3235,2173.3447263845637,2069.7278553814385,2277.091754659173,28.523447615436453,1
2024-10-17 19:00:00,2293.427347,2190.3218,2201.5933,2205.1028,2206.707797540405,2103.0909265372798,2310.4548258150144,86.71954945959487,1
2024-10-17 20:00:00,2119.125121,2205.6628,2227.929,2227.3877,2229.0336394000774,2125.416768396952,2332.780667674687,-109.90851840007736,1
2024-10-17 21:00:00,2298.970228,2265.3723,2242.1655,2251.0217,2262.7074393778303,2159.090568374705,2366.4544676524397,36.262788622169865,1
2024-10-17 22:00:00,2326.284671,2243.7766,2252.2715,2248.1357,2261.05320881212,2157.4363378089947,2364.8002370867293,65.23146218787997,0
2024-10-17 23:00:00,2244.171576,2222.5361,2247.7632,2237.7556,2250.009336863864,2146.392465860739,2353.7563651384735,-5.837760863863878,0
2024-10-18 00:00:00,2284.391077,2221.8257,2225.1362,2226.2666,2234.8412229784826,2131.2243519753574,2338.588251253092,49.5498540215176,0
2024-10-18 01:00:00,2329.971589,2235.2375,2217.3635,2209.8203,2239.30944711682,2135.692576113695,2343.0564753914296,90.66214188318008,0
2024-10-18 02:00:00,2218.76106,2229.5603,2200.842,2176.8313,2231.9956243800066,2128.3787533768814,2335.742652654616,-13.23456438000676,0
2024-10-18 03:00:00,2188.881031,2185.261,2184.257,2174.2195,2198.5168890740824,2094.9000180709572,2302.263917348692,-9.635858074082535,0
2024-10-18 04:00:00,2063.011669,2145.9795,2153.051,2137.05,2164.714437873618,2061.0975668704928,2268.4614661482274,-101.70276887361797,0
2024-10-18 05:00:00,2372.200845,2089.036,2119.6038,2115.4832,2116.779859541802,2013.1629885386772,2220.5268878164115,255.42098545819772,0
2024-10-18 06:00:00,2187.488314,2106.888,2086.5283,2084.888,2107.1134219217874,2003.4965509186625,2210.860450196397,80.37489207821272,0
2024-10-18 07:00:00,2139.511727,2080.0505,2063.9626,2070.67,2080.2158094469737,1976.5989384438487,2183.962837721583,59.29591755302636,0
2024-10-18 08:00:00,1960.89679,2062.2102,2041.5023,2051.666,2058.9048994528816,1955.2880284497567,2162.651927727491,-98.00810945288163,0
2024-10-18 09:00:00,2110.376356,2044.3021,2029.5566,2032.392,2045.8715949633374,1942.2547239602125,2149.618623237947,64.50476103666279,0
2024-10-18 10:00:00,2038.140049,2025.3634,2024.7463,2025.0553,2034.9195097829238,1931.3026387797988,2138.666538057533,3.2205392170762934,0
2024-10-18 11:00:00,2014.48423,2016.9568,2022.8706,2011.684,2032.8201602119213,1929.2032892087964,2136.5671884865305,-18.335930211921323,0
2024-10-18 12:00:00,1889.425912,2041.3889,2029.9314,2024.991,2046.6473796169034,1943.0305086137785,2150.394407891513,-157.2214676169035,0
2024-10-18 13:00:00,2082.549532,2035.5999,2049.6418,2046.1862,2053.972503527703,1950.355632524578,2157.7195318023123,28.577028472297116,0
2024-10-18 14:00:00,1966.306915,2054.9163,2067.177,2057.0437,2074.1881448447093,1970.5712738415843,2177.9351731193187,-107.88122984470942,0
2024-10-18 15:00:00,2003.657822,2079.131,2089.9463,2086.3855,2096.16798132222,1992.551110319095,2199.9150095968293,-92.51015932222003,0
2024-10-18 16:00:00,2212.614256,2110.3206,2109.2695,2097.6587,2123.345880624857,2019.7290096217318,2227.0929088994662,89.26837537514302,0
2024-10-18 17:00:00,2113.376926,2106.482,2138.317,2123.6199,2137.714570228028,2034.0976992249032,2241.4615985026376,-24.33764422802824,0
2024-10-18 18:00:00,2310.489294,2168.968,2164.2422,2145.8938,2182.219307792687,2078.6024367895616,2285.966336067296,128.2699862073132,1
2024-10-18 19:00:00,2085.820298,2166.6926,2188.026,2162.0586,2195.686405160151,2092.069534157026,2299.4334334347604,-109.86610716015093,1
2024-10-18 20:00:00,2292.968032,2237.432,2206.3816,2179.6272,2239.3867083904156,2135.7698373872904,2343.133736665025,53.581323609584615,1
2024-10-18 21:00:00,2265.537025,2242.3457,2216.2397,2192.3015,2246.2523930684797,2142.6355220653545,2349.999421343089,19.28463193152038,1
2024-10-18 22:00:00,2290.23975,2231.5264,2203.598,2190.4302,2231.6538170616004,2128.036946058475,2335.40084533621,58.585932938399765,0
2024-10-18 23:00:00,2338.865456,2249.3076,2182.2046,2197.5542,2221.56841497422,2117.951543971095,2325.3154432488295,117.29704102577989,0
2024-10-19 00:00:00,2027.117106,1969.8593,2145.634,2170.237,2066.4601968234047,1962.8433258202797,2170.207225098014,-39.34309082340474,0
2024-10-19 01:00:00,2017.857412,1976.0089,2035.0546,2093.7444,2002.0708019423255,1898.4539309392005,2105.817830216935,15.78661005767458,0
2024-10-19 02:00:00,1940.445206,2002.8533,1980.2854,2027.1125,1988.8077608158042,1885.1908898126792,2092.5547890904136,-48.36255481580406,0
2024-10-19 03:00:00,2061.609851,1947.2831,1936.148,1951.3767,1946.8525622170293,1843.2356912139044,2050.5995904916385,114.75728878297082,0
2024-10-19 04:00:00,1895.201055,1948.4749,1898.7499,1915.8497,1927.0951963233447,1823.4783253202197,2030.842224597954,-31.894141323344684,0
2024-10-19 05:00:00,1912.527433,1825.8383,1870.0261,1888.4774,1852.9826394613947,1749.3657684582697,1956.729667736004,59.54479353860529,0
2024-10-19 06:00:00,1991.811883,1827.2733,1845.9631,1847.5359,1845.1634069216666,1741.5465359185416,1948.910435196276,146.6484760783335,0
2024-10-19 07:00:00,1893.199397,1879.3123,1820.6919,1844.1082,1851.055602249198,1747.438731246073,1954.8026305238075,42.143794750802044,0
2024-10-19 08:00:00,1731.89885,1831.774,1808.139,1821.0441,1824.3655309338599,1720.748659930735,1928.1125592084693,-92.46668093385983,0
2024-10-19 09:00:00,1713.136239,1788.9801,1795.8057,1806.936,1797.8458545702,1694.228983567075,1901.5928828448093,-84.70961557019996,0
2024-10-19 10:00:00,1933.123666,1744.0128,1787.9204,1802.365,1771.3629989522074,1667.7461279490824,1875.1100272268168,161.7606670477926,0
2024-10-19 11:00:00,1953.885198,1802.2854,1781.9346,1793.9517,1796.60741825349,1692.9905472503651,1900.3544465280995,157.27777974650985,0
2024-10-19 12:00:00,1813.174201,1848.3096,1786.152,1813.2517,1816.993680119199,1713.3768091160741,1920.7407083938085,-3.819479119199059,0
2024-10-19 13:00:00,1777.600472,1797.6932,1796.8048,1827.4296,1797.6026815566654,1693.9858105535404,1901.3497098312748,-20.00220955666532,0
2024-10-19 14:00:00,1742.879357,1807.6893,1814.6632,1845.9761,1811.678910774892,1708.062039771767,1915.4259390495015,-68.79955377489205,0
2024-10-19 15:00:00,1858.93629,1820.9501,1833.9197,1865.8925,1828.062342582569,1724.445471579444,1931.8093708571785,30.873947417431054,0
2024-10-19 16:00:00,1819.025165,1871.8944,1858.9602,1887.4398,1866.549612329617,1762.932741326492,1970.2966406042265,-47.52444732961703,0
2024-10-19 17:00:00,1936.156915,1905.834,1888.8066,1913.0518,1899.660890772161,1796.0440197690361,2003.4079190467705,36.496024227838916,0
2024-10-19 18:00:00,2043.78747,1942.4127,1911.3971,1975.5957,1919.0014756061255,1815.3846046030005,2022.748503880735,124.78599439387449,1
2024-10-19 19:00:00,1983.691143,1941.8169,1936.9725,1970.7703,1939.984396613012,1836.367525609887,2043.7314248876214,43.706746386988016,1
2024-10-19 20:00:00,2033.248492,1996.738,1962.3992,2015.0435,1974.9230800781875,1871.3062090750625,2078.670108352797,58.325411921812474,1
2024-10-19 21:00:00,1870.578758,2021.9845,1979.3223,2040.3911,1993.823244491438,1890.206373488313,2097.5702727660473,-123.24448649143778,1
2024-10-19 22:00:00,1908.26438,1996.3627,1994.9928,2042.1255,1993.4405428300527,1889.8236718269277,2097.187571104662,-85.17616283005259,0
2024-10-19 23:00:00,1853.542799,1969.2747,1998.4695,2043.0571,1983.0034508892954,1879.3865798861705,2086.750479163905,-129.46065188929538,0
2024-10-20 00:00:00,2090.134395,2014.1051,1991.4036,2023.6313,2003.7724690660943,1900.1555980629694,2107.5194973407038,86.3619259339057,0
2024-10-20 01:00:00,1855.379903,1956.011,1976.1423,2014.786,1966.3252653513582,1862.7083943482332,2070.0722936259676,-110.9453623513582,0
2024-10-20 02:00:00,2176.594266,1960.441,1957.2769,2008.2263,1955.3115666919693,1851.6946956888444,2059.0585949665788,221.28269930803071,0
2024-10-20 03:00:00,1926.46946,1955.3927,1926.5583,1971.6206,1938.0848630188457,1834.4679920157207,2041.831891293455,-11.615403018845655,0
2024-10-20 04:00:00,1757.919486,1868.4922,1905.2886,1951.9867,1884.9107033403548,1781.2938323372298,1988.6577316149642,-126.99121734035475,0
2024-10-20 05:00:00,1821.937733,1838.9882,1872.1263,1921.3494,1852.5883748144715,1748.9715038113466,1956.335403089081,-30.650641814471555,0
2024-10-20 06:00:00,1946.591707,1864.9387,1848.1149,1875.1074,1857.8492692663006,1754.2323982631756,1961.59629754091,88.74243773369949,0
2024-10-20 07:00:00,1803.609645,1847.1543,1827.993,1824.9044,1846.2904686278032,1742.6735976246782,1950.0374969024126,-42.68082362780319,0
2024-10-20 08:00:00,1824.853155,1813.1715,1805.4753,1820.9261,1813.4302933616118,1709.8134223584868,1917.1773216362212,11.422861638388213,0
2024-10-20 09:00:00,1930.189266,1818.499,1782.1914,1803.7063,1802.0782989400125,1698.4614279368875,1905.825327214622,128.11096705998762,0
2024-10-20 10:00:00,1870.113574,1790.0361,1775.8683,1788.34,1787.4267347854475,1683.8098637823225,1891.173763060057,82.68683921455249,0
2024-10-20 11:00:00,1843.045086,1757.6091,1779.1199,1781.7375,1776.1713166761576,1672.5544456730327,1879.918344950767,66.87376932384245,0
2024-10-20 12:00:00,1783.008257,1804.991,1783.6093,1801.0557,1797.4140698193182,1693.7971988161933,1901.1610980939276,-14.405812819318271,0
2024-10-20 13:00:00,1815.338483,1805.339,1789.7633,1805.4043,1801.3037429380604,1697.6868719349354,1905.0507712126698,14.034740061939601,0
2024-10-20 14:00:00,1817.48681,1833.6617,1804.4791,1835.7036,1818.689193519584,1715.072322516459,1922.4362217941934,-1.2023835195839183,0
2024-10-20 15:00:00,1898.907198,1831.9518,1823.2727,1856.7819,1827.2718030523263,1723.6549320492013,1931.0188313269357,71.63539494767383,0
2024-10-20 16:00:00,1898.333673,1863.6821,1845.4907,1878.99,1854.2105823608322,1750.5937113577072,1957.9576106354416,44.12309063916791,0
2024-10-20 17:00:00,1977.696426,1935.2979,1874.6416,1926.3315,1899.258920570099,1795.642049566974,2003.0059488447084,78.43750542990097,0
2024-10-20 18:00:00,2073.486734,1930.7294,1908.702,1959.5157,1915.381444721816,1811.764573718691,2019.1284729964254,158.10528927818405,1
2024-10-20 19:00:00,2073.549459,1937.2936,1946.6531,2003.9424,1937.0220778779799,1833.405206874855,2040.7691061525893,136.52738112201996,1
2024-10-20 20:00:00,2111.615812,2042.1854,1977.535,2058.7805,1997.4103565772302,1893.7934855741053,2101.1573848518397,114.20545542276977,1
2024-10-20 21:00:00,2051.640644,1968.8434,2015.5298,2083.7556,1985.8743269990755,1882.2574559959505,2089.621355273685,65.76631700092457,1
2024-10-20 22:00:00,2012.223497,2020.1316,2047.2744,2104.259,2030.0445943801324,1926.4277233770074,2133.791622654742,-17.821097380132414,0
2024-10-20 23:00:00,2059.467752,2028.9216,2073.841,2129.7556,2048.612829780355,1944.9959587772298,2152.359858054964,10.854922219645232,0
2024-10-21 00:00:00,2245.336617,2246.5042,2099.8013,2123.4565,2174.385725513059,2070.7688545099336,2278.132753787668,70.95089148694115,0
2024-10-21 01:00:00,2128.386326,2212.3533,2185.523,2212.977,2202.633114753665,2099.0162437505396,2306.3801430282742,-74.24678875366499,0
2024-10-21 02:00:00,2206.848475,2166.623,2197.954,2236.4573,2184.614442442096,2080.9975714389707,2288.3614707167053,22.2340325579039,0
2024-10-21 03:00:00,2136.352123,2172.0862,2183.8267,2197.7273,2185.945652987262,2082.3287819841366,2289.6926812618713,-49.59352998726172,0
2024-10-21 04:00:00,2120.727039,2140.6074,2161.5122,2177.789,2158.477125744286,2054.8602547411606,2262.224154018895,-37.75008674428591,0
2024-10-21 05:00:00,2075.087809,2116.807,2126.566,2133.0386,2131.048364620597,2027.4314936174721,2234.7953928952065,-55.960555620597006,0
2024-10-21 06:00:00,2091.608895,2108.5808,2091.7026,2119.0642,2103.3313997692835,1999.7145287661585,2207.078428043893,-11.72250476928366,0
2024-10-21 07:00:00,2041.430494,2047.2852,2067.388,2077.3132,2065.584285864336,1961.967414861211,2169.3313141389453,-24.15379186433597,0
2024-10-21 08:00:00,1832.011894,2004.6001,2047.0518,2071.6006,2030.7200169678817,1927.1031459647568,2134.467045242491,-198.70812296788176,0
2024-10-21 09:00:00,2026.476213,1968.0958,2027.9869,2034.3776,2007.7729736852582,1904.1561026821332,2111.5200019598674,18.703239314741722,0
2024-10-21 10:00:00,2071.561654,1995.0986,2013.8975,2020.1361,2013.2178762426672,1909.6010052395422,2116.9649045172764,58.34377775733287,0
2024-10-21 11:00:00,2023.998572,2018.1302,2019.3751,2017.8223,2029.087496382961,1925.470625379836,2132.8345246575705,-5.088924382961068,0
2024-10-21 12:00:00,2162.993674,1999.3198,2033.0548,2016.8594,2031.0770881688668,1927.4602171657418,2134.824116443476,131.91658583113303,0
2024-10-21 13:00:00,1927.883508,2025.4363,2044.1996,2021.3358,2051.1430624790983,1947.5261914759733,2154.8900907537077,-123.25955447909837,0
2024-10-21 14:00:00,2033.782949,2025.9711,2058.8792,2059.279,2053.30587557321,1949.689004570085,2157.0529038478194,-19.522926573210043,0
2024-10-21 15:00:00,2064.470512,2078.3894,2086.2969,2056.5845,2100.4923468169322,1996.8754758138073,2204.2393750915417,-36.02183481693237,0
2024-10-21 16:00:00,2245.523789,2144.8228,2116.2803,2089.6018,2147.3437922481576,2043.7269212450326,2251.090820522767,98.17999675184228,0
2024-10-21 17:00:00,2118.730928,2155.2012,2143.857,2105.3298,2169.932835390326,2066.315964387201,2273.6798636649355,-51.20190739032614,0
2024-10-21 18:00:00,2363.718023,2168.2954,2174.0134,2153.6902,2187.584976560669,2083.968105557544,2291.3320048352784,176.13304643933088,1
2024-10-21 19:00:00,2313.671413,2235.2966,2204.2976,2179.1235,2236.861698536061,2133.2448275329357,2340.6087268106703,76.80971446393914,1
2024-10-21 20:00:00,2216.950579,2234.157,2240.1323,2222.9934,2253.3080387744244,2149.691167771299,2357.055067049034,-36.35745977442457,1
2024-10-21 21:00:00,2291.993672,2252.5474,2256.5796,2257.0833,2266.351969387348,2162.735098384223,2370.0989976619576,25.641702612651898,1
2024-10-21 22:00:00,2198.713566,2217.8328,2261.22,2261.3967,2252.3320617685645,2148.7151907654393,2356.079090043174,-53.61849576856457,0
2024-10-21 23:00:00,2219.437528,2261.682,2262.1738,2264.5896,2273.196991741609,2169.580120738484,2376.9440200162185,-53.759463741609125,0
2024-10-22 00:00:00,2164.27102,2210.7747,2262.158,2259.441,2250.193882600132,2146.5770115970067,2353.9409108747413,-85.9228626001318,0
2024-10-22 01:00:00,2343.327544,2177.834,2233.8704,2231.7266,2219.31298356644,2115.6961125633147,2323.0600118410493,124.01456043356029,0
2024-10-22 02:00:00,2224.743919,2203.851,2207.956,2205.9922,2217.926328041339,2114.3094570382136,2321.6733563159482,6.817590958661185,0
2024-10-22 03:00:00,2121.391496,2194.9333,2194.2668,2174.748,2210.844729187218,2107.227858184093,2314.5917574618275,-89.45323318721785,0
2024-10-22 04:00:00,2237.099222,2134.192,2166.732,2153.7825,2165.5799086948814,2061.963037691756,2269.326936969491,71.51931330511843,0
2024-10-22 05:00:00,2124.244478,2131.4314,2135.4478,2119.5867,2148.391948022421,2044.7750770192958,2252.1389762970302,-24.147470022420748,0
2024-10-22 06:00:00,2165.142277,2089.832,2102.4512,2086.6594,2111.006796949939,2007.3899259468142,2214.7538252245486,54.13548005006078,0
2024-10-22 07:00:00,2040.755012,2069.8557,2082.5515,2071.6855,2089.66421021778,1986.0473392146548,2193.411238492389,-48.909198217779704,0
2024-10-22 08:00:00,2104.859714,2054.9597,2059.423,2049.558,2070.0248496925938,1966.4079786894688,2173.771877967203,34.834864307406406,0
2024-10-22 09:00:00,2060.747009,2048.656,2041.839,2029.5168,2058.303764953575,1954.68689395045,2162.0507932281844,2.4432440464252068,0
2024-10-22 10:00:00,1944.61085,2029.5409,2039.278,2026.3417,2047.9777888646227,1944.3609178614977,2151.724817139232,-103.36693886462263,0
2024-10-22 11:00:00,2016.17407,2013.2296,2038.7412,2021.7898,2040.924762432523,1937.307891429398,2144.6717907071325,-24.75069243252301,0
2024-10-22 12:00:00,2010.001346,2033.994,2045.1956,2030.0507,2053.8029116943885,1950.1860406912635,2157.549939968998,-43.8015656943885,0
2024-10-22 13:00:00,2063.339852,2029.902,2058.3887,2037.4229,2060.326257543187,1956.7093865400618,2164.073285817796,3.01359445681328,0
2024-10-22 14:00:00,1953.349951,2048.0283,2072.4448,2052.5073,2076.177790792875,1972.56091978975,2179.9248190674843,-122.82783979287501,0
2024-10-22 15:00:00,1988.118611,2077.9236,2092.9941,2065.157,2103.3509141661966,1999.7340431630716,2207.097942440806,-115.23230316619652,0
2024-10-22 16:00:00,2119.1395,2126.857,2116.2964,2086.8215,2139.486387369934,2035.8695163668092,2243.2334156445436,-20.34688736993394,0
2024-10-22 17:00:00,2250.188909,2148.2961,2146.4612,2110.6453,2167.334341041332,2063.717470038207,2271.0813693159416,82.85456795866776,0
2024-10-22 18:00:00,2125.873539,2154.9006,2171.353,2156.3032,2178.4466358250934,2074.829764821968,2282.193664099703,-52.57309682509322,1
2024-10-22 19:00:00,2200.289143,2185.603,2199.3965,2191.4507,2206.1876957987793,2102.570824795654,2309.9347240733887,-5.898552798779292,1
2024-10-22 20:00:00,2228.183814,2218.5576,2224.0964,2231.2966,2231.194224439319,2127.577353436194,2334.9412527139284,-3.0104104393190028,1
2024-10-22 21:00:00,2072.483294,2237.1758,2239.859,2245.6135,2248.8120638858854,2145.1951928827602,2352.559092160495,-176.32876988588532,1
2024-10-22 22:00:00,2317.49226,2221.1677,2252.8176,2263.323,2246.850298813836,2143.233427810711,2350.5973270884456,70.64196118616383,0
2024-10-22 23:00:00,2195.460229,2234.1282,2250.937,2258.248,2252.844828597009,2149.2279575938837,2356.5918568716183,-57.38459959700913,0
2024-10-23 00:00:00,2266.645718,2244.8713,2250.5525,2249.2502,2259.9462972680226,2156.3294262648974,2363.693325542632,6.699420731977625,0
2024-10-23 01:00:00,2141.850105,2212.616,2233.2637,2235.9473,2234.3678374089022,2130.750966405777,2338.1148656835117,-92.51773240890225,0
2024-10-23 02:00:00,2161.706956,2219.5813,2217.3752,2203.8381,2233.3607228595547,2129.7438518564295,2337.107751134164,-71.65376685955471,0
2024-10-23 03:00:00,2225.481039,2179.9124,2192.5566,2174.3015,2202.4491142387783,2098.832243235653,2306.1961425133877,23.03192476122149,0
2024-10-23 04:00:00,2314.563256,2139.8347,2166.4856,2146.4004,2169.9470536095373,2066.330182606412,2273.6940818841467,144.6162023904626,0
2024-10-23 05:00:00,2033.104737,2127.3586,2138.6257,2109.9985,2151.364897446941,2047.7480264438161,2255.1119257215505,-118.2601604469412,0
2024-10-23 06:00:00,2228.324532,2080.7708,2110.495,2080.5022,2114.545326370855,2010.92845536773,2218.2923546454645,113.77920562914505,0
2024-10-23 07:00:00,2067.343574,2072.6184,2083.4778,2061.6367,2094.2506702821242,1990.6337992789993,2197.9976985567337,-26.907096282124257,0
2024-10-23 08:00:00,1893.564922,2065.6177,2061.3896,2036.4044,2079.97979626315,1976.3629252600251,2183.7268245377595,-186.41487426315007,0
2024-10-23 09:00:00,1981.29728,2006.9534,2045.6346,2020.1332,2043.7520024856517,1940.1351314825267,2147.499030760261,-62.4547224856517,0
2024-10-23 10:00:00,1950.162813,1993.656,2035.2432,2029.5201,2026.8867621228042,1923.2698911196792,2130.6337903974136,-76.72394912280424,0
2024-10-23 11:00:00,2097.411071,2020.1017,2030.8517,2022.1708,2037.9237923608998,1934.3069213577749,2141.6708206355092,59.48727863910017,0
2024-10-23 12:00:00,1990.975546,2033.4547,2035.8613,2022.1337,2048.231961012246,1944.6150900091209,2151.9789892868553,-57.25641501224595,0
2024-10-23 13:00:00,2018.351389,1998.9218,2052.5486,2032.3572,2042.246254515288,1938.629383512163,2145.9932827898974,-23.894865515288075,0
2024-10-23 14:00:00,2097.455463,2029.4579,2066.1855,2048.3186,2063.469377524348,1959.8525065212232,2167.2164057989576,33.986085475651635,0
2024-10-23 15:00:00,2007.323596,2037.4984,2083.009,2069.7578,2075.0694479732656,1971.4525769701406,2178.816476247875,-67.74585197326564,0
2024-10-23 16:00:00,2166.648389,2095.901,2106.6775,2104.9119,2112.5982140564925,2008.9813430533675,2216.345242331102,54.0501749435075,0
2024-10-23 17:00:00,2141.066573,2135.0723,2136.8247,2131.7075,2148.142447256541,2044.525576253416,2251.8894755311503,-7.075874256540828,0
2024-10-23 18:00:00,2157.683989,2186.2244,2164.1484,2150.6216,2189.1846327903854,2085.56776178726,2292.931661064995,-31.50064379038531,1
2024-10-23 19:00:00,2185.90182,2186.0054,2187.2793,2194.5437,2196.0995516341663,2092.482680631041,2299.8465799087758,-10.197731634166303,1
2024-10-23 20:00:00,2165.871502,2211.267,2210.3057,2213.6472,2221.370453363917,2117.753582360792,2325.1174816385264,-55.49895136391706,1
2024-10-23 21:00:00,2277.338539,2209.4124,2226.6343,2233.3018,2228.312040840972,2124.6951698378466,2332.059069115581,49.02649815902805,1
2024-10-23 22:00:00,2005.171691,2229.8699,2234.023,2233.8474,2243.7278113572766,2140.1109403541514,2347.474839631886,-238.55612035727654,0
2024-10-23 23:00:00,2306.214723,2226.069,2235.7878,2239.2246,2241.9371474356676,2138.3202764325424,2345.684175710277,64.27757556433244,0
2024-10-24 00:00:00,2378.636551,2215.382,2229.0996,2231.97,2233.430100213729,2129.813229210604,2337.1771284883384,145.20645078627103,0
2024-10-24 01:00:00,2226.901918,2177.427,2216.7278,2212.6997,2210.4953060433154,2106.87843504019,2314.242334317925,16.40661195668463,0
2024-10-24 02:00:00,2204.445233,2208.323,2207.993,2195.1917,2222.8214661133193,2119.204595110194,2326.5684943879287,-18.37623311331936,0
2024-10-24 03:00:00,2265.276997,2189.672,2185.663,2166.9524,2203.5623185476056,2099.9454475444804,2307.309346822215,61.71467845239431,0
2024-10-24 04:00:00,2144.167657,2168.0247,2163.2148,2139.554,2182.567675859268,2078.950804856143,2286.3147041338775,-38.40001885926813,0
2024-10-24 05:00:00,2053.672216,2117.6492,2139.958,2111.792,2147.3220696063086,2043.7051986031836,2251.069097880918,-93.64985360630862,0
2024-10-24 06:00:00,2172.309569,2097.8835,2107.2603,2094.9905,2116.5109550130387,2012.8940840099137,2220.257983287648,55.7986139869613,0
2024-10-24 07:00:00,2140.065544,2086.2366,2081.6462,2060.8093,2099.523019279355,1995.9061482762302,2203.2700475539646,40.542524720644906,0
2024-10-24 08:00:00,2009.240464,2036.3782,2060.206,2042.3544,2063.5936961519665,1959.9768251488415,2167.340724426576,-54.353232151966495,0
2024-10-24 09:00:00,2079.543482,2035.5164,2045.01,2033.4269,2053.529856892045,1949.9129858889198,2157.276885166654,26.01362510795525,0
2024-10-24 10:00:00,1914.183012,2007.9734,2032.7349,2011.4158,2036.3328976079272,1932.7160266048022,2140.0799258825364,-122.14988560792722,0
2024-10-24 11:00:00,1988.738193,2012.4875,2024.4326,2021.2542,2029.4907782722657,1925.8739072691408,2133.237806546875,-40.75258527226583,0
2024-10-24 12:00:00,2018.733936,2042.8906,2029.659,2025.5299,2047.014200238555,1943.39732923543,2150.7612285131645,-28.28026423855499,0
2024-10-24 13:00:00,2106.212306,2048.0723,2043.0753,2038.7388,2056.661382453018,1953.0445114498932,2160.4084107276276,49.55092354698172,0
2024-10-24 14:00:00,1994.186789,2048.2322,2063.505,2057.0454,2068.1197586652447,1964.5028876621197,2171.866786939854,-73.93296966524463,0
2024-10-24 15:00:00,2060.318433,2078.8433,2087.8665,2086.061,2094.4824850740893,1990.8656140709643,2198.2295133486987,-34.16405207408934,0
2024-10-24 16:00:00,2110.970194,2138.5818,2111.6428,2098.1855,2138.5592109328836,2034.9423399297586,2242.306239207493,-27.589016932883624,0
2024-10-24 17:00:00,2206.951124,2142.2163,2146.8765,2135.0972,2158.572905799561,2054.9560347964357,2262.3199340741703,48.37821820043928,0
2024-10-24 18:00:00,2200.891571,2153.959,2177.8809,2173.1497,2178.852266853197,2075.2353958500717,2282.5992951278063,22.03930414680326,1
2024-10-24 19:00:00,2265.931957,2193.7341,2199.475,2196.4343,2208.8687937525183,2105.251922749393,2312.6158220271277,57.0631632474815,1
2024-10-24 20:00:00,2222.939591,2212.2139,2223.9521,2234.6372,2227.2087970393595,2123.5919260362343,2330.955825313969,-4.269206039359688,1
2024-10-24 21:00:00,2301.575187,2253.8071,2237.417,2253.9395,2252.7283863764033,2149.111515373278,2356.4754146510127,48.846800623596664,1
2024-10-24 22:00:00,2228.558181,2227.408,2245.5237,2248.4148,2247.88236199652,2144.265490993395,2351.6293902711295,-19.324180996520226,0
2024-10-24 23:00:00,2207.294347,2242.8132,2239.5862,2251.634,2249.765513391112,2146.148642387987,2353.5125416657215,-42.47116639111209,0
2024-10-25 00:00:00,2348.38023,2249.337,2222.5571,2220.5764,2247.387593741037,2143.770722737912,2351.1346220156465,100.9926362589631,0
2024-10-25 01:00:00,2118.714202,2232.023,2220.17,2196.5647,2243.3284236106547,2139.7115526075295,2347.075451885264,-124.61422161065457,0
2024-10-25 02:00:00,2263.23113,2185.8281,2202.9915,2181.0867,2211.7347194833374,2108.117848480212,2315.481747757947,51.49641051666276,0
2024-10-25 03:00:00,2218.858674,2155.077,2175.4731,2157.422,2181.4771366493756,2077.8602656462504,2285.224164923985,37.38153735062451,0
2024-10-25 04:00:00,2207.719127,2157.9126,2147.705,2132.1038,2167.4699687315174,2063.853097728392,2271.216997006127,40.24915826848246,0
2024-10-25 05:00:00,2219.889988,2117.7146,2120.5723,2107.943,2133.132003584857,2029.5151325817321,2236.8790318594665,86.7579844151428,0
2024-10-25 06:00:00,2136.001658,2102.9329,2087.1099,2082.5637,2106.269827534647,2002.652956531522,2210.0168558092564,29.73183046535314,0
2024-10-25 07:00:00,2085.950737,2065.359,2066.5457,2059.0564,2078.167392586274,1974.5505215831492,2181.9144208608836,7.783344413725899,0
2024-10-25 08:00:00,2165.055585,2031.1626,2044.1095,2036.9254,2049.861356801431,1946.2444857983062,2153.6083850760406,115.19422819856891,0
2024-10-25 09:00:00,2106.948975,2048.2307,2025.4801,2020.3494,2047.5974877120957,1943.9806167089707,2151.344515986705,59.35148728790409,0
2024-10-25 10:00:00,2051.455269,2034.185,2022.847,2008.5463,2041.8168412825507,1938.1999702794258,2145.56386955716,9.638427717449304,0
2024-10-25 11:00:00,2153.695036,2045.045,2020.5281,2013.5316,2043.9204656614115,1940.3035946582866,2147.667493936021,109.77457033858855,0
2024-10-25 12:00:00,2133.261201,2011.8379,2031.9451,2016.3964,2036.2980515914523,1932.6811805883274,2140.0450798660618,96.96314940854745,0
2024-10-25 13:00:00,2083.634688,2053.5173,2044.8301,2039.9235,2060.3355162278244,1956.7186452246995,2164.082544502434,23.29917177217567,0
2024-10-25 14:00:00,2108.869225,2035.8467,2067.004,2060.7646,2064.0110955211912,1960.3942245180663,2167.7581237958007,44.85812947880868,0
2024-10-25 15:00:00,2035.083629,2089.2046,2093.0676,2080.9893,2104.7867510707397,2001.1698800676147,2208.533779345349,-69.70312207073971,0
2024-10-25 16:00:00,2178.18186,2172.3318,2120.78,2104.6445,2160.1928448492276,2056.5759738461024,2263.939873123837,17.989015150772502,0
2024-10-25 17:00:00,2207.824826,2147.704,2149.9958,2123.2507,2166.6335448867203,2063.016673883595,2270.3805731613297,41.19128111327973,0
2024-10-25 18:00:00,2160.127925,2183.5232,2179.272,2155.1406,2198.6065737950034,2094.9897027918782,2302.353602069613,-38.478648795003664,1
2024-10-25 19:00:00,2251.826101,2188.2017,2207.2437,2177.493,2217.109454135972,2113.492583132847,2320.8564824105815,34.71664686402801,1
2024-10-25 20:00:00,2126.569861,2222.5972,2213.9753,2207.7107,2231.1553498635258,2127.5384788604006,2334.902378138135,-104.58548886352582,1
2024-10-25 21:00:00,2283.046476,2278.6934,2216.9985,2217.6685,2257.775298909665,2154.1584279065396,2361.522327184274,25.271177090335186,1
2024-10-25 22:00:00,2241.32146,2269.165,2213.2974,2207.5872,2252.8775663119945,2149.2606953088693,2356.624594586604,-11.556106311994427,0
2024-10-25 23:00:00,2219.811446,2261.0676,2186.7532,2192.3425,2232.0640145373277,2128.4471435342025,2335.811042811937,-12.252568537327534,0
2024-10-26 00:00:00,1969.694079,1993.088,2147.034,2176.5815,2077.037358893328,1973.420487890203,2180.7843871679374,-107.34327989332792,0
2024-10-26 01:00:00,1932.878021,1955.5277,2039.771,2080.6545,1999.3052740251792,1895.6884030220542,2103.0523022997886,-66.4272530251792,0
2024-10-26 02:00:00,1889.896796,1948.675,1977.5867,2008.0548,1965.6594243218822,1862.0425533187572,2069.4064525964914,-75.76262832188218,0
2024-10-26 03:00:00,1975.056237,1940.4501,1938.4292,1942.6196,1947.5952002245813,1843.9783292214563,2051.3422284991907,27.461036775418734,0
2024-10-26 04:00:00,1802.531236,1972.7751,1909.8596,1904.1913,1950.3486877006246,1846.7318166974997,2054.095715975234,-147.8174517006246,0
2024-10-26 05:00:00,1905.575055,1882.3378,1883.4629,1884.5967,1891.4581667057366,1787.8412957026117,1995.205194980346,14.11688829426339,0
2024-10-26 06:00:00,1916.070204,1883.5387,1855.6075,1843.8541,1880.5043426770599,1776.887471673935,1984.2513709516693,35.565861322940236,0
2024-10-26 07:00:00,1720.604578,1851.8499,1832.884,1816.1356,1854.5831182168274,1750.9662472137024,1958.3301464914368,-133.97854021682747,0
2024-10-26 08:00:00,1684.521897,1765.9312,1817.3871,1797.6206,1806.1192953560794,1702.5024243529544,1909.8663236306888,-121.59739835607934,0
2024-10-26 09:00:00,1866.330055,1749.2875,1801.9495,1788.2137,1788.4562011556445,1684.8393301525196,1892.203229430254,77.87385384435538,0
2024-10-26 10:00:00,1642.604129,1773.1819,1792.9058,1764.0134,1798.8920491761542,1695.2751781730292,1902.6390774507636,-156.2879201761541,0
2024-10-26 11:00:00,1805.009615,1809.7686,1790.5007,1781.4225,1810.0622612164545,1706.4453902133296,1913.809289491064,-5.052646216454605,0
2024-10-26 12:00:00,1771.575892,1796.0461,1796.2024,1777.0995,1809.076541170603,1705.459670167478,1912.8235694452123,-37.500649170602856,0
2024-10-26 13:00:00,1801.487675,1803.6044,1807.8838,1791.6041,1818.1702251436839,1714.553354140559,1921.9172534182933,-16.682550143683784,0
2024-10-26 14:00:00,1737.323202,1798.9329,1825.2168,1812.6733,1824.1970312206802,1720.5801602175552,1927.9440594952896,-86.87382922068014,0
2024-10-26 15:00:00,1898.544612,1810.2882,1841.3446,1832.3813,1837.2716033538445,1733.6547323507195,1941.018631628454,61.273008646155404,0
2024-10-26 16:00:00,1887.113204,1868.0767,1859.2546,1855.2479,1873.1021635181387,1769.4852925150137,1976.8491917927481,14.0110404818613,0
2024-10-26 17:00:00,1910.427257,1879.5737,1887.582,1884.1418,1893.4828832860842,1789.8660122829592,1997.2299115606936,16.944373713915866,0
2024-10-26 18:00:00,1885.444041,1905.424,1910.537,1938.6555,1910.0209063326051,1806.4040353294802,2013.7679346072146,-24.576865332605166,1
2024-10-26 19:00:00,1844.898071,1906.0857,1933.709,1943.5076,1927.2719528321563,1823.6550818290314,2031.0189811067658,-82.37388183215626,1
2024-10-26 20:00:00,1974.655215,1914.1016,1952.6354,1980.645,1936.5373577117412,1832.9204867086162,2040.2843859863506,38.11785728825885,1
2024-10-26 21:00:00,1873.423196,1963.8424,1967.4192,1983.2601,1971.2002024768362,1867.5833314737113,2074.9472307514457,-97.77700647683628,1
2024-10-26 22:00:00,2015.325861,1975.9729,1981.1526,1988.8639,1986.3358553264645,1882.7189843233396,2090.0828836010737,28.990005673535507,0
2024-10-26 23:00:00,1980.659796,1980.9652,1988.2229,1993.1962,1993.1641225048456,1889.5472515017207,2096.911150779455,-12.504326504845722,0
2024-10-27 00:00:00,1977.132151,2003.0819,1981.8231,1992.0553,1998.9906294751686,1895.3737584720436,2102.737657749778,-21.858478475168567,0
2024-10-27 01:00:00,1938.791453,1962.1226,1966.152,1999.5974,1965.2533598721693,1861.6364888690443,2069.0003881467787,-26.461906872169266,0
2024-10-27 02:00:00,1939.206464,1976.6176,1939.3937,1991.7867,1953.1725968730914,1849.5557258699664,2056.9196251477006,-13.966132873091283,0
2024-10-27 03:00:00,2025.286482,1951.1803,1918.1693,1957.7854,1932.999091524731,1829.382220521606,2036.7461197993405,92.28739047526892,0
2024-10-27 04:00:00,1916.544682,1883.6869,1891.3209,1944.6343,1883.0734929907571,1779.4566219876322,1986.8205212653666,33.471189009242835,0
2024-10-27 05:00:00,1884.659564,1860.8262,1856.601,1906.7991,1854.5212448526604,1750.9043738495354,1958.2682731272698,30.138319147339644,0
2024-10-27 06:00:00,1829.62709,1861.6521,1828.6396,1863.507,1843.9503826949058,1740.3335116917808,1947.6974109695152,-14.323292694905831,0
2024-10-27 07:00:00,1739.925926,1810.3063,1804.4326,1819.7677,1811.538736258502,1707.921865255377,1915.2857645331114,-71.61281025850212,0
2024-10-27 08:00:00,1815.779138,1755.9337,1780.098,1818.9313,1766.7295639208983,1663.1126929177733,1870.4765921955077,49.04957407910183,0
2024-10-27 09:00:00,1696.20224,1792.5881,1764.3997,1779.5648,1781.8750711926452,1678.2582001895203,1885.6220994672547,-85.67283119264516,0
2024-10-27 10:00:00,1728.524321,1749.1847,1756.9973,1789.2875,1752.9011117566588,1649.2842407535338,1856.6481400312682,-24.376790756658693,0
2024-10-27 11:00:00,1700.672792,1780.1688,1750.6588,1770.1924,1767.5491221565112,1663.9322511533862,1871.2961504311206,-66.87633015651113,0
2024-10-27 12:00:00,1763.199208,1752.3394,1756.8531,1785.1267,1755.3460834098723,1651.7292124067474,1859.0931116844818,7.853124590127663,0
2024-10-27 13:00:00,1837.093328,1787.1069,1762.6925,1789.7517,1775.3443306562099,1671.727459653085,1879.0913589308193,61.74899734379005,0
2024-10-27 14:00:00,1877.547601,1771.1088,1781.047,1815.4816,1775.5876608983524,1671.9707898952274,1879.3346891729618,101.95994010164759,0
2024-10-27 15:00:00,1786.479836,1814.4026,1802.3982,1843.7751,1805.825704551692,1702.208833548567,1909.5727328263015,-19.345868551692092,0
2024-10-27 16:00:00,1945.08923,1842.7515,1835.9827,1887.6945,1834.567795969036,1730.950924965911,1938.3148242436455,110.52143403096397,0
2024-10-27 17:00:00,1780.502007,1889.85,1867.265,1913.6338,1875.001249838995,1771.38437883587,1978.7482781136043,-94.49924283899486,0
2024-10-27 18:00:00,1971.678509,1876.4225,1899.7084,1947.0731,1885.5641898130766,1781.9473188099516,1989.311218087686,86.11431918692347,1
2024-10-27 19:00:00,1748.189339,1956.3928,1933.1804,1984.6698,1940.4515733849744,1836.8347023818494,2044.1986016595838,-192.26223438497436,1
2024-10-27 20:00:00,1952.525552,1877.7255,1974.6344,2020.3162,1926.3861751708546,1822.7693041677296,2030.133203445464,26.139376829145476,1
2024-10-27 21:00:00,2028.877914,1944.2368,2003.1401,2058.9075,1970.7065691860025,1867.0896981828776,2074.453597460612,58.17134481399739,1
2024-10-27 22:00:00,2071.743018,2001.9978,2035.3362,2095.837,2014.1641951313457,1910.5473241282207,2117.911223405955,57.57882286865447,0
2024-10-27 23:00:00,1992.359728,1995.3124,2069.676,2116.314,2032.710059967106,1929.093188963981,2136.457088241715,-40.35033196710606,0
2024-10-28 00:00:00,2316.245051,2198.6685,2097.3352,2102.3394,2154.9674189713555,2051.3505479682303,2258.714447245965,161.27763202864435,0
2024-10-28 01:00:00,2178.710062,2189.1143,2178.2483,2190.331,2191.570114156595,2087.95324315347,2295.3171424312045,-12.860052156594975,0
2024-10-28 02:00:00,2265.832264,2186.676,2203.0625,2226.7373,2200.6467438493487,2097.0298728462235,2304.393772123958,65.18552015065143,0
2024-10-28 03:00:00,2132.568078,2159.484,2192.9778,2209.98,2184.0050512622374,2080.3881802591122,2287.752079536847,-51.43697326223764,0
2024-10-28 04:00:00,2248.53452,2139.0667,2168.674,2167.6228,2165.9272487145595,2062.3103777114343,2269.674276989169,82.60727128544067,0
2024-10-28 05:00:00,2136.575567,2123.3025,2132.9902,2129.3232,2140.123476503043,2036.5066054999181,2243.8705047776525,-3.547909503043229,0
2024-10-28 06:00:00,1973.112602,2078.2937,2102.209,2108.5955,2099.761647683973,1996.144776680848,2203.5086759585824,-126.6490456839731,0
2024-10-28 07:00:00,2246.014073,2044.3882,2078.012,2082.1558,2071.3041474922534,1967.6872764891284,2175.051175766863,174.70992550774645,0
2024-10-28 08:00:00,1960.290119,2066.8882,2046.7915,2044.6381,2067.060889717155,1963.44401871403,2170.8079179917645,-106.77077071715507,0
2024-10-28 09:00:00,2033.131158,1981.6267,2028.1598,2039.2728,2013.1270921366968,1909.5102211335718,2116.874120411306,20.00406586330314,0
2024-10-28 10:00:00,2179.719742,2036.3416,2019.4127,2016.4081,2038.1652226372146,1934.5483516340896,2141.912250911824,141.55451936278564,0
2024-10-28 11:00:00,1947.362904,2036.4742,2013.6615,2002.4988,2037.2392670503652,1933.6223960472403,2140.9862953249744,-89.87636305036517,0
2024-10-28 12:00:00,2070.433123,2034.3761,2021.6277,2035.6577,2034.093837817772,1930.476966814647,2137.8408660923815,36.33928518222774,0
2024-10-28 13:00:00,2006.990859,2051.5342,2035.3046,2032.6323,2053.7673000525633,1950.1504290494383,2157.5143283271727,-46.776441052563314,0
2024-10-28 14:00:00,2102.801967,2052.815,2062.6418,2054.8115,2070.195314466486,1966.5784434633608,2173.942342741095,32.60665253351408,0
2024-10-28 15:00:00,2099.08598,2091.978,2088.5361,2060.5076,2107.739640624206,2004.122769621081,2211.4866688988154,-8.653660624206168,0
2024-10-28 16:00:00,1963.781552,2120.6372,2119.679,2092.4023,2137.7578521184446,2034.1409811153196,2241.504880393054,-173.97630011844467,0
2024-10-28 17:00:00,2179.578026,2144.0537,2151.482,2129.1096,2164.574258649674,2060.957387646549,2268.3212869242834,15.003767350326143,0
2024-10-28 18:00:00,2183.646227,2185.0107,2174.898,2167.8003,2192.6854606793054,2089.06858967618,2296.432488953915,-9.039233679305198,1
2024-10-28 19:00:00,2336.0174,2176.174,2200.7388,2185.4924,2204.247535008359,2100.630664005234,2307.9945632829686,131.76986499164104,1
2024-10-28 20:00:00,2334.115476,2220.0774,2225.6804,2228.4285,2233.8865891512164,2130.269718148091,2337.633617425826,100.22888684878353,1
2024-10-28 21:00:00,2508.519766,2249.368,2245.8672,2243.1182,2259.970886057402,2156.3540150542767,2363.7179143320113,248.54887994259798,1
2024-10-28 22:00:00,2300.626727,2272.882,2259.2205,2259.1672,2277.598559734721,2173.981688731596,2381.3455880093306,23.028167265278626,0
2024-10-28 23:00:00,2232.430387,2256.8945,2265.977,2272.533,2271.884052091762,2168.267181088637,2375.6310803663714,-39.453665091762105,0
2024-10-29 00:00:00,2308.120788,2196.695,2265.1682,2269.5798,2243.2696924282013,2139.652821425076,2347.0167207028107,64.85109557179885,0
2024-10-29 01:00:00,2254.278418,2228.402,2240.8591,2242.7427,2246.1354804371804,2142.518609434055,2349.88250871179,8.142937562819498,0
2024-10-29 02:00:00,2375.906362,2172.8167,2221.8945,2219.718,2210.56960215392,2106.952731150795,2314.3166304285296,165.33675984607999,0
2024-10-29 03:00:00,2198.660804,2174.3467,2195.9336,2181.4058,2200.6429088943246,2097.0260378911994,2304.389937168934,-1.9821048943244932,0
2024-10-29 04:00:00,2152.540844,2155.7678,2174.0085,2154.6816,2181.3521236562206,2077.7352526530954,2285.09915193083,-28.81127965622045,0
2024-10-29 05:00:00,2109.14081,2085.6028,2148.0215,2114.5496,2137.6521364718324,2034.0352654687074,2241.399164746442,-28.51132647183249,0
2024-10-29 06:00:00,2082.061971,2102.8748,2119.5332,2092.1663,2129.22701655097,2025.610145547845,2232.9740448255793,-47.16504555096981,0
2024-10-29 07:00:00,2025.282177,2050.2397,2088.4727,2059.9563,2087.911662499478,1984.2947914963531,2191.6586907740875,-62.62948549947805,0
2024-10-29 08:00:00,2204.682288,2063.1772,2069.3083,2039.359,2084.2746286553597,1980.6577576522347,2188.021656929969,120.40765934464025,0
2024-10-29 09:00:00,1985.671599,2118.9363,2055.733,2022.0859,2104.611944445423,2000.995073442298,2208.3589727200324,-118.94034544542296,0
2024-10-29 10:00:00,2009.449238,2065.7615,2049.0227,2027.995,2072.4822929526295,1968.8654219495045,2176.229321227239,-63.03305495262953,0
2024-10-29 11:00:00,2001.733547,2005.7795,2051.2234,2014.9647,2048.8798896201693,1945.2630186170443,2152.6269178947787,-47.14634262016921,0
2024-10-29 12:00:00,2009.132208,2045.5586,2054.5557,2033.1532,2065.873366881302,1962.256495878177,2169.6203951559114,-56.741158881302,0
2024-10-29 13:00:00,2075.381191,2064.7654,2065.0479,2020.3462,2086.5027172538225,1982.8858462506976,2190.249745528432,-11.121526253822594,0
2024-10-29 14:00:00,2097.965674,2095.3984,2085.873,2047.7931,2110.500886109292,2006.884015106167,2214.2479143839014,-12.535212109291933,0
2024-10-29 15:00:00,2135.938061,2094.1082,2107.9727,2063.3477,2123.2724329803614,2019.6555619772364,2227.019461254971,12.665628019638461,0
2024-10-29 16:00:00,2165.347407,2120.483,2129.9104,2103.8303,2142.8128918451102,2039.1960208419853,2246.5599201197197,22.53451515488996,0
2024-10-29 17:00:00,2152.633664,2151.9294,2152.7705,2132.9844,2168.3624008386873,2064.745529835562,2272.1094291132968,-15.728736838687382,0
2024-10-29 18:00:00,2222.100071,2153.493,2179.986,2160.1504,2183.568414161819,2079.9515431586938,2287.3154424364284,38.53165683818088,1
2024-10-29 19:00:00,2173.487164,2163.9272,2207.0378,2186.2856,2203.139981868885,2099.52311086576,2306.8870101434945,-29.652817868884995,1
2024-10-29 20:00:00,2313.382536,2206.8384,2217.1167,2205.1853,2226.7363020276166,2123.1194310244914,2330.483330302226,86.64623397238347,1
2024-10-29 21:00:00,2152.517631,2213.1694,2237.539,2222.2075,2241.4588494988325,2137.8419784957073,2345.205877773442,-88.94121849883231,1
2024-10-29 22:00:00,2556.943933,2242.7534,2249.092,2235.7559,2261.2045741637985,2157.5877031606733,2364.951602438408,295.7393588362015,0
2024-10-29 23:00:00,2203.307224,2248.521,2255.4292,2249.6265,2265.4152210093644,2161.798350006239,2369.162249283974,-62.107997009364226,0
2024-10-30 00:00:00,2343.425423,2226.0625,2251.554,2262.893,2248.304373921939,2144.6875029188136,2352.051402196548,95.12104907806133,0
2024-10-30 01:00:00,2133.691633,2169.1917,2233.412,2239.4666,2212.8716464800755,2109.2547754769503,2316.618674754685,-79.18001348007556,0
2024-10-30 02:00:00,2288.959498,2189.1152,2214.822,2219.9253,2212.7513400759813,2109.134469072856,2316.4983683505907,76.2081579240189,0
2024-10-30 03:00:00,2125.399925,2182.0813,2199.155,2179.6501,2207.3030479247086,2103.6861769215834,2311.050076199318,-81.90312292470844,0
2024-10-30 04:00:00,2066.701929,2173.432,2167.735,2159.7031,2183.5939478638443,2079.977076860719,2287.3409761384537,-116.89201886384444,0
2024-10-30 05:00:00,2139.19737,2108.2756,2143.4783,2129.3691,2141.1617275877475,2037.5448565846225,2244.908755862357,-1.9643575877475996,0
2024-10-30 06:00:00,2172.615495,2106.0376,2112.6416,2106.8433,2121.621703754144,2018.0048327510192,2225.3687320287536,50.993791245855846,0
2024-10-30 07:00:00,2075.374671,2101.639,2084.734,2077.3362,2105.11242767082,2001.4955566676952,2208.8594559454295,-29.73775667082009,0
2024-10-30 08:00:00,2174.277954,2079.6365,2067.999,2058.5498,2086.2480497214524,1982.6311787183274,2189.995077996062,88.02990427854775,0
2024-10-30 09:00:00,2083.91792,2072.3582,2053.5898,2038.7561,2076.4878251361447,1972.8709541330197,2180.234853410754,7.4300948638551745,0
2024-10-30 10:00:00,2054.146092,2064.8796,2043.6549,2038.4381,2065.2122822985834,1961.5954112954585,2168.959310573193,-11.066190298583479,0
2024-10-30 11:00:00,1993.879918,2064.372,2046.4683,2025.8854,2070.3507106144875,1966.7338396113626,2174.097738889097,-76.47079261448744,0
2024-10-30 12:00:00,1833.710663,2004.2457,2049.7864,2029.8885,2043.2462934852142,1939.6294224820892,2146.9933217598236,-209.53563048521414,0
2024-10-30 13:00:00,2177.455592,2020.3843,2061.9587,2040.9252,2057.696679958422,1954.079808955297,2161.4437082330314,119.75891204157779,0
2024-10-30 14:00:00,2096.719817,2081.1433,2080.966,2048.6648,2099.6315715236665,1996.0147005205415,2203.378599798276,-2.911754523666332,0
2024-10-30 15:00:00,2133.021612,2098.5308,2104.9722,2075.072,2120.06515137018,2016.448280367055,2223.8121796447895,12.956460629819958,0
2024-10-30 16:00:00,2241.354256,2119.2039,2134.7158,2104.394,2145.8265046225815,2042.2096336194566,2249.573532897191,95.52775137741855,0
2024-10-30 17:00:00,2339.321768,2148.947,2153.946,2117.7217,2171.721605307834,2068.104734304709,2275.4686335824435,167.60016269216567,0
2024-10-30 18:00:00,2320.122563,2175.5422,2185.3408,2155.2542,2199.5261973096635,2095.9093263065383,2303.273225584273,120.59636569033637,1
2024-10-30 19:00:00,2159.626339,2190.1272,2212.9714,2186.5864,2220.217489934158,2116.600618931033,2323.9645182087675,-60.59115093415812,1
2024-10-30 20:00:00,2264.398369,2209.2097,2234.3003,2221.6892,2237.1617597467853,2133.54488874366,2340.9087880213947,27.236609253214738,1
2024-10-30 21:00:00,2226.274863,2221.9001,2249.7998,2224.8025,2254.578951179409,2150.962080176284,2358.3259794540186,-28.304088179409064,1
2024-10-30 22:00:00,2300.224415,2183.6736,2259.4355,2235.3057,2241.2327738923077,2137.6159028891825,2344.979802166917,58.99164110769243,0
2024-10-30 23:00:00,2199.010673,2219.387,2253.3606,2224.1523,2256.335139033505,2152.71826803038,2360.0821673081145,-57.324466033504905,0
2024-10-31 00:00:00,2283.008766,2250.4797,2237.088,2226.265,2257.8834438052822,2154.266572802157,2361.6304720798917,25.125322194717683,0
2024-10-31 01:00:00,2347.995125,2231.3093,2229.5955,2209.9229,2246.9965848054544,2143.379713802329,2350.743613080064,100.99854019454551,0
2024-10-31 02:00:00,2363.083868,2199.3245,2211.6794,2192.8044,2222.020795077568,2118.403924074443,2325.7678233521774,141.06307292243218,0
2024-10-31 03:00:00,2200.86749,2167.9966,2191.0894,2160.938,2198.9933544035753,2095.37648340045,2302.7403826781847,1.8741355964248214,0
2024-10-31 04:00:00,2200.486975,2160.8223,2165.1252,2138.8115,2180.81588930247,2077.199018299345,2284.5629175770796,19.671085697529634,0
2024-10-31 05:00:00,2119.874512,2140.2495,2136.302,2112.3428,2155.1020612245034,2051.485190221378,2258.849089499113,-35.22754922450349,0
2024-10-31 06:00:00,2172.376659,2092.0452,2109.0247,2088.9128,2116.645298440712,2013.028427437587,2220.3923267153214,55.73136055928808,0
2024-10-31 07:00:00,1853.112523,2050.9956,2081.7627,2054.4084,2084.4164015274505,1980.7995305243255,2188.16342980206,-231.30387852745048,0
2024-10-31 08:00:00,2220.822171,2096.2266,2054.5747,2050.0454,2085.7940171196565,1982.1771461165315,2189.541045394266,135.02815388034332,0
2024-10-31 09:00:00,2188.510021,2061.297,2041.8597,2018.2911,2067.1921997068525,1963.5753287037276,2170.939227981462,121.31782129314752,0
2024-10-31 10:00:00,2017.717875,2024.6432,2031.7153,2031.9926,2038.2833371215438,1934.6664661184188,2142.0303653961532,-20.56546212154376,0
2024-10-31 11:00:00,2059.641888,2010.0563,2026.8718,2034.3453,2026.9307766393758,1923.3139056362509,2130.6778049139853,32.71111136062427,0
2024-10-31 12:00:00,2080.646232,2027.7067,2029.8839,2030.8727,2038.5930306779223,1934.9761596747974,2142.3400589525318,42.05320132207771,0
2024-10-31 13:00:00,2115.967772,2075.2275,2040.9294,2040.0878,2067.5967526274244,1963.9798816242994,2171.343780902034,48.371019372575574,0
2024-10-31 14:00:00,2119.09556,2065.603,2068.2795,2060.3086,2079.326184045817,1975.7093130426922,2183.0732123204266,39.76937595418303,0
2024-10-31 15:00:00,2031.938901,2106.2703,2090.4468,2080.234,2111.0673717562286,2007.4505007531036,2214.814400030838,-79.12847075622858,0
2024-10-31 16:00:00,2146.183713,2108.9673,2120.2,2115.9316,2126.6450567973484,2023.0281857942234,2230.392085071958,19.53865620265151,0
2024-10-31 17:00:00,2188.702876,2148.5518,2150.7346,2144.1553,2162.3288714399246,2058.7120004367994,2266.075899714534,26.374004560075264,0
2024-10-31 18:00:00,2212.282789,2191.1575,2181.1213,2167.5515,2200.559658680667,2096.9427876775417,2304.3066869552763,11.723130319332995,1
2024-10-31 19:00:00,2124.003161,2178.327,2213.1846,2193.6257,2212.972661161022,2109.355790157897,2316.7196894356316,-88.9695001610221,1
2024-10-31 20:00:00,2271.88166,2231.048,2230.3328,2224.7817,2243.6909726978197,2140.0741016946945,2347.438000972429,28.190687302180322,1
2024-10-31 21:00:00,2112.337378,2243.1697,2240.8875,2242.0688,2253.3752862796237,2149.7584152764985,2357.122314554233,-141.03790827962348,1
2024-10-31 22:00:00,2524.180992,2252.4414,2242.732,2244.7256,2258.57345885473,2154.9565878516046,2362.320487129339,265.6075331452703,0
2024-10-31 23:00:00,2562.529915,2560.062,2249.1377,2240.4016,2411.4860815348047,2307.8692105316795,2515.233109809414,151.04383346519535,0
2024-11-01 00:00:00,2855.706662,2881.5632,2691.1438,2373.005,2877.816482167015,2774.1996111638896,2981.563510441624,-22.109820167014732,0
2024-11-01 01:00:00,2685.86783,2734.0251,2825.0195,2536.6785,2870.9405948304197,2767.3237238272945,2974.687623105029,-185.0727648304196,0
2024-11-01 02:00:00,2900.336292,2755.715,2738.01,2664.9084,2780.6528141179874,2677.035943114862,2884.399842392597,119.68347788201254,0
2024-11-01 03:00:00,2753.240038,2766.6013,2735.337,2698.015,2775.3775722413716,2671.7607012382464,2879.124600515981,-22.137534241371668,0
2024-11-01 04:00:00,2674.397156,2769.0796,2693.4932,2661.796,2752.92457466098,2649.3077036578547,2856.6716029355894,-78.52741866097995,0
2024-11-01 05:00:00,2668.277983,2698.96,2662.698,2624.21,2704.8334653980937,2601.2165943949685,2808.580493672703,-36.55548239809377,0
2024-11-01 06:00:00,2534.959701,2655.684,2635.7908,2606.2498,2667.6350108226734,2564.018139819548,2771.382039097283,-132.67530982267317,0
2024-11-01 07:00:00,2586.345072,2606.4526,2608.3792,2584.6282,2628.125402661165,2524.50853165804,2731.8724309357744,-41.78033066116495,0
2024-11-01 08:00:00,2586.768912,2689.5356,2559.2656,2554.6138,2636.869535654851,2533.252664651726,2740.6165639294604,-50.100623654851006,0
2024-11-01 09:00:00,2677.497453,2616.1448,2569.426,2549.4834,2611.108877291842,2507.4920062887168,2714.8559055664514,66.38857570815799,0
2024-11-01 10:00:00,2572.153465,2588.8523,2581.888,2575.0593,2601.3827318246963,2497.765860821571,2705.1297600993057,-29.229266824696424,0
2024-11-01 11:00:00,2531.182843,2577.4783,2576.0862,2581.0667,2589.8877856977283,2486.270914694603,2693.6348139723377,-58.70494269772826,0
2024-11-01 12:00:00,2431.803498,2553.324,2575.4211,2582.301,2577.527723841788,2473.910852838663,2681.2747521163974,-145.72422584178776,0
2024-11-01 13:00:00,2521.058115,2547.3381,2591.5005,2579.5261,2587.9765479228945,2484.3596769197693,2691.723576197504,-66.91843292289468,0
2024-11-01 14:00:00,2610.850878,2585.2156,2623.389,2602.297,2625.2862235849148,2521.6693525817896,2729.033251859524,-14.435345584914558,0
2024-11-01 15:00:00,2484.255243,2630.3115,2655.4834,2618.2947,2667.9155925613436,2564.2987215582184,2771.662620835953,-183.66034956134354,0
2024-11-01 16:00:00,2616.699554,2717.0781,2660.9866,2633.1023,2709.888574886412,2606.2717038832866,2813.635603161021,-93.18902088641198,0
2024-11-01 17:00:00,2794.721185,2791.0159,2692.04,2625.494,2771.437019177279,2667.820148174154,2875.1840474518885,23.28416582272075,0
2024-11-01 18:00:00,2744.647968,2754.1082,2700.7427,2641.7334,2756.53768987477,2652.9208188716448,2860.2847181493794,-11.889721874769748,1
2024-11-01 19:00:00,2782.629386,2683.9941,2721.708,2646.8848,2738.2089070511292,2634.592036048004,2841.9559353257387,44.42047894887082,1
2024-11-01 20:00:00,2716.405541,2725.55,2713.9905,2662.281,2748.0955975439447,2644.4787265408195,2851.842625818554,-31.690056543944593,1
2024-11-01 21:00:00,2936.697578,2806.0935,2673.439,2638.688,2760.7145031328287,2657.0976321297035,2864.461531407438,175.98307486717113,1
2024-11-01 22:00:00,2801.557574,2811.8042,2641.7249,2615.9304,2744.3385001723314,2640.721629169206,2848.0855284469408,57.21907382766858,0
2024-11-01 23:00:00,2543.291871,2538.086,2557.3262,2596.511,2552.4781528446806,2448.8612818415554,2656.22518111929,-9.186281844680707,0
2024-11-02 00:00:00,1918.840051,2035.3229,2153.6829,2443.8098,2034.8025886229984,1931.1857176198735,2138.549616897608,-115.96253762299852,0
2024-11-02 01:00:00,1847.185449,1973.0269,2010.0283,2237.6155,1944.6364624834378,1841.0195914803128,2048.383490758047,-97.45101348343769,0
2024-11-02 02:00:00,1964.096419,1993.1143,1976.7024,2058.3274,1973.4553802042951,1869.8385092011702,2077.2024084789045,-9.358961204295156,0
2024-11-02 03:00:00,1893.243914,1930.9379,1939.2505,1951.7828,1941.3816539813906,1837.7647829782657,2045.128682256,-48.13773998139072,0
2024-11-02 04:00:00,1824.097068,1905.0835,1907.3866,1908.6606,1914.9769302969055,1811.3600592937805,2018.723958571515,-90.87986229690546,0
2024-11-02 05:00:00,1760.542384,1891.4316,1874.2999,1865.8333,1893.3622820961205,1789.7454110929955,1997.1093103707299,-132.81989809612037,0
2024-11-02 06:00:00,1699.855578,1902.6903,1843.3198,1844.9082,1879.745551922039,1776.1286809189141,1983.4925801966485,-179.8899739220392,0
2024-11-02 07:00:00,1733.251507,1774.2942,1819.7509,1814.0089,1807.8171771709603,1704.2003061678354,1911.5642054455698,-74.5656701709604,0
2024-11-02 08:00:00,1800.780593,1796.7023,1794.0256,1796.7128,1802.7218705306427,1699.1049995275177,1906.4688988052521,-1.9412775306427648,0
2024-11-02 09:00:00,1825.907369,1895.3489,1781.0411,1778.7083,1844.173539425229,1740.556668422104,1947.9205676998383,-18.266170425228893,0
2024-11-02 10:00:00,1792.388929,1769.9642,1778.6366,1789.6655,1779.6828722264377,1676.0660012233127,1883.429900501047,12.706056773562295,0
2024-11-02 11:00:00,1706.811169,1776.0769,1774.1517,1792.3483,1778.4058807505085,1674.7890097473835,1882.1529090251179,-71.5947117505084,0
2024-11-02 12:00:00,1669.323548,1747.4874,1776.1672,1813.7422,1760.930617288291,1657.313746285166,1864.6776455629004,-91.60706928829086,0
2024-11-02 13:00:00,1689.206763,1807.5422,1781.4369,1826.75,1790.428882975611,1686.812011972486,1894.1759112502205,-101.22211997561112,0
2024-11-02 14:00:00,1772.25511,1825.7909,1789.4229,1861.6954,1796.5565990549403,1692.9397280518153,1900.3036273295497,-24.301489054940248,0
2024-11-02 15:00:00,1687.469993,1869.1747,1805.2239,1873.5856,1826.6368308132746,1723.0199598101497,1930.383859087884,-139.1668378132747,0
2024-11-02 16:00:00,1996.772566,1879.4841,1819.2728,1922.06,1830.3057615846487,1726.6888905815238,1934.0527898592582,166.46680441535136,0
2024-11-02 17:00:00,1793.075324,1971.5957,1840.866,1957.323,1882.2664299547357,1778.6495589516107,1986.0134582293451,-89.1911059547358,0
2024-11-02 18:00:00,1998.797912,1921.0853,1863.5944,1981.9071,1869.7585891703186,1766.1417181671936,1973.505617444928,129.0393228296814,1
2024-11-02 19:00:00,1839.869374,1931.3568,1887.1672,2023.219,1882.6863812921183,1779.0695102889933,1986.4334095667277,-42.817007292118205,1
2024-11-02 20:00:00,1841.899777,1889.4532,1903.3873,2020.8154,1876.011502580766,1772.3946315776411,1979.7585308553755,-34.111725580766006,1
2024-11-02 21:00:00,1933.226787,1910.8837,1910.946,2037.6156,1887.9129088724208,1784.2960378692958,1991.6599371470302,45.3138781275793,1
2024-11-02 22:00:00,1924.885569,1976.804,1923.6588,2028.6222,1931.6099410549698,1827.9930700518448,2035.3569693295792,-6.724372054969763,0
2024-11-02 23:00:00,2050.864881,1959.5908,1924.4573,2024.623,1925.03328095694,1821.416409953815,2028.7803092315494,125.83160004306,0
2024-11-03 00:00:00,1869.756238,1947.674,1911.6376,2020.286,1910.3952995814695,1806.7784285783446,2014.142327856079,-40.639061581469605,0
2024-11-03 01:00:00,1987.918227,1978.6395,1874.5194,1990.6245,1903.5817164446694,1799.9648454415444,2007.3287447192788,84.3365105553305,0
2024-11-03 02:00:00,2024.043262,1968.6064,1844.269,1985.2664,1876.4384872578771,1772.8216162547521,1980.1855155324865,147.6047747421228,0
2024-11-03 03:00:00,2034.914096,1930.2247,1826.8466,1955.7898,1851.9231871788488,1748.3063161757239,1955.6702154534582,182.99090882115115,0
2024-11-03 04:00:00,1964.930069,1926.1952,1802.9773,1929.9792,1837.82037289567,1734.203501892545,1941.5674011702795,127.10969610432994,0
2024-11-03 05:00:00,1870.104462,1877.0779,1782.8488,1884.0653,1810.219120020025,1706.6022490169,1913.9661482946344,59.88534197997501,0
2024-11-03 06:00:00,1876.106579,1827.9152,1762.6952,1858.0562,1777.5412505173472,1673.9243795142222,1881.2882787919566,98.56532848265283,0
2024-11-03 07:00:00,1790.577083,1777.1846,1738.632,1791.9174,1751.2023404720962,1647.5854694689713,1854.9493687467057,39.37474252790366,0
2024-11-03 08:00:00,1640.118887,1803.2664,1722.6735,1770.1864,1756.637379384839,1653.020508381714,1860.3844076594485,-116.51849238483896,0
2024-11-03 09:00:00,1668.744396,1751.8063,1713.8893,1743.3385,1731.9869343855423,1628.3700633824174,1835.7339626601517,-63.242538385542275,0
2024-11-03 10:00:00,1591.381899,1758.867,1708.3994,1744.2455,1730.8238028381948,1627.2069318350698,1834.5708311128042,-139.44190383819478,0
2024-11-03 11:00:00,1728.551056,1707.1478,1711.0138,1730.2885,1711.7231563074363,1608.1062853043113,1815.4701845820457,16.827899692563733,0
2024-11-03 12:00:00,1745.063535,1728.9512,1713.906,1734.7391,1723.2688834536993,1619.6520124505744,1827.0159117283088,21.794651546300656,0
2024-11-03 13:00:00,1786.735065,1768.1191,1723.7039,1742.3766,1747.7077032094066,1644.0908322062817,1851.454731484016,39.02736179059343,0
2024-11-03 14:00:00,1728.346241,1803.206,1741.6766,1769.4086,1771.7004499496254,1668.0835789465004,1875.4474782242348,-43.354208949625445,0
2024-11-03 15:00:00,1747.751493,1759.7649,1765.5372,1808.881,1759.6872017817861,1656.0703307786612,1863.4342300563956,-11.935708781786161,0
2024-11-03 16:00:00,1848.847033,1845.4514,1787.4441,1841.0176,1809.6185850749473,1706.0017140718223,1913.3656133495567,39.228447925052706,0
2024-11-03 17:00:00,1871.073076,1871.2664,1819.1212,1862.6779,1841.2873413642676,1737.6704703611426,1945.034369638877,29.785734635732297,0
2024-11-03 18:00:00,1862.145929,1908.6567,1851.1246,1917.6647,1870.3050553366515,1766.6881843335266,1974.052083611261,-8.159126336651525,1
2024-11-03 19:00:00,1957.342887,1910.4767,1883.9692,1980.7766,1880.9523315786248,1777.3354605754998,1984.6993598532342,76.39055542137521,1
2024-11-03 20:00:00,1833.959334,1964.6907,1919.0651,1995.3973,1930.6336800176732,1827.0168090145482,2034.3807082922826,-96.67434601767332,1
2024-11-03 21:00:00,1973.214334,1940.9147,1960.1113,2034.9572,1941.4530978573725,1837.8362268542476,2045.200126131982,31.761236142627467,1
2024-11-03 22:00:00,1974.914412,1989.138,2003.2186,2060.0686,1991.9013594999435,1888.2844884968185,2095.6483877745527,-16.986947499943426,0
2024-11-03 23:00:00,1807.280061,1989.8164,2038.687,2101.4216,2009.5648612483203,1905.9479902451953,2113.3118895229295,-202.28480024832038,0
2024-11-04 00:00:00,2132.398351,2114.6562,2060.4587,2115.5073,2082.6408043691513,1979.0239333660263,2186.3878326437607,49.75754663084854,0
2024-11-04 01:00:00,2175.821258,2142.775,2130.513,2184.8118,2133.437052740696,2029.820181737571,2237.1840810153053,42.38420525930405,0
2024-11-04 02:00:00,2341.041954,2187.4626,2142.2778,2223.4646,2154.2057493326206,2050.5888783294954,2257.95277760723,186.8362046673792,0
2024-11-04 03:00:00,2050.66374,2161.046,2131.022,2198.4966,2139.0931774560036,2035.4763064528786,2242.840205730613,-88.4294374560036,0
2024-11-04 04:00:00,2252.198425,2148.2483,2109.2366,2184.631,2119.417824949296,2015.8009539461711,2223.1648532239055,132.78060005070392,0
2024-11-04 05:00:00,2236.949867,2108.6758,2079.7205,2140.4285,2088.5803066743533,1984.9634356712284,2192.3273349489627,148.3695603256465,0
2024-11-04 06:00:00,1940.365465,2061.2761,2040.0964,2117.4807,2040.707985709001,1937.091114705876,2144.45501398361,-100.34252070900084,0
2024-11-04 07:00:00,2040.653804,1989.5458,2006.1461,2082.3499,1988.7540993966359,1885.137228393511,2092.5011276712453,51.89970460336417,0
2024-11-04 08:00:00,2002.513799,1936.0452,1981.3411,2061.0278,1949.17452916187,1845.557658158745,2052.9215574364794,53.33926983813012,0
2024-11-04 09:00:00,2108.896615,1971.989,1962.7181,2044.6055,1955.8844299095917,1852.2675589064668,2059.631458184201,153.01218509040837,0
2024-11-04 10:00:00,2106.340434,2033.0603,1955.6771,2033.9287,1982.209916174093,1878.593045170968,2085.9569444487024,124.13051782590719,0
2024-11-04 11:00:00,1842.883819,1993.2147,1955.1766,2040.2046,1961.2155334700246,1857.5986624668997,2064.962561744634,-118.33171447002474,0
2024-11-04 12:00:00,1907.305924,1958.3479,1963.7736,2043.7915,1950.408003966238,1846.7911329631131,2054.1550322408475,-43.10207996623808,0
2024-11-04 13:00:00,2073.381664,1984.0151,1980.0593,2067.177,1969.5057819244748,1865.8889109213499,2073.2528101990843,103.87588207552517,0
2024-11-04 14:00:00,2088.38661,2049.068,2001.1178,2067.8845,2016.8764113963812,1913.2595403932562,2120.6234396709906,71.51019860361885,0
2024-11-04 15:00:00,2073.867374,2087.1897,2027.6182,2102.2844,2047.1375432979203,1943.5206722947953,2150.8845715725297,26.729830702079653,0
2024-11-04 16:00:00,2100.121165,2099.9631,2051.2214,2116.1848,2068.21741481155,1964.600543808425,2171.9644430861595,31.903750188449976,0
2024-11-04 17:00:00,2141.064375,2097.3882,2090.3591,2160.7139,2086.4010118711562,1982.7841408680313,2190.1480401457657,54.663363128843685,0
2024-11-04 18:00:00,2229.963066,2135.589,2122.586,2202.3481,2119.3584230310853,2015.7415520279603,2223.1054513056947,110.6046429689145,1
2024-11-04 19:00:00,2410.374504,2192.3289,2149.5688,2232.3948,2159.9836982237057,2056.3668272205805,2263.730726498315,250.3908057762942,1
2024-11-04 20:00:00,2226.050928,2237.242,2183.2583,2263.167,2200.038416792147,2096.421545789022,2303.7854450667564,26.012511207853095,1
2024-11-04 21:00:00,2150.736743,2231.113,2201.6096,2290.9104,2204.47954240069,2100.862671397565,2308.2265706752996,-53.742799400690274,1
2024-11-04 22:00:00,2424.992655,2212.7349,2221.0981,2310.4329,2206.046294214813,2102.4294232116877,2309.7933224894223,218.94636078518715,0
2024-11-04 23:00:00,2112.627668,2295.9304,2229.8535,2319.4675,2250.3246866866994,2146.707815683574,2354.0717149613088,-137.69701868669927,0
2024-11-05 00:00:00,2259.696346,2204.8809,2237.9019,2296.5347,2218.9852644070147,2115.3683934038895,2322.732292681624,40.711081592985465,0
2024-11-05 01:00:00,1993.740592,2204.9739,2212.2231,2255.9827,2209.1606289002398,2105.5437578971146,2312.907657174849,-215.42003690023967,0
2024-11-05 02:00:00,2225.306947,2156.0684,2194.673,2208.8408,2183.992142803473,2080.375271800348,2287.7391710780826,41.31480419652689,0
2024-11-05 03:00:00,2176.782763,2170.1794,2170.7407,2167.4148,2182.446904169717,2078.830033166592,2286.1939324443265,-5.664141169716913,0
2024-11-05 04:00:00,2110.186934,2117.4937,2145.488,2138.099,2144.927467716229,2041.310596713104,2248.6744959908383,-34.74053371622904,0
2024-11-05 05:00:00,2147.239989,2111.9785,2118.6367,2101.5293,2130.5001089465536,2026.8832379434286,2234.247137221163,16.73988005344654,0
2024-11-05 06:00:00,2068.807391,2045.1616,2092.5276,2060.4465,2088.542684163724,1984.925813160599,2192.2897124383335,-19.735293163724236,0
2024-11-05 07:00:00,2048.838407,2049.0017,2062.632,2035.13,2073.3468219155397,1969.7299509124148,2177.093850190149,-24.50841491553956,0
2024-11-05 08:00:00,2035.264217,2035.6842,2041.1311,2017.3712,2054.631203852012,1951.0143328488869,2158.3782321266212,-19.366986852011905,0
2024-11-05 09:00:00,2024.59189,2030.3054,2022.8025,1994.8279,2043.400890485906,1939.784019482781,2147.1479187605155,-18.809000485906154,0
2024-11-05 10:00:00,1835.461224,1952.2802,2012.4137,1987.2865,1999.9317122988828,1896.3148412957578,2103.678740573492,-164.47048829888286,0
2024-11-05 11:00:00,1921.069184,1990.6019,2004.1516,1987.1147,2011.786478099279,1908.169607096154,2115.5335063738885,-90.71729409927912,0
2024-11-05 12:00:00,2029.966703,2016.6257,2006.1284,1980.0317,2027.546400784322,1923.929529781197,2131.2934290589315,2.4203022156780207,0
2024-11-05 13:00:00,2013.018906,2069.239,2016.6377,1986.2993,2059.305547046376,1955.688676043251,2163.0525753209854,-46.28664104637596,0
2024-11-05 14:00:00,1980.720238,2045.7241,2040.0428,1994.8849,2064.257682744533,1960.6408117414082,2168.0047110191426,-83.5374447445331,0
2024-11-05 15:00:00,2111.5508,2079.7847,2059.9363,2017.651,2090.3452320763345,1986.7283610732095,2194.092260350944,21.205567923665512,0
2024-11-05 16:00:00,2173.047064,2108.6494,2085.0212,2044.0177,2117.1117070191526,2013.4948360160276,2220.858735293762,55.935356980847246,0
2024-11-05 17:00:00,2089.900148,2125.4077,2110.529,2074.8726,2137.297002524174,2033.680131521049,2241.0440307987833,-47.396854524173705,0
2024-11-05 18:00:00,2164.021026,2146.5117,2135.4307,2112.289,2157.421026863695,2053.8041558605696,2261.168055138304,6.599999136305087,1
2024-11-05 19:00:00,2083.799596,2162.1785,2162.3516,2136.9565,2179.758261503712,2076.141390500587,2283.5052897783216,-95.95866550371238,1
2024-11-05 20:00:00,2112.368376,2193.9543,2189.9014,2158.9507,2210.952066406215,2107.33519540309,2314.6990946808246,-98.58369040621528,1
2024-11-05 21:00:00,2162.136324,2182.788,2205.6006,2177.524,2213.230361493344,2109.6134904902187,2316.9773897679534,-51.094037493343876,1
2024-11-05 22:00:00,2354.723983,2234.8027,2212.9321,2202.635,2237.446204928255,2133.82933392513,2341.1932332028646,117.2777780717447,0
2024-11-05 23:00:00,2246.741067,2226.801,2222.616,2196.878,2242.6745217418006,2139.0576507386754,2346.42155001641,4.066545258199312,0
2024-11-06 00:00:00,2337.198757,2216.1394,2213.188,2219.6184,2224.4442289404506,2120.8273579373254,2328.19125721506,112.75452805954956,0
2024-11-06 01:00:00,2241.131757,2200.1265,2190.382,2177.74,2209.5210712076473,2105.904200204522,2313.2680994822567,31.610685792352797,0
2024-11-06 02:00:00,2152.463157,2211.6523,2169.4312,2169.3162,2200.730483623652,2097.113612620527,2304.4775118982616,-48.267326623652025,0
2024-11-06 03:00:00,2127.63109,2166.5425,2150.036,2129.2913,2174.126602196323,2070.5097311931977,2277.8736304709323,-46.495512196323034,0
2024-11-06 04:00:00,2268.687597,2143.2078,2124.9768,2116.5735,2146.5665828578735,2042.9497118547486,2250.313611132483,122.12101414212657,0
2024-11-06 05:00:00,2048.486129,2120.1392,2098.432,2083.3623,2123.1531586332167,2019.5362876300917,2226.900186907826,-74.66702963321677,0
2024-11-06 06:00:00,2082.083997,2076.185,2075.3748,2069.396,2087.638499412558,1984.0216284094329,2191.3855276871673,-5.554502412557667,0
2024-11-06 07:00:00,2008.704277,2047.0103,2045.7119,2037.7141,2058.480413535072,1954.863542531947,2162.2274418096813,-49.77613653507183,0
2024-11-06 08:00:00,1995.894604,2043.9221,2026.3436,2022.937,2045.5636587095064,1941.9467877063814,2149.310686984116,-49.66905470950633,0
2024-11-06 09:00:00,1963.493644,2014.5577,2009.1431,2000.9401,2023.6332908697748,1920.0164198666498,2127.380319144384,-60.13964686977488,0
2024-11-06 10:00:00,2215.855369,1998.1748,1998.0604,1997.2559,2008.0604814594703,1904.4436104563454,2111.8075097340798,207.79488754052954,0
2024-11-06 11:00:00,1910.013066,2031.3871,1993.9607,1999.5872,2020.1063132273862,1916.4894422242612,2123.8533415019956,-110.0932472273862,0
2024-11-06 12:00:00,1883.423534,1950.1852,1997.0614,2000.6505,1983.5178322544443,1879.9009612513194,2087.2648605290537,-100.09429825444431,0
2024-11-06 13:00:00,1915.370294,2011.5369,2006.0372,2000.3123,2019.916117166672,1916.299246163547,2123.6631454412814,-104.54582316667188,0
2024-11-06 14:00:00,2037.446565,2019.472,2027.3617,2007.2793,2038.6549115525015,1935.0380405493765,2142.4019398271107,-1.2083465525015527,0
2024-11-06 15:00:00,1964.004499,2055.7578,2051.6353,2029.979,2069.2543772868994,1965.6375062837744,2173.001405561509,-105.2498782868995,0
2024-11-06 16:00:00,2136.64625,2091.6157,2083.065,2060.7632,2103.2136517958074,1999.5967807926825,2206.960680070417,33.432598204192345,0
2024-11-06 17:00:00,2116.566063,2142.9849,2107.9058,2084.8171,2141.113010740768,2037.496139737643,2244.8600390153774,-24.54694774076779,0
2024-11-06 18:00:00,2006.775379,2137.627,2142.9521,2124.1956,2156.064677435353,2052.447806432228,2259.8117057099626,-149.2892984353532,1
2024-11-06 19:00:00,2094.629572,2188.6116,2164.5596,2157.7346,2188.8466805009157,2085.2298094977905,2292.593708775525,-94.21710850091586,1
2024-11-06 20:00:00,2179.348493,2157.5652,2184.0,2185.2104,2182.318439538466,2078.701568535341,2286.0654678130754,-2.969946538466047,1
2024-11-06 21:00:00,2253.784093,2190.9795,2198.0906,2189.4644,2208.2322524578913,2104.615381454766,2311.9792807325007,45.55184054210895,1
2024-11-06 22:00:00,2219.370037,2218.7341,2206.4556,2205.047,2224.0915449896934,2120.474673986568,2327.838573264303,-4.721507989693237,0
2024-11-06 23:00:00,2218.257998,2214.384,2217.049,2198.4678,2231.983451471086,2128.366580467961,2335.7304797456954,-13.725453471085984,0
2024-11-07 00:00:00,2187.951515,2207.7004,2206.5613,2197.266,2220.877450427341,2117.260579424216,2324.6244787019505,-32.925935427340846,0
2024-11-07 01:00:00,2198.288416,2222.4465,2195.4438,2166.8257,2226.900819239351,2123.283948236226,2330.6478475139606,-28.61240323935135,0
2024-11-07 02:00:00,2056.854348,2229.465,2174.5674,2155.1655,2216.836380534096,2113.2195095309708,2320.5834088087054,-159.9820325340961,0
2024-11-07 03:00:00,2068.844069,2139.4849,2155.9822,2130.4329,2165.586627882504,2061.969756879379,2269.3336561571136,-96.742558882504,0
2024-11-07 04:00:00,2132.864414,2125.2827,2121.9404,2098.3806,2140.2349688920503,2036.6180978889254,2243.9819971666598,-7.370554892050222,0
2024-11-07 05:00:00,2024.54944,2130.2285,2089.9287,2061.8782,2126.73773859142,2023.1208675882951,2230.4847668660295,-102.18829859142011,0
2024-11-07 06:00:00,2121.498157,2058.172,2059.7893,2042.902,2073.5286718234315,1969.9118008203066,2177.275700098041,47.96948517656847,0
2024-11-07 07:00:00,2074.144218,1990.9691,2034.2812,2021.4027,2026.90407359035,1923.287202587225,2130.6511018649594,47.24014440964993,0
2024-11-07 08:00:00,2077.620493,2060.0286,2004.42,1997.6453,2042.4636416730814,1938.8467706699564,2146.210669947691,35.15685132691851,0
2024-11-07 09:00:00,1986.663443,2050.7217,1989.3057,1981.7072,2030.2072749892704,1926.5904039861455,2133.95430326388,-43.54383198927053,0
2024-11-07 10:00:00,2114.337357,2003.5698,1980.0653,1987.3999,1999.0233346958112,1895.4064636926862,2102.7703629704206,115.31402230418871,0
2024-11-07 11:00:00,2071.180763,2014.3352,1976.8956,1986.3936,2001.930736733522,1898.313865730397,2105.6777650081312,69.25002626647779,0
2024-11-07 12:00:00,2097.91085,2008.3451,1978.4198,2002.4037,1996.2168083081954,1892.5999373050704,2099.9638365828046,101.69404169180484,0
2024-11-07 13:00:00,2106.323249,2048.378,1992.504,1999.8796,2026.9986609753657,1923.3817899722408,2130.745689249975,79.3245880246343,0
2024-11-07 14:00:00,1989.300578,2063.0503,2012.7245,2041.0452,2039.4359026063353,1935.8190316032103,2143.1829308809447,-50.13532460633519,0
2024-11-07 15:00:00,2082.882426,2068.317,2037.5562,2055.8496,2057.667622273987,1954.050751270862,2161.4146505485965,25.214803726013088,0
2024-11-07 16:00:00,2188.284074,2103.4001,2065.7986,2093.02,2087.143459354945,1983.5265883518202,2190.8904876295546,101.14061464505494,0
2024-11-07 17:00:00,1970.295956,2098.6814,2096.2668,2116.9583,2102.717625526819,1999.1007545236941,2206.4646538014285,-132.4216695268192,0
2024-11-07 18:00:00,2330.917907,2157.1306,2120.6055,2146.9636,2142.0964589988744,2038.4795879957494,2245.843487273484,188.82144800112565,1
2024-11-07 19:00:00,2263.912692,2151.778,2147.6323,2177.7754,2152.9319288514985,2049.3150578483733,2256.678957126108,110.98076314850141,1
2024-11-07 20:00:00,2092.207979,2197.2107,2167.9224,2208.9736,2182.6240615676393,2079.007190564514,2286.3710898422487,-90.41608256763948,1
2024-11-07 21:00:00,2345.5192,2175.4768,2189.4292,2219.0134,2186.570285594215,2082.9534145910898,2290.3173138688244,158.94891440578522,1
2024-11-07 22:00:00,2266.833437,2235.1538,2193.764,2217.22,2218.8997284224056,2115.2828574192804,2322.646756697015,47.93370857759419,0
2024-11-07 23:00:00,2265.120886,2256.1602,2198.1152,2215.1697,2232.8533610339464,2129.236490030821,2336.600389308556,32.26752496605377,0
2024-11-08 00:00:00,2164.358586,2258.537,2182.3376,2205.496,2224.067990577792,2120.451119574667,2327.8150188524014,-59.70940457779216,0
2024-11-08 01:00:00,2246.531109,2223.339,2185.7354,2192.2983,2213.2732007149384,2109.656329711813,2317.020228989548,33.2579082850616,0
2024-11-08 02:00:00,2146.078919,2226.24,2174.2673,2172.9587,2210.5610006009315,2106.9441295978063,2314.308028875541,-64.48208160093145,0
2024-11-08 03:00:00,2168.237574,2166.1929,2148.6304,2142.535,2169.5078345064953,2065.89096350337,2273.2548627811047,-1.2702605064951058,0
2024-11-08 04:00:00,2148.849907,2135.8013,2119.4756,2129.1396,2135.541329817442,2031.9244588143172,2239.2883580920516,13.308577182557656,0
2024-11-08 05:00:00,1997.020111,2121.5305,2093.2578,2083.874,2119.6321259048673,2016.0152549017423,2223.3791541794767,-122.61201490486724,0
2024-11-08 06:00:00,2051.451604,2079.4954,2061.6343,2068.0059,2078.799784053977,1975.182913050852,2182.5468123285864,-27.348180053977103,0
2024-11-08 07:00:00,1912.209208,2080.8923,2037.7118,2042.4001,2067.192990302677,1963.5761192995521,2170.9400185772865,-154.98378230267713,0
2024-11-08 08:00:00,2037.549319,2050.4045,2014.2642,2021.1119,2039.6506522902382,1936.0337812871132,2143.3976805648476,-2.1013332902382444,0
2024-11-08 09:00:00,2085.542636,2041.862,1998.1141,2009.9799,2025.7315170346772,1922.1146460315522,2129.4785453092863,59.811118965322976,0
2024-11-08 10:00:00,1915.577879,2053.4648,1987.6716,2004.295,2024.5214555550901,1920.9045845519652,2128.2684838296996,-108.9435765550902,0
2024-11-08 11:00:00,2023.101395,1980.0111,1996.7085,2005.9329,1996.1379922702854,1892.5211212671604,2099.885020544895,26.963402729714517,0
2024-11-08 12:00:00,2046.751037,1992.0588,1998.4194,2011.6368,2001.7853451942399,1898.168474191115,2105.532373468849,44.965691805760116,0
2024-11-08 13:00:00,1955.574935,2043.3586,2009.9437,2024.7128,2031.9909698534607,1928.3740988503357,2135.73799812807,-76.41603485346059,0
2024-11-08 14:00:00,2071.685559,2034.7711,2026.8386,2040.4409,2037.1567713613726,1933.5399003582477,2140.903799635982,34.528787638627364,0
2024-11-08 15:00:00,2038.311716,2075.0059,2053.4915,2082.64,2066.572878753953,1962.956007750828,2170.3199070285623,-28.26116275395293,0
2024-11-08 16:00:00,2028.916032,2106.9211,2075.2578,2098.5327,2094.8434792703465,1991.2266082672215,2198.590507544956,-65.92744727034642,0
2024-11-08 17:00:00,2156.087933,2121.9478,2102.5017,2130.0435,2115.3972642534027,2011.7803932502777,2219.144292528012,40.69066874659711,0
2024-11-08 18:00:00,2111.556783,2145.4355,2125.6377,2160.825,2136.9533739428052,2033.3365029396803,2240.7004022174146,-25.396590942805233,1
2024-11-08 19:00:00,2116.864469,2195.5212,2146.3076,2171.9543,2174.240568765863,2070.6236977627377,2277.9875970404723,-57.37609976586282,1
2024-11-08 20:00:00,2094.969401,2177.321,2163.7146,2181.6855,2176.737600593124,2073.120729589999,2280.4846288677336,-81.76819959312434,1
2024-11-08 21:00:00,2164.142944,2224.507,2159.8145,2191.1133,2193.813012400817,2090.196141397692,2297.5600406754265,-29.670068400816945,1
2024-11-08 22:00:00,2155.25361,2235.103,2153.409,2177.0833,2197.397855119079,2093.7809841159537,2301.1448833936884,-42.14424511907873,0
2024-11-08 23:00:00,2201.753425,2239.7937,2129.5676,2161.033,2185.0092136034955,2081.3923426003703,2288.756241878105,16.744211396504397,0
2024-11-09 00:00:00,1964.808029,1964.0211,2092.1165,2140.5442,2029.2374701091367,1925.6205991060117,2132.984498383746,-64.42944110913663,0
2024-11-09 01:00:00,1833.665363,1929.425,1978.8163,2045.7455,1947.9023973726362,1844.2855263695112,2051.6494256472456,-114.23703437263612,0
2024-11-09 02:00:00,1839.070398,1868.707,1924.1686,1987.4418,1890.8426595119863,1787.2257885088613,1994.5896877865957,-51.772261511986244,0
2024-11-09 03:00:00,1867.786956,1877.8035,1882.2479,1903.4711,1883.5673921605003,1779.9505211573753,1987.3144204351097,-15.780436160500358,0
2024-11-09 04:00:00,1866.011174,1889.5271,1846.4498,1870.434,1869.460102727828,1765.843231724703,1973.2071310024373,-3.4489287278279335,0
2024-11-09 05:00:00,1687.491927,1794.4185,1813.7817,1847.0299,1804.3884920279509,1700.771621024826,1908.1355203025603,-116.89656502795083,0
2024-11-09 06:00:00,1815.188566,1821.0167,1785.1315,1802.4846,1805.8932874581865,1702.2764164550615,1909.640315732796,9.295278541813559,0
2024-11-09 07:00:00,1930.530637,1802.7096,1765.8999,1778.6476,1788.1130297467762,1684.4961587436512,1891.8600580213856,142.41760725322388,0
2024-11-09 08:00:00,1788.60609,1776.3099,1750.6528,1753.6046,1769.899180482949,1666.282309479824,1873.6462087575585,18.706909517050917,0
2024-11-09 09:00:00,1680.11695,1741.665,1740.7856,1748.7886,1746.8507069647985,1643.2338359616735,1850.597735239408,-66.73375696479843,0
2024-11-09 10:00:00,1752.936198,1781.1353,1735.8379,1728.8958,1766.8402099822215,1663.2233389790965,1870.587238256831,-13.904011982221391,0
2024-11-09 11:00:00,1752.553889,1708.6968,1735.3599,1733.3212,1730.778082733783,1627.1612117306581,1834.5251110083925,21.775806266216932,0
2024-11-09 12:00:00,1764.782079,1719.245,1740.0114,1732.6478,1739.6280038634304,1636.0111328603055,1843.3750321380398,25.154075136569645,0
2024-11-09 13:00:00,1767.429983,1746.7194,1753.0188,1741.0089,1760.8192763184452,1657.2024053153202,1864.5663045930546,6.610706681554802,0
2024-11-09 14:00:00,1747.08008,1792.1205,1768.7219,1759.7958,1790.0407799473435,1686.4239089442185,1893.787808221953,-42.96069994734353,0
2024-11-09 15:00:00,1731.877478,1779.5459,1791.9015,1774.0588,1798.600616431012,1694.983745427887,1902.3476447056214,-66.72313843101188,0
2024-11-09 16:00:00,1702.483614,1787.0841,1816.5208,1801.2485,1814.6167614590336,1710.9998904559086,1918.363789733643,-112.13314745903358,0
2024-11-09 17:00:00,1896.600979,1878.9656,1839.5745,1835.7482,1867.8055439071873,1764.1886729040623,1971.5525721817967,28.795435092812795,0
2024-11-09 18:00:00,1839.821591,1901.9388,1857.5802,1875.1478,1882.9147798322495,1779.2979088291245,1986.6618081068589,-43.09318883224955,1
2024-11-09 19:00:00,1878.478014,1876.7734,1886.9071,1883.5712,1891.7619156476349,1788.1450446445099,1995.5089439222443,-13.28390164763482,1
2024-11-09 20:00:00,1805.621654,1854.064,1910.0577,1936.7615,1885.615203944804,1781.998332941679,1989.3622322194135,-79.99354994480404,1
2024-11-09 21:00:00,1961.615551,1942.7562,1916.3973,1943.065,1931.3140293118354,1827.6971583087104,2035.0610575864448,30.301521688164712,1
2024-11-09 22:00:00,1877.716748,1952.5732,1937.2172,1954.2098,1949.4984211194947,1845.8815501163697,2053.245449394104,-71.7816731194946,0
2024-11-09 23:00:00,2010.225778,1954.6403,1939.8047,1966.7501,1949.3406376250528,1845.7237666219278,2053.087665899662,60.88514037494724,0
2024-11-10 00:00:00,1889.304754,1958.8065,1943.662,1956.3514,1956.9827889701992,1853.3659179670742,2060.7298172448086,-67.67803497019918,0
2024-11-10 01:00:00,1935.549215,1972.723,1925.5028,1948.7637,1951.3097481973468,1847.6928771942219,2055.0567764719563,-15.760533197346831,0
2024-11-10 02:00:00,1910.844684,1959.4625,1903.8765,1953.9674,1926.7142182004266,1823.0973471973016,2030.461246475036,-15.869534200426642,0
2024-11-10 03:00:00,1874.619732,1919.6239,1879.2758,1922.5394,1896.3708880988208,1792.7540170956959,2000.1179163734303,-21.75115609882073,0
2024-11-10 04:00:00,1827.572477,1878.2858,1848.2854,1888.7552,1860.8996974337078,1757.2828264305829,1964.6467257083173,-33.32722043370791,0
2024-11-10 05:00:00,1787.321804,1789.6312,1818.5641,1839.92,1807.6510974771702,1704.0342264740452,1911.3981257517796,-20.329293477170268,0
2024-11-10 06:00:00,1749.206435,1766.678,1785.8518,1811.958,1778.130738263487,1674.513867260362,1881.8777665380965,-28.92430326348699,0
2024-11-10 07:00:00,1770.271161,1785.814,1759.7871,1772.1567,1776.9010280727693,1673.2841570696444,1880.6480563473788,-6.629867072769457,0
2024-11-10 08:00:00,1772.229803,1770.3829,1736.6642,1760.7885,1754.2888991534808,1650.6720281503558,1858.0359274280902,17.940903846519177,0
2024-11-10 09:00:00,1712.717387,1733.6439,1722.3846,1731.1589,1733.0596996836427,1629.4428286805178,1836.8067279582522,-20.34231268364283,0
2024-11-10 10:00:00,1645.243577,1724.5385,1714.0769,1727.7078,1723.0758019548152,1619.4589309516903,1826.8228302294247,-77.83222495481527,0
2024-11-10 11:00:00,1741.934662,1703.9213,1710.0455,1719.1825,1712.233968307667,1608.617097304542,1815.9809965822765,29.700693692332834,0
2024-11-10 12:00:00,1617.668712,1742.6357,1714.5588,1726.5646,1732.378845926593,1628.761974923468,1836.1258742012024,-114.71013392659302,0
2024-11-10 13:00:00,1911.73161,1750.2913,1725.2859,1740.2095,1740.9884108563783,1637.3715398532534,1844.7354391309877,170.74319914362172,0
2024-11-10 14:00:00,1968.369699,1759.7076,1736.9667,1765.0604,1748.3510187085221,1644.7341477053972,1852.0980469831316,220.01868029147795,0
2024-11-10 15:00:00,1730.467544,1792.7725,1756.0765,1784.6542,1774.1517407141737,1670.5348697110487,1877.898768988783,-43.684196714173595,0
2024-11-10 16:00:00,1779.436956,1772.2294,1777.8301,1826.7678,1770.7458367881604,1667.1289657850355,1874.4928650627699,8.691119211839577,0
2024-11-10 17:00:00,1824.321561,1839.1971,1805.904,1860.8738,1816.0802758180625,1712.4634048149376,1919.827304092672,8.241285181937428,0
2024-11-10 18:00:00,1960.62769,1911.4132,1840.9756,1905.7035,1866.6912528869036,1763.0743818837786,1970.438281161513,93.93643711309642,1
2024-11-10 19:00:00,1776.153781,1896.5695,1879.0853,1945.2798,1879.4673012575377,1775.8504302544127,1983.214329532147,-103.31352025753768,1
2024-11-10 20:00:00,1913.728127,1883.5089,1914.098,1987.5792,1889.9778968084502,1786.3610258053252,1993.7249250830596,23.750230191549917,1
2024-11-10 21:00:00,1950.845407,1945.7264,1946.1187,2014.4202,1937.9768069288752,1834.3599359257503,2041.7238352034847,12.868600071124774,1
2024-11-10 22:00:00,2034.792985,1974.3418,1981.2773,2035.9304,1973.7488086817261,1870.1319376786012,2077.4958369563356,61.04417631827391,0
2024-11-10 23:00:00,1797.305569,1950.869,2015.3864,2054.7852,1984.5131447557155,1880.8962737525906,2088.260173030325,-187.20757575571542,0
2024-11-11 00:00:00,2179.264217,2171.8767,2043.2035,2077.202,2106.1117809819966,2002.4949099788716,2209.858809256606,73.1524360180033,0
2024-11-11 01:00:00,2346.631868,2155.9307,2128.2185,2130.613,2151.62731537216,2048.0104443690348,2255.3743436467694,195.00455262783998,0
2024-11-11 02:00:00,2068.836175,2195.4697,2154.146,2184.6724,2177.142580019486,2073.525709016361,2280.8896082940955,-108.30640501948619,0
2024-11-11 03:00:00,2263.53715,2111.4548,2149.5398,2184.8638,2133.391473175881,2029.774602172756,2237.1385014504904,130.14567682411916,0
2024-11-11 04:00:00,2020.454128,2109.4424,2122.2754,2137.457,2123.0532493252713,2019.4363783221463,2226.8002775998807,-102.5991213252712,0
2024-11-11 05:00:00,2134.093597,2078.3308,2088.781,2099.4722,2091.562158204776,1987.9452872016511,2195.3091864793855,42.53143879522395,0
2024-11-11 06:00:00,1898.714858,2031.2592,2054.9468,2066.14,2051.0115039749408,1947.3946329718158,2154.75853224955,-152.2966459749407,0
2024-11-11 07:00:00,1992.97133,1998.5376,2026.3511,2042.799,2018.8873223076182,1915.2704513044932,2122.6343505822274,-25.915992307618126,0
2024-11-11 08:00:00,2176.903118,1974.1913,2001.1466,2003.5204,1997.449716622536,1893.832845619411,2101.1967448971454,179.45340137746416,0
2024-11-11 09:00:00,1926.249851,2029.6818,1984.0779,1997.42,2012.0943917161828,1908.4775207130579,2115.841419990792,-85.84454071618279,0
2024-11-11 10:00:00,1979.405805,1994.2505,1972.1936,1984.2914,1989.1924711528022,1885.5756001496773,2092.9394994274116,-9.786666152802127,0
2024-11-11 11:00:00,2101.427678,2006.7275,1968.0677,1977.6614,1993.589839909726,1889.972968906601,2097.3368681843353,107.83783809027409,0
2024-11-11 12:00:00,1976.001564,1979.3085,1976.7563,2000.447,1981.5515449725935,1877.9346739694686,2085.298573247203,-5.54998097259363,0
2024-11-11 13:00:00,1940.208888,2020.7333,1985.6969,2003.1938,2007.6325528498521,1904.0156818467271,2111.3795811244613,-67.42366484985223,0
2024-11-11 14:00:00,2090.788938,2040.6147,2014.2505,2010.3835,2037.6821774136472,1934.0653064105222,2141.4292056882564,53.10676058635295,0
2024-11-11 15:00:00,2144.362518,2074.8142,2037.557,2023.0155,2069.074911684953,1965.458040681828,2172.8219399595623,75.28760631504701,0
2024-11-11 16:00:00,2011.476678,2081.001,2068.5237,2061.9805,2086.4425752519555,1982.8257042488306,2190.189603526565,-74.96589725195554,0
2024-11-11 17:00:00,1988.292814,2134.0164,2094.2852,2088.6719,2125.1819560764393,2021.5650850733143,2228.9289843510487,-136.88914207643938,0
2024-11-11 18:00:00,1936.231394,2167.8943,2126.53,2122.8662,2157.972664568512,2054.3557935653866,2261.7196928431213,-221.74127056851194,1
2024-11-11 19:00:00,2253.614272,2210.103,2150.7566,2134.4832,2194.1653774130446,2090.5485064099194,2297.912405687654,59.44889458695525,1
2024-11-11 20:00:00,2225.090292,2168.0566,2173.8535,2164.5947,2184.587160451215,2080.9702894480897,2288.3341887258243,40.50313154878495,1
2024-11-11 21:00:00,2162.499797,2189.2122,2194.0334,2188.7522,2204.3889676963818,2100.7720966932566,2308.135995970991,-41.889170696381825,1
2024-11-11 22:00:00,2169.738495,2231.127,2210.1023,2200.971,2233.8949844142285,2130.2781134111033,2337.642012688838,-64.15648941422842,0
2024-11-11 23:00:00,2362.239477,2217.3904,2216.4568,2191.643,2234.6803001256576,2131.0634291225324,2338.427328400267,127.55917687434248,0
2024-11-12 00:00:00,2240.221374,2207.5195,2213.9668,2197.3142,2226.583550422945,2122.9666794198197,2330.3305786975543,13.637823577055315,0
2024-11-12 01:00:00,2129.377751,2157.9119,2186.2148,2168.624,2188.415800177883,2084.7989291747576,2292.1628284524922,-59.03804917788284,0
2024-11-12 02:00:00,2235.944667,2169.0464,2166.026,2143.5164,2184.2562234376533,2080.639352434528,2288.0032517122627,51.68844356234695,0
2024-11-12 03:00:00,2113.779277,2156.721,2142.2114,2124.442,2164.533499804184,2060.916628801059,2268.2805280787934,-50.75422280418388,0
2024-11-12 04:00:00,2183.607716,2115.9316,2114.942,2095.8245,2130.933634394532,2027.316763391407,2234.6806626691414,52.67408160546802,0
2024-11-12 05:00:00,2065.347246,2068.1724,2084.2893,2072.095,2090.1194544108384,1986.5025834077135,2193.866482685448,-24.77220841083863,0
2024-11-12 06:00:00,1881.107188,2036.0831,2059.1042,2039.8864,2063.213617979262,1959.596746976137,2166.9606462538713,-182.10642997926197,0
2024-11-12 07:00:00,2073.963317,2016.9293,2029.2429,2017.6569,2036.2908343212562,1932.6739633181312,2140.0378625958656,37.67248267874402,0
2024-11-12 08:00:00,2003.649059,2024.575,2008.1359,1997.303,2028.5441565148096,1924.9272855116847,2132.291184789419,-24.89509751480955,0
2024-11-12 09:00:00,2105.870776,2025.0323,1993.5887,1976.6963,2022.5729908133364,1918.9561198102115,2126.3200190879456,83.29778518666376,0
2024-11-12 10:00:00,1858.86889,1993.9525,1985.5605,1980.9349,2000.3766450647772,1896.7597740616523,2104.1236733393866,-141.50775506477726,0
2024-11-12 11:00:00,1940.212179,1987.8767,1980.5479,1980.2473,1993.7221404152028,1890.1052694120779,2097.4691686898122,-53.509961415202724,0
2024-11-12 12:00:00,1985.541064,1968.57,1986.93,1977.1962,1990.283226935835,1886.66635593271,2094.0302552104445,-4.74216293583504,0
2024-11-12 13:00:00,1981.221131,1988.5076,1997.7277,1982.7408,2006.8582864046457,1903.2414154015207,2110.605314679255,-25.637155404645682,0
2024-11-12 14:00:00,2047.511865,2001.0651,2018.8218,2008.6206,2022.8379494012604,1919.2210783981354,2126.5849776758696,24.67391559873954,0
2024-11-12 15:00:00,2124.056433,2041.34,2045.779,2024.9929,2059.045245121398,1955.4283741182728,2162.792273396007,65.01118787860241,0
2024-11-12 16:00:00,2077.742975,2108.391,2070.0125,2039.5125,2106.363944401218,2002.7470733980929,2210.1109726758273,-28.620969401217735,0
2024-11-12 17:00:00,2145.347273,2119.038,2094.4917,2073.7192,2121.9787385520067,2018.3618675488817,2225.725766826616,23.36853444799317,0
2024-11-12 18:00:00,2118.49342,2141.5774,2116.5732,2124.156,2137.2835194363124,2033.6666484331874,2241.030547710922,-18.79009943631263,1
2024-11-12 19:00:00,1997.131159,2157.386,2146.0256,2150.6746,2161.204412615495,2057.58754161237,2264.9514408901045,-164.0732536154951,1
2024-11-12 20:00:00,2153.268276,2160.6428,2173.0151,2163.3416,2180.709133839372,2077.092262836247,2284.4561621139815,-27.440857839372256,1
2024-11-12 21:00:00,2277.991012,2191.6963,2184.0015,2178.5083,2200.3025390852085,2096.6856680820833,2304.049567359818,77.68847291479142,1
2024-11-12 22:00:00,2160.291455,2233.1628,2198.5332,2178.7139,2231.428821115546,2127.8119501124206,2335.1758493901552,-71.13736611554577,0
2024-11-12 23:00:00,2150.314361,2174.7825,2210.8926,2196.2136,2208.8300711994107,2105.2132001962855,2312.57709947402,-58.51571019941048,0
2024-11-13 00:00:00,2128.973992,2213.245,2198.0393,2184.5544,2220.0593789922505,2116.4425079891253,2323.80640726686,-91.08538699225028,0
2024-11-13 01:00:00,2333.51579,2215.2449,2174.6343,2161.781,2208.429345207095,2104.81247420397,2312.1763734817046,125.08644479290479,0
2024-11-13 02:00:00,2104.83893,2190.8591,2163.3267,2141.868,2192.9666580504872,2089.349787047362,2296.7136863250967,-88.12772805048735,0
2024-11-13 03:00:00,2180.29208,2142.3992,2143.7979,2118.6516,2160.4073353846948,2056.7904643815696,2264.154363659304,19.884744615305408,0
2024-11-13 04:00:00,2087.916658,2115.153,2121.9717,2100.5889,2134.866934594303,2031.250063591178,2238.6139628689125,-46.95027659430298,0
2024-11-13 05:00:00,2225.1508,2088.3909,2090.547,2068.4124,2105.60440557248,2001.9875345693551,2209.3514338470895,119.54639442751977,0
2024-11-13 06:00:00,1947.072327,2049.2803,2061.446,2046.0463,2069.7886188599405,1966.1717478568155,2173.53564713455,-122.71629185994038,0
2024-11-13 07:00:00,1967.541976,2039.2358,2030.8339,2030.1609,2045.0194541420133,1941.4025831388883,2148.7664824166227,-77.4774781420133,0
2024-11-13 08:00:00,2041.406487,1981.1255,2010.4608,1994.753,2010.2772964411897,1906.6604254380647,2114.024324715799,31.12919055881025,0
2024-11-13 09:00:00,1919.894944,1994.4286,1994.0535,1979.0325,2007.7420234510257,1904.1251524479007,2111.489051725635,-87.84707945102582,0
2024-11-13 10:00:00,1909.195291,1991.1431,1985.6095,1977.5002,1999.9432103417398,1896.3263393386148,2103.6902386163492,-90.74791934173982,0
2024-11-13 11:00:00,2020.481707,1960.2198,1978.4346,1976.0842,1979.9208796200155,1876.3040086168905,2083.667907894625,40.5608273799844,0
2024-11-13 12:00:00,1806.736058,1961.7211,1980.3792,1989.5798,1978.7474742465338,1875.1306032434088,2082.494502521143,-172.01141624653383,0
2024-11-13 13:00:00,2027.195286,1954.4003,1989.0613,1995.8173,1980.481301569354,1876.864430566229,2084.2283298439634,46.71398443064595,0
2024-11-13 14:00:00,2143.853441,2011.8052,2004.6879,2006.6263,2017.3892153895492,1913.7723443864243,2121.1362436641584,126.46422561045097,0
2024-11-13 15:00:00,2210.309926,2029.037,2027.236,2028.4207,2037.7726402741782,1934.1557692710533,2141.5196685487876,172.53728572582168,0
2024-11-13 16:00:00,1957.476901,2099.4832,2061.0789,2060.3997,2089.826839113815,1986.20996811069,2193.5738673884243,-132.34993811381491,0
2024-11-13 17:00:00,2200.150788,2120.74,2093.4746,2080.1514,2120.366536684613,2016.749665681488,2224.1135649592225,79.78425131538688,0
2024-11-13 18:00:00,2093.384445,2111.6714,2124.3008,2104.7014,2133.9907004849756,2030.3738294818506,2237.737728759585,-40.60625548497546,1
2024-11-13 19:00:00,2087.869065,2160.9905,2148.9287,2136.6243,2168.754297586849,2065.137426583724,2272.5013258614586,-80.88523258684927,1
2024-11-13 20:00:00,2195.770162,2160.611,2174.0847,2163.486,2181.4957848537865,2077.8789138506613,2285.242813128396,14.274377146213283,1
2024-11-13 21:00:00,2222.86328,2192.3877,2188.2803,2166.6375,2206.9892790357408,2103.3724080326156,2310.73630731035,15.874000964259267,1
2024-11-13 22:00:00,2114.284665,2202.0703,2200.5513,2180.0771,2217.8282699826946,2114.2113989795694,2321.575298257304,-103.54360498269443,0
2024-11-13 23:00:00,2280.74552,2200.1414,2203.8076,2178.5806,2219.8387487061686,2116.2218777030434,2323.585776980778,60.9067712938313,0
2024-11-14 00:00:00,2269.722603,2210.6057,2199.476,2182.8274,2220.3629060495437,2116.7460350464185,2324.109934324153,49.35969695045651,0
2024-11-14 01:00:00,2255.865165,2168.517,2184.7126,2157.054,2195.226094751357,2091.6092237482317,2298.9731230259663,60.63907024864329,0
2024-11-14 02:00:00,2199.50894,2190.2607,2168.1904,2144.4253,2195.8464860421705,2092.2296150390453,2299.59351431678,3.6624539578297117,0
2024-11-14 03:00:00,2196.263139,2159.8225,2152.5083,2117.297,2175.891900993549,2072.2750299904237,2279.6389292681583,20.37123800645122,0
2024-11-14 04:00:00,2130.586064,2125.987,2123.748,2090.4475,2143.9947781592277,2040.3779071561028,2247.741806433837,-13.408714159227657,0
2024-11-14 05:00:00,2065.123263,2091.7598,2094.0293,2068.6177,2109.8895187392463,2006.2726477361214,2213.6365470138558,-44.76625573924639,0
2024-11-14 06:00:00,2159.569847,2056.3901,2063.733,2032.9222,2078.293963228891,1974.6770922257658,2182.0409915035,81.27588377110942,0
2024-11-14 07:00:00,2130.509273,2044.169,2029.9612,2015.5995,2050.3731385467295,1946.7562675436045,2154.120166821339,80.13613445327064,0
2024-11-14 08:00:00,1931.456366,2032.7195,2006.7197,1994.6193,2031.9996644930527,1928.3827934899277,2135.746692767662,-100.54329849305282,0
2024-11-14 09:00:00,2075.143661,1975.6866,1993.1406,1990.3405,1995.2221959091928,1891.6053249060678,2098.969224183802,79.92146509080726,0
2024-11-14 10:00:00,1753.352615,2019.0945,1984.791,1974.0535,2013.5121326370231,1909.8952616338981,2117.2591609116325,-260.1595176370231,0
2024-11-14 11:00:00,2070.835233,1976.8652,1983.9716,1979.6719,1991.296560211219,1887.679689208094,2095.0435884858284,79.53867278878079,0
2024-11-14 12:00:00,2077.042401,2023.1907,1986.2208,1982.5437,2014.4397836147534,1910.8229126116285,2118.1868118893626,62.60261738524673,0
2024-11-14 13:00:00,1989.710126,2017.2891,1997.4546,2003.9945,2015.0023358781236,1911.3854648749987,2118.749364152733,-25.292209878123685,0
2024-11-14 14:00:00,2083.53573,2018.9049,2015.841,2022.5104,2025.5010481005277,1921.8841770974027,2129.248076375137,58.03468189947239,0
2024-11-14 15:00:00,2050.468773,2076.6729,2040.6525,2035.7693,2069.1618112706296,1965.5449402675047,2172.908839545239,-18.693038270629586,0
2024-11-14 16:00:00,2015.142269,2079.7642,2075.0466,2062.7285,2090.775948992989,1987.159077989864,2194.5229772675984,-75.63367999298907,0
2024-11-14 17:00:00,2115.632022,2088.2073,2104.0334,2090.5012,2110.4998138348215,2006.8829428316965,2214.246842109431,5.1322081651783265,0
2024-11-14 18:00:00,2129.692037,2139.7908,2134.0159,2112.3071,2153.100247627788,2049.483376624663,2256.8472759023975,-23.40821062778832,1
2024-11-14 19:00:00,2378.580232,2164.7124,2161.5122,2134.9229,2180.824026679677,2077.207155676552,2284.5710549542864,197.7562053203228,1
2024-11-14 20:00:00,2145.471175,2172.577,2177.2432,2150.36,2193.0020698422754,2089.3851988391502,2296.749098116885,-47.5308948422753,1
2024-11-14 21:00:00,2256.114205,2236.3015,2195.4155,2171.2644,2232.3674074045707,2128.7505364014455,2336.11443567918,23.746797595429143,1
2024-11-14 22:00:00,2262.40212,2220.236,2212.3533,2180.011,2235.764439555745,2132.1475685526198,2339.5114678303544,26.63768044425524,0
2024-11-14 23:00:00,2346.25846,2206.0684,2211.7874,2179.7412,2228.6282104365364,2125.011339433411,2332.375238711146,117.63024956346362,0
2024-11-15 00:00:00,2358.681057,2185.983,2193.4468,2170.648,2206.967961843887,2103.351090840762,2310.7149901184966,151.71309515611256,0
2024-11-15 01:00:00,2237.259202,2221.5254,2185.23,2157.3945,2220.8412145102175,2117.2243435070923,2324.588242784827,16.417987489782718,0
2024-11-15 02:00:00,2040.408121,2191.8677,2180.5374,2134.8132,2208.722666036032,2105.105795032907,2312.4696943106414,-168.3145450360321,0
2024-11-15 03:00:00,2256.14203,2160.0994,2155.6335,2121.3987,2177.436072085979,2073.819201082854,2281.1831003605885,78.70595791402093,0
2024-11-15 04:00:00,2267.182321,2134.9846,2126.9387,2089.711,2150.9756971604443,2047.3588261573193,2254.7227254350537,116.2066238395555,0
2024-11-15 05:00:00,2183.285919,2106.0898,2096.1633,2073.5054,2117.164145076688,2013.547274073563,2220.9111733512973,66.12177392331205,0
2024-11-15 06:00:00,1916.299662,2068.4026,2063.286,2046.4767,2080.24708940484,1976.6302184017152,2183.9941176794496,-163.94742740484025,0
2024-11-15 07:00:00,2085.46385,2036.852,2035.3762,2025.1969,2048.6980391239986,1945.0811681208736,2152.445067398608,36.765810876001524,0
2024-11-15 08:00:00,2052.563992,2039.4509,2004.0413,1973.6073,2038.4279163129522,1934.8110453098273,2142.1749445875616,14.13607568704765,0
2024-11-15 09:00:00,1985.164654,2028.3221,1985.8854,1978.4401,2017.6637110815157,1914.0468400783907,2121.410739356125,-32.49905708151573,0
2024-11-15 10:00:00,1850.799748,1991.2332,1977.0682,1979.995,1992.6602861451381,1889.0434151420131,2096.4073144197473,-141.8605381451382,0
2024-11-15 11:00:00,1856.834532,1988.6428,1967.8357,1976.6216,1985.040886746012,1881.424015742887,2088.7879150206213,-128.2063547460118,0
2024-11-15 12:00:00,1990.388099,1970.7102,1979.6711,1981.6694,1984.4832769862426,1880.8664059831176,2088.2303052608518,5.904822013757439,0
2024-11-15 13:00:00,2003.183973,1982.5852,1990.0652,1972.2456,2000.681094893932,1897.064223890807,2104.4281231685413,2.5028781060680103,0
2024-11-15 14:00:00,2163.663814,2032.0245,2009.2716,2004.7716,2031.1000013292692,1927.4831303261442,2134.8470296038786,132.56381267073084,0
2024-11-15 15:00:00,2091.080775,2060.5303,2041.4829,2034.9895,2062.3066890832265,1958.6898180801015,2166.053717357836,28.7740859167734,0
2024-11-15 16:00:00,1916.300033,2089.636,2071.0754,2065.9045,2091.5706813612,1987.953810358075,2195.3177096358095,-175.27064836120007,0
2024-11-15 17:00:00,2153.212192,2125.7449,2090.9275,2096.0183,2116.744527482655,2013.12765647953,2220.4915557572645,36.46766451734493,0
2024-11-15 18:00:00,2142.549733,2132.2307,2118.4963,2115.27,2136.578503744115,2032.9616327409901,2240.3255320187245,5.971229255884737,1
2024-11-15 19:00:00,2065.879636,2159.7239,2138.9727,2142.9783,2158.738731454002,2055.1218604508767,2262.4857597286114,-92.85909545400182,1
2024-11-15 20:00:00,2205.723491,2159.923,2158.218,2152.0085,2171.634312690853,2068.017441687728,2275.3813409654626,34.08917830914697,1
2024-11-15 21:00:00,2277.062627,2190.8604,2151.609,2150.0725,2181.7070860739504,2078.0902150708253,2285.45411434856,95.35554092604934,1
2024-11-15 22:00:00,2117.924735,2199.245,2145.3418,2161.9617,2177.788444817925,2074.1715738148,2281.5354730925346,-59.863709817925155,0
2024-11-15 23:00:00,2115.590711,2195.4246,2121.3206,2134.0598,2164.1952759011824,2060.578404898057,2267.942304175792,-48.604564901182584,0
2024-11-16 00:00:00,1963.949771,1959.1213,2078.6943,2124.9202,2020.3311656763694,1916.7142946732445,2124.078193950979,-56.38139467636938,0
2024-11-16 01:00:00,2064.133716,1971.4572,1968.4946,2018.36,1966.7976994334417,1863.1808284303168,2070.544727708051,97.3360165665581,0
2024-11-16 02:00:00,1932.608311,1944.2714,1911.628,1948.5206,1926.9186628679113,1823.3017918647863,2030.6656911425207,5.689648132088678,0
2024-11-16 03:00:00,1896.685279,1897.8235,1874.4357,1890.5221,1890.2733350270726,1786.6564640239476,1994.020363301682,6.4119439729274745,0
2024-11-16 04:00:00,2051.360138,1878.168,1845.3796,1851.0872,1868.0948200967873,1764.4779490936623,1971.8418483713967,183.2653179032127,0
2024-11-16 05:00:00,1802.636813,1923.064,1816.1288,1828.8573,1872.2154604471277,1768.5985894440028,1975.9624887217371,-69.57864744712765,0
2024-11-16 06:00:00,1763.129409,1774.3224,1791.5447,1809.0605,1786.973844501166,1683.356973498041,1890.7208727757754,-23.844435501166117,0
2024-11-16 07:00:00,1792.282252,1829.8615,1762.3978,1785.4401,1796.6067079105223,1692.9898369073974,1900.3537361851318,-4.324455910522374,0
2024-11-16 08:00:00,1932.499667,1769.8818,1747.4708,1751.779,1764.7993561258015,1661.1824851226766,1868.546384400411,167.70031087419852,0
2024-11-16 09:00:00,1853.710794,1775.119,1731.7587,1745.5829,1756.5504986332385,1652.9336276301135,1860.297526907848,97.1602953667616,0
2024-11-16 10:00:00,1605.769089,1731.8148,1729.5375,1727.0789,1738.8255229018123,1635.2086518986873,1842.5725511764217,-133.0564339018124,0
2024-11-16 11:00:00,1622.141135,1725.6201,1727.0176,1744.81,1729.408759681434,1625.791888678309,1833.1557879560435,-107.26762468143397,0
2024-11-16 12:00:00,1731.353453,1715.0828,1728.6018,1740.026,1726.8322697527058,1623.2153987495808,1830.5792980273152,4.521183247294175,0
2024-11-16 13:00:00,1895.309511,1754.4126,1741.8267,1759.2042,1751.1150071328152,1647.4981361296902,1854.8620354074246,144.19450386718472,0
2024-11-16 14:00:00,1794.187348,1807.9119,1758.9166,1775.6458,1785.8813149743241,1682.2644439711992,1889.6283432489336,8.306033025675788,0
2024-11-16 15:00:00,1936.279703,1826.6506,1778.5662,1804.5692,1802.9084479898916,1699.2915769867666,1906.655476264501,133.37125501010837,0
2024-11-16 16:00:00,1837.302462,1834.0369,1802.1013,1826.7406,1819.271810488948,1715.654939485823,1923.0188387635574,18.030651511052156,0
2024-11-16 17:00:00,1709.929283,1902.8776,1829.972,1862.3821,1864.9522651381758,1761.3353941350508,1968.6992934127852,-155.02298213817585,0
2024-11-16 18:00:00,1854.012797,1859.3646,1855.9482,1905.8466,1853.553139252175,1749.93626824905,1957.3001675267844,0.4596577478250765,1
2024-11-16 19:00:00,1829.464661,1878.4247,1876.8541,1914.6842,1876.7994713130563,1773.1826003099313,1980.5464995876657,-47.33481031305632,1
2024-11-16 20:00:00,1998.841819,1899.0573,1900.6721,1940.8479,1898.6957957145607,1795.0789247114358,2002.4428239891702,100.14602328543924,1
2024-11-16 21:00:00,1967.136441,1971.8936,1917.9747,1944.2506,1946.1549352620714,1842.5380642589464,2049.901963536681,20.981505737928728,1
2024-11-16 22:00:00,1990.349096,1925.1212,1936.9961,1963.3773,1933.905816731579,1830.288945728454,2037.6528450061885,56.44327926842084,0
2024-11-16 23:00:00,1963.162834,1973.052,1941.6929,1970.2081,1958.7320186667678,1855.1151476636428,2062.479046941377,4.430815333232204,0
2024-11-17 00:00:00,1941.816929,1977.5869,1942.2499,1961.9232,1963.428532684971,1859.811661681846,2067.1755609595803,-21.611603684970987,0
2024-11-17 01:00:00,2040.395527,2002.7568,1929.0833,1969.3553,1963.2393379232403,1859.6224669201154,2066.9863661978497,77.15618907675957,0
2024-11-17 02:00:00,1956.285747,1930.355,1912.5745,1951.6129,1920.2372666052074,1816.6203956020825,2023.9842948798168,36.04848039479248,0
2024-11-17 03:00:00,1934.120697,1916.0328,1885.7523,1932.6844,1897.1672852125546,1793.5504142094296,2000.914313487164,36.953411787445475,0
2024-11-17 04:00:00,1916.426168,1891.6263,1861.0472,1905.8065,1872.955392801079,1769.338521797954,1976.7024210756883,43.47077519892105,0
2024-11-17 05:00:00,1967.585636,1834.4315,1837.053,1858.0992,1838.9231455085655,1735.3062745054406,1942.670173783175,128.66249049143448,0
2024-11-17 06:00:00,1862.879941,1821.1375,1801.3203,1819.0343,1814.4534583243048,1710.8365873211799,1918.2004865989143,48.42648267569507,0
2024-11-17 07:00:00,1571.840881,1769.3312,1769.5822,1780.801,1774.5261774470066,1670.9093064438816,1878.273205721616,-202.68529644700652,0
2024-11-17 08:00:00,1697.822377,1698.6907,1744.9194,1766.7552,1725.0382659425738,1621.4213949394489,1828.7852942171833,-27.215888942573883,0
2024-11-17 09:00:00,1710.989244,1700.8446,1729.018,1734.6761,1721.717296490605,1618.10042548748,1825.4643247652143,-10.728052490604796,0
2024-11-17 10:00:00,1708.296248,1706.5588,1718.2223,1729.1135,1717.3894779914378,1613.7726069883129,1821.1365062660473,-9.093229991437738,0
2024-11-17 11:00:00,1701.551831,1731.5178,1708.5614,1727.7998,1722.0599377042831,1618.4430667011582,1825.8069659788925,-20.508106704283136,0
2024-11-17 12:00:00,1815.062976,1714.4998,1713.2604,1726.7616,1717.8846359584604,1614.2677649553355,1821.6316642330698,97.17834004153951,0
2024-11-17 13:00:00,1710.40655,1767.2646,1725.3842,1748.4453,1747.0817768663424,1643.4649058632174,1850.8288051409518,-36.67522686634243,0
2024-11-17 14:00:00,1715.644353,1760.7394,1745.8414,1763.4309,1756.2118049057522,1652.5949339026272,1859.9588331803616,-40.56745190575225,0
2024-11-17 15:00:00,1793.737761,1755.4824,1771.0477,1803.7178,1763.2689724108595,1659.6521014077346,1867.016000685469,30.46878858914056,0
2024-11-17 16:00:00,1750.103494,1800.6963,1795.3744,1831.4749,1796.8912173302797,1693.2743463271547,1900.638245604889,-46.78772333027973,0
2024-11-17 17:00:00,1894.551973,1827.2646,1818.7864,1875.6484,1816.7459117311914,1713.1290407280665,1920.4929400058008,77.80606126880866,0
2024-11-17 18:00:00,1920.133854,1864.9481,1847.3485,1894.6975,1852.297345197324,1748.680474194199,1956.0443734719333,67.83650880267601,1
2024-11-17 19:00:00,1849.368802,1865.0542,1881.0254,1936.2733,1868.2271271516854,1764.6102561485604,1971.9741554262948,-18.85832515168545,1
2024-11-17 20:00:00,1982.100675,1894.0889,1908.973,1977.567,1893.5424122170111,1789.9255412138862,1997.2894404916206,88.55826278298878,1
2024-11-17 21:00:00,1840.561433,1932.0623,1945.4631,1999.7288,1934.6588925739893,1831.0420215708643,2038.4059208485987,-94.09745957398923,1
2024-11-17 22:00:00,1920.125172,1943.8811,1979.1484,2029.7032,1959.1194540668907,1855.5025830637658,2062.8664823415,-38.99428206689072,0
2024-11-17 23:00:00,1995.237644,1954.4679,2009.5195,2040.9155,1985.1406214045483,1881.5237504014233,2088.8876496791577,10.09702259545179,0
2024-11-18 00:00:00,2284.310757,2227.91,2033.6309,2052.8147,2131.517084251483,2027.900213248358,2235.2641125260925,152.7936727485171,0
2024-11-18 01:00:00,2135.275321,2216.8296,2120.5122,2151.6243,2169.332946570515,2065.71607556739,2273.0799748451245,-34.05762557051503,0
2024-11-18 02:00:00,2233.007604,2132.144,2151.2554,2195.7373,2141.8584641369766,2038.2415931338517,2245.605492411586,91.14913986302327,0
2024-11-18 03:00:00,2153.227928,2160.9675,2139.3152,2168.2954,2153.196188780575,2049.57931777745,2256.9432170551845,0.0317392194247077,0
2024-11-18 04:00:00,2130.621573,2079.2605,2113.298,2145.5369,2099.5697785984476,1995.9529075953226,2203.316806873057,31.051794401552343,0
2024-11-18 05:00:00,2137.880537,2099.659,2084.1675,2092.301,2099.937941523215,1996.3210705200902,2203.6849697978246,37.942595476784845,0
2024-11-18 06:00:00,2085.315168,2032.546,2049.642,2067.159,2047.2098899588977,1943.5930189557728,2150.956918233507,38.10527804110234,0
2024-11-18 07:00:00,2084.068828,2010.389,2019.1399,2027.4124,2022.7829675728278,1919.1660965697029,2126.529995847437,61.28586042717211,0
2024-11-18 08:00:00,1942.871651,2069.4358,1990.041,2028.0322,2027.9952123903222,1924.3783413871972,2131.7422406649316,-85.12356139032227,0
2024-11-18 09:00:00,2165.757018,1956.4623,1977.7289,1996.1602,1972.4959932827803,1868.8791222796553,2076.2430215573895,193.26102471721947,0
2024-11-18 10:00:00,2004.313095,1977.002,1968.1575,1995.2063,1975.036638790048,1871.419767786923,2078.7836670646575,29.276456209951903,0
2024-11-18 11:00:00,1902.534799,2012.0742,1967.1045,1989.2894,1992.4447177816269,1888.827846778502,2096.1917460562363,-89.90991878162686,0
2024-11-18 12:00:00,1897.510804,1959.8208,1970.5503,1991.4917,1969.652951419866,1866.036080416741,2073.3999796944754,-72.14214741986598,0
2024-11-18 13:00:00,2032.200966,1950.312,1978.5316,1996.2393,1970.1702492076367,1866.5533782045118,2073.917277482246,62.030716792363364,0
2024-11-18 14:00:00,1887.806196,2064.342,1998.852,2013.9362,2036.036620321966,1932.419749318841,2139.7836485965754,-148.23042432196598,0
2024-11-18 15:00:00,2050.617143,2068.7666,2023.9039,2044.9307,2049.9435080284516,1946.3266370253266,2153.690536303061,0.6736349715483811,0
2024-11-18 16:00:00,2247.015891,2052.6382,2055.029,2066.5332,2061.1786570108147,1957.5617860076898,2164.925685285424,185.83723398918528,0
2024-11-18 17:00:00,1964.066271,2101.125,2092.7986,2084.3384,2109.4171080073434,2005.8002370042184,2213.164136281953,-145.35083700734344,0
2024-11-18 18:00:00,2127.987126,2104.3154,2112.2578,2111.8823,2119.2243200352127,2015.6074490320877,2222.971348309822,8.762805964787276,1
2024-11-18 19:00:00,2211.805877,2138.9321,2140.947,2142.4082,2150.5085827725466,2046.8917117694216,2254.255611047156,61.29729422745322,1
2024-11-18 20:00:00,2212.869947,2205.43,2160.916,2167.868,2191.4531469671415,2087.8362759640163,2295.200175241751,21.416800032858646,1
2024-11-18 21:00:00,2239.583509,2171.0432,2187.7822,2187.3154,2191.182297561041,2087.565426557916,2294.9293258356506,48.40121143895885,1
2024-11-18 22:00:00,2179.73496,2208.215,2195.4944,2203.509,2210.8693060115615,2107.2524350084364,2314.616334286171,-31.134346011561775,0
2024-11-18 23:00:00,2222.383697,2230.123,2196.3223,2203.1455,2222.064745320628,2118.4478743175027,2325.8117735952374,0.318951679372276,0
2024-11-19 00:00:00,2251.957546,2215.0806,2199.769,2189.6904,2220.9918105389747,2117.3749395358495,2324.738838813584,30.96573546102536,0
2024-11-19 01:00:00,2279.452058,2197.7842,2176.7207,2166.8943,2200.4389025991427,2096.8220315960175,2304.185930873752,79.01315540085716,0
2024-11-19 02:00:00,2075.34633,2165.4175,2156.3494,2152.3074,2172.715972684466,2069.099101681341,2276.4630009590755,-97.36964268446627,0
2024-11-19 03:00:00,2268.367479,2150.9163,2132.7434,2115.6365,2156.569767547412,2052.952896544287,2260.3167958220215,111.79771145258792,0
2024-11-19 04:00:00,2292.420069,2154.9873,2105.6648,2092.6895,2143.092642441598,2039.475771438473,2246.8396707162074,149.32742655840184,0
2024-11-19 05:00:00,2093.947807,2087.024,2078.7686,2068.7395,2095.637054542896,1992.0201835397709,2199.3840828175053,-1.6892475428958278,0
2024-11-19 06:00:00,2017.989761,2055.4268,2054.5044,2052.9915,2065.523806813837,1961.906935810712,2169.2708350884463,-47.53404581383688,0
2024-11-19 07:00:00,2016.409159,2013.3301,2032.3792,2024.9484,2035.1869641006133,1931.5700930974883,2138.9339923752227,-18.77780510061325,0
2024-11-19 08:00:00,1985.009065,2023.4703,2003.5417,1994.639,2025.089966805145,1921.47309580202,2128.836995079754,-40.080901805145004,0
2024-11-19 09:00:00,1930.264633,2014.0726,1987.1842,1996.9573,2007.1975174497306,1903.5806464466057,2110.94454572434,-76.93288444973064,0
2024-11-19 10:00:00,1949.699127,1960.7787,1980.1461,1978.6685,1980.8753710548922,1877.2585000517672,2084.6223993295016,-31.176244054892095,0
2024-11-19 11:00:00,1902.114463,1953.943,1978.0112,1977.5919,1976.2123141093653,1872.5954431062403,2079.9593423839747,-74.09785110936537,0
2024-11-19 12:00:00,2078.67385,1973.1731,1983.0762,1983.2062,1987.938759121782,1884.321888118657,2091.6857873963913,90.73509087821822,0
2024-11-19 13:00:00,2003.510547,2016.7322,1994.212,1985.5189,2016.8687941170058,1913.2519231138808,2120.615822391615,-13.358247117005703,0
2024-11-19 14:00:00,2146.146741,2044.6901,2013.6044,2005.0769,2040.4629207145952,1936.8460497114702,2144.2099489892043,105.68382028540486,0
2024-11-19 15:00:00,2066.269851,2071.5398,2039.3041,2035.557,2065.709101554357,1962.092230551232,2169.4561298289664,0.5607494456430686,0
2024-11-19 16:00:00,2040.98631,2092.9937,2063.1519,2059.3389,2088.6232299423637,1985.0063589392387,2192.370258216973,-47.63691994236365,0
2024-11-19 17:00:00,1936.058075,2100.0796,2092.4504,2090.908,2106.983438350582,2003.3665673474572,2210.7304666251916,-170.9253633505823,0
2024-11-19 18:00:00,2041.658037,2125.331,2116.0186,2122.2493,2129.5782742324795,2025.9614032293546,2233.325302507089,-87.92023723247962,1
2024-11-19 19:00:00,2203.751573,2136.4263,2139.6306,2132.2202,2150.8582150081616,2047.2413440050366,2254.605243282771,52.89335799183846,1
2024-11-19 20:00:00,2165.368379,2180.177,2159.9858,2151.125,2182.9087264755176,2079.2918554723924,2286.655754750127,-17.540347475517592,1
2024-11-19 21:00:00,2178.448682,2202.3855,2180.7722,2188.4521,2200.3568180356615,2096.7399470325363,2304.103846310271,-21.9081360356613,1
2024-11-19 22:00:00,2254.159426,2184.0532,2189.9797,2195.9753,2196.922474895234,2093.3056038921086,2300.669503169843,57.236951104766376,0
2024-11-19 23:00:00,2310.265099,2176.6223,2195.4397,2204.2441,2195.5642789106,2091.947407907475,2299.3113071852094,114.70082008940017,0
2024-11-20 00:00:00,2262.033047,2217.4263,2194.9468,2193.7253,2217.3106832645103,2113.693812261385,2321.0577115391197,44.72236373548958,0
2024-11-20 01:00:00,2274.90543,2207.691,2185.6545,2176.2554,2209.800882439954,2106.1840114368288,2313.5479107145634,65.10454756004583,0
2024-11-20 02:00:00,2175.587207,2196.6455,2166.996,2158.3806,2194.4268864406235,2090.8100154374984,2298.173914715233,-18.839679440623513,0
2024-11-20 03:00:00,2304.440864,2144.4404,2146.4675,2137.426,2158.7246001867834,2055.107729183658,2262.471628461393,145.71626381321676,0
2024-11-20 04:00:00,2215.920084,2107.29,2122.2305,2102.9365,2130.72361642242,2027.106745419295,2234.4706446970295,85.19646757757982,0
2024-11-20 05:00:00,2181.240632,2102.9995,2096.6038,2079.2012,2114.593771761855,2010.97690075873,2218.3408000364643,66.64686023814511,0
2024-11-20 06:00:00,2041.43583,2038.7313,2069.879,2061.2625,2067.5152137533973,1963.8983427502724,2171.2622420280068,-26.07938375339745,0
2024-11-20 07:00:00,2115.238547,2030.8993,2042.3727,2043.8992,2046.6101965709277,1942.9933255678027,2150.357224845537,68.62835042907227,0
2024-11-20 08:00:00,2030.763324,2049.2798,2020.5626,2008.0646,2047.3513817913818,1943.7345107882568,2151.098410065991,-16.588057791381743,0
2024-11-20 09:00:00,1868.910225,1982.3973,2000.6034,1996.4675,2002.7240658267447,1899.1071948236197,2106.471094101354,-133.81384082674458,0
2024-11-20 10:00:00,1970.359619,1979.4526,1990.7583,2003.3561,1991.8594528647013,1888.2425818615764,2095.6064811393107,-21.49983386470126,0
2024-11-20 11:00:00,1953.742784,1963.8789,1984.9441,1987.0887,1983.9854708858834,1880.3685998827584,2087.732499160493,-30.24268688588336,0
2024-11-20 12:00:00,1820.669332,1969.0892,1984.0807,1992.78,1984.3553776361885,1880.7385066330635,2088.1024059107976,-163.6860456361885,0
2024-11-20 13:00:00,1919.719492,1970.4692,1997.4109,1991.4852,1995.7899533460063,1892.1730823428813,2099.5369816206157,-76.07046134600637,0
2024-11-20 14:00:00,2028.890175,2028.3058,2014.4254,2010.319,2031.9617380557352,1928.3448670526102,2135.7087663303446,-3.0715630557351687,0
2024-11-20 15:00:00,2021.95049,2069.166,2034.7552,2019.5477,2065.060741138655,1961.44387013553,2168.8077694132644,-43.11025113865503,0
2024-11-20 16:00:00,2065.044964,2040.7642,2061.5044,2051.0205,2064.5120913534965,1960.8952203503716,2168.259119628106,0.5328726465036198,0
2024-11-20 17:00:00,2152.490858,2137.254,2092.4043,2085.2595,2126.115897659809,2022.499026656684,2229.8629259344184,26.374960340191137,0
2024-11-20 18:00:00,2186.98311,2119.854,2117.2583,2114.26,2129.9573916072654,2026.3405206041405,2233.704419881875,57.02571839273469,1
2024-11-20 19:00:00,2216.063645,2163.587,2138.7456,2144.2522,2160.081955348149,2056.465084345024,2263.8289836227586,55.98168965185096,1
2024-11-20 20:00:00,2107.478114,2168.7522,2168.5413,2159.5356,2182.0350282621207,2078.4181572589955,2285.78205653673,-74.5569142621207,1
2024-11-20 21:00:00,2353.579866,2190.034,2188.2175,2181.365,2202.0912357796624,2098.474364776537,2305.838264054272,151.48863022033765,1
2024-11-20 22:00:00,2168.543576,2203.4626,2198.0828,2194.8198,2212.8283633822803,2109.211492379155,2316.5753916568897,-44.28478738228023,0
2024-11-20 23:00:00,2142.724115,2203.1743,2207.5828,2186.5745,2222.2229031661846,2118.6060321630594,2325.969931440794,-79.49878816618457,0
2024-11-21 00:00:00,2279.600736,2228.2566,2191.495,2179.4707,2223.3794845208204,2119.762613517695,2327.12651279543,56.2212514791795,0
2024-11-21 01:00:00,2354.192303,2209.8367,2181.165,2159.6887,2211.4967611324123,2107.879890129287,2315.2437894070217,142.6955418675875,0
2024-11-21 02:00:00,2069.286808,2185.6667,2172.5022,2159.8723,2193.126217844062,2089.509346840937,2296.8732461186714,-123.83940984406217,0
2024-11-21 03:00:00,2140.3958,2157.5706,2148.2605,2133.2725,2167.44644748527,2063.8295764821446,2271.193475759879,-27.05064748527002,0
2024-11-21 04:00:00,2196.139573,2156.855,2128.94,2107.5735,2158.4622156165265,2054.8453446134013,2262.209243891136,37.67735738347346,0
2024-11-21 05:00:00,2192.042032,2110.3977,2100.1409,2069.1106,2123.4493015078006,2019.8324305046756,2227.19632978241,68.59273049219928,0
2024-11-21 06:00:00,1957.444968,2070.098,2070.3142,2066.426,2081.5184381082977,1977.9015671051727,2185.265466382907,-124.07347010829767,0
2024-11-21 07:00:00,2059.094597,2071.9214,2036.8778,2040.1617,2062.8245743355487,1959.2077033324238,2166.571602610158,-3.729977335548938,0
2024-11-21 08:00:00,1976.014924,1975.9055,2015.0509,2009.9069,2007.550637181229,1903.933766178104,2111.2976654558383,-31.535713181228857,0
2024-11-21 09:00:00,2018.256389,2027.7113,1995.892,2001.3007,2019.432521989671,1915.815650986546,2123.1795502642804,-1.1761329896710322,0
2024-11-21 10:00:00,1971.60689,1972.2261,1981.2402,1983.1918,1986.0514348900242,1882.4345638868992,2089.7984631646336,-14.44454489002419,0
2024-11-21 11:00:00,2007.50039,1983.1254,1979.6069,1991.6084,1987.8432452883858,1884.2263742852608,2091.590273562995,19.657144711614137,0
2024-11-21 12:00:00,1933.427691,2005.4052,1984.6401,1983.8223,2004.3900435540047,1900.7731725508797,2108.137071828614,-70.96235255400461,0
2024-11-21 13:00:00,1949.494215,1998.4478,1998.476,2001.9469,2007.3297360489964,1903.7128650458715,2111.076764323606,-57.8355210489965,0
2024-11-21 14:00:00,1989.644218,2010.5367,2017.4734,2023.6655,2022.4950511252948,1918.8781801221699,2126.242079399904,-32.85083312529491,0
2024-11-21 15:00:00,2053.14899,2048.6013,2047.3264,2039.8712,2059.959471112538,1956.3426001094128,2163.7064993871472,-6.810481112537673,0
2024-11-21 16:00:00,2110.675977,2028.4993,2071.6086,2070.5513,2061.6384366673924,1958.0215656642674,2165.385464942002,49.03754033260748,0
2024-11-21 17:00:00,2164.701287,2122.0935,2096.434,2113.2056,2114.9703838114383,2011.3535128083133,2218.7174120860477,49.73090318856157,0
2024-11-21 18:00:00,1980.560609,2099.0618,2126.0242,2129.5193,2123.0459659773737,2019.4290949742488,2226.792994251983,-142.4853569773736,1
2024-11-21 19:00:00,2010.815829,2197.661,2147.821,2160.4985,2179.3458606331374,2075.728989630012,2283.092888907747,-168.53003163313747,1
2024-11-21 20:00:00,2099.585541,2185.4783,2174.2817,2182.1038,2188.80720744005,2085.190336436925,2292.5542357146596,-89.22166644005029,1
2024-11-21 21:00:00,2097.736438,2191.5178,2181.3127,2182.4077,2197.123461014009,2093.506590010884,2300.8704892886185,-99.38702301400917,1
2024-11-21 22:00:00,2113.261898,2219.1348,2183.7856,2174.3435,2214.280700332905,2110.6638293297797,2318.0277286075143,-101.01880233290467,0
2024-11-21 23:00:00,2010.804478,2226.5361,2181.1238,2173.1477,2216.0287412571092,2112.411870253984,2319.7757695317187,-205.22426325710921,0
2024-11-22 00:00:00,2214.184495,2233.808,2166.048,2169.2473,2208.6690111167395,2105.0521401136143,2312.416039391349,5.515483883260458,0
2024-11-22 01:00:00,2049.426734,2224.007,2165.8594,2150.9473,2208.4733788393423,2104.856507836217,2312.2204071139518,-159.0466448393422,0
2024-11-22 02:00:00,2224.277637,2157.0745,2154.3623,2129.0493,2173.0607638309034,2069.443892827778,2276.807792105513,51.21687316909674,0
2024-11-22 03:00:00,2041.31152,2135.9246,2125.5059,2110.4158,2145.063413722933,2041.4465427198081,2248.8104419975425,-103.75189372293312,0
2024-11-22 04:00:00,2083.646149,2098.4187,2095.3274,2080.4028,2111.1033622385025,2007.4864912353776,2214.850390513112,-27.45721323850239,0
2024-11-22 05:00:00,2181.535901,2108.1729,2065.1404,2056.4534,2098.1554003075034,1994.5385293043785,2201.902428582113,83.38050069249675,0
2024-11-22 06:00:00,2242.31865,2001.0459,2038.3174,2021.5533,2034.8382530828856,1931.2213820797606,2138.5852813574948,207.4803969171146,0
2024-11-22 07:00:00,1993.033944,2058.882,2007.6486,2012.5093,2040.6869481553995,1937.0700771522745,2144.433976430009,-47.65300415539946,0
2024-11-22 08:00:00,2045.423268,2023.0461,1990.79,2001.983,2013.0346707831234,1909.4177997799984,2116.7816990577326,32.38859721687663,0
2024-11-22 09:00:00,1818.321264,1963.7476,1975.5767,1986.6558,1976.6899379299416,1873.0730669268166,2080.436966204551,-158.36867392994168,0
2024-11-22 10:00:00,2087.949606,1918.7156,1963.9343,1969.2812,1950.4702368303522,1846.8533658272272,2054.2172651049614,137.47936916964795,0
2024-11-22 11:00:00,1890.99085,1976.7832,1958.4343,1964.6036,1975.0526335116094,1871.4357625084845,2078.7996617862186,-84.06178351160952,0
2024-11-22 12:00:00,1937.773417,1933.3273,1966.9697,1968.3453,1960.058965361776,1856.442094358651,2063.805993636385,-22.28554836177591,0
2024-11-22 13:00:00,2213.344067,1957.355,1973.0663,1968.0929,1976.3675546900506,1872.7506836869256,2080.11458296466,236.97651230994938,0
2024-11-22 14:00:00,2043.858538,2041.4587,1993.2427,2004.4197,2023.1272645321906,1919.5103935290656,2126.8742928068,20.731273467809388,0
2024-11-22 15:00:00,1976.586731,2039.8193,2022.7352,2028.8691,2039.2768006604908,1935.6599296573659,2143.0238289351,-62.690069660490735,0
2024-11-22 16:00:00,2046.823853,2032.8406,2048.7551,2065.586,2047.053156162096,1943.436285158971,2150.8001844367054,-0.22930316209590274,0
2024-11-22 17:00:00,2210.507955,2118.956,2077.507,2078.068,2107.5265597305524,2003.9096887274275,2211.273588005162,102.9813952694476,0
2024-11-22 18:00:00,2170.792987,2116.707,2108.047,2091.7263,2126.9360987070218,2023.3192277038968,2230.683126981631,43.856888292978056,1
2024-11-22 19:00:00,2210.977513,2124.106,2133.59,2117.94,2143.856715889032,2040.239844885907,2247.6037441636413,67.12079711096794,1
2024-11-22 20:00:00,2136.935167,2158.1594,2145.1448,2139.4243,2163.7290492258035,2060.1121782226783,2267.476077500413,-26.793882225803372,1
2024-11-22 21:00:00,2319.6226,2214.629,2149.9126,2144.28,2193.185280829505,2089.5684098263796,2296.932309104114,126.43731917049536,1
2024-11-22 22:00:00,2229.375722,2192.3503,2152.2646,2148.6414,2183.2941549887155,2079.6772839855903,2287.041183263325,46.08156701128473,0
2024-11-22 23:00:00,2082.309804,2174.7405,2134.8218,2136.7595,2164.2243340815453,2060.60746307842,2267.9713623561547,-81.91453008154531,0
2024-11-23 00:00:00,2004.952225,2010.785,2093.8264,2132.3972,2054.954652508857,1951.3377815057322,2158.7016807834666,-50.00242750885718,0
2024-11-23 01:00:00,1960.380736,1975.9436,1984.9684,2027.195,1979.6161313704383,1875.9992603673134,2083.3631596450477,-19.235395370438255,0
2024-11-23 02:00:00,1957.904929,1913.3586,1933.6223,1956.9855,1927.2651821058175,1823.6483111026926,2031.012210380427,30.639746894182508,0
2024-11-23 03:00:00,1854.114293,1890.9788,1888.6067,1897.3231,1896.3940789464418,1792.7772079433169,2000.1411072210512,-42.279785946441734,0
2024-11-23 04:00:00,2055.940957,1894.6548,1851.7983,1875.6147,1874.788739703066,1771.1718686999411,1978.5357679776755,181.1522172969337,0
2024-11-23 05:00:00,1663.851137,1898.1157,1826.0111,1838.676,1865.5721736681048,1761.9553026649799,1969.3192019427142,-201.72103666810472,0
2024-11-23 06:00:00,1816.894415,1813.1991,1805.4088,1815.4478,1814.7771864774097,1711.1603154742847,1918.5242147520191,2.117228522590267,0
2024-11-23 07:00:00,1764.48315,1803.2334,1780.2023,1783.785,1798.2738554596378,1694.6569844565129,1902.0208837342473,-33.79070545963782,0
2024-11-23 08:00:00,1685.524445,1798.4628,1759.6711,1772.1403,1782.8503607720827,1679.2334897689577,1886.5973890466921,-97.32591577208268,0
2024-11-23 09:00:00,1617.043432,1741.8903,1745.8099,1753.602,1749.6786564584668,1646.0617854553418,1853.4256847330762,-132.63522445846684,0
2024-11-23 10:00:00,1775.286275,1723.1433,1733.0331,1735.087,1735.4015343349447,1631.7846633318197,1839.1485626095541,39.88474066505523,0
2024-11-23 11:00:00,1618.639946,1705.0878,1729.0547,1742.8143,1721.7122279444166,1618.0953569412916,1825.459256219026,-103.07228194441655,0
2024-11-23 12:00:00,1718.9358,1720.1324,1730.6497,1742.8237,1730.1394029386759,1626.522531935551,1833.8864312132853,-11.203602938675886,0
2024-11-23 13:00:00,1886.664327,1735.1311,1739.2407,1754.7145,1741.0226632931654,1637.4057922900404,1844.7696915677748,145.6416637068346,0
2024-11-23 14:00:00,1692.485293,1780.7805,1755.6754,1773.6074,1770.9092350410301,1667.2923640379051,1874.6562633156395,-78.42394204103016,0
2024-11-23 15:00:00,1827.446568,1781.4133,1778.5923,1792.0404,1784.5109207677679,1680.894049764643,1888.2579490423773,42.93564723223221,0
2024-11-23 16:00:00,1839.381025,1863.124,1805.241,1825.314,1835.9741400987034,1732.3572690955784,1939.7211683733128,3.4068849012965075,0
2024-11-23 17:00:00,1877.096763,1846.8799,1835.0929,1846.5635,1846.2454162770832,1742.6285452739583,1949.9924445516926,30.851346722916787,0
2024-11-23 18:00:00,1788.146186,1841.7516,1864.8943,1892.7394,1855.4759546104503,1751.8590836073254,1959.2229828850598,-67.3297686104504,1
2024-11-23 19:00:00,1910.576,1882.3467,1879.9539,1921.1078,1879.4757176175713,1775.8588466144463,1983.2227458921807,31.10028238242876,1
2024-11-23 20:00:00,1974.613654,1937.5822,1898.7041,1932.5668,1917.6323491857017,1814.0154781825768,2021.3793774603112,56.981304814298255,1
2024-11-23 21:00:00,2043.92206,1934.3649,1921.7262,1932.8615,1934.0676938263696,1830.4508228232446,2037.814722100979,109.85436617363052,1
2024-11-23 22:00:00,1898.457962,1974.0762,1935.8668,1969.3809,1954.863454517345,1851.24658351422,2058.6104827919544,-56.40549251734501,0
2024-11-23 23:00:00,1936.47869,1875.8198,1942.7401,1956.8782,1916.5253651340854,1812.9084941309604,2020.2723934086948,19.95332486591451,0
2024-11-24 00:00:00,1904.214341,1997.416,1927.4437,1950.5564,1964.161170042261,1860.544299039136,2067.9081983168703,-59.94682904226079,0
2024-11-24 01:00:00,1986.014246,1932.6332,1915.2773,1947.8964,1924.3831855578517,1820.7663145547267,2028.130213832461,61.63106044214828,0
2024-11-24 02:00:00,2030.382983,1950.2296,1892.423,1940.2491,1916.801075139726,1813.184204136601,2020.5481034143354,113.58190786027399,0
2024-11-24 03:00:00,1856.254216,1892.5897,1874.2845,1934.0366,1876.6493973960612,1773.0325263929362,1980.3964256706706,-20.39518139606116,0
2024-11-24 04:00:00,1904.507551,1890.5133,1841.7339,1898.843,1859.0476058969728,1755.4307348938478,1962.7946341715822,45.45994510302717,0
2024-11-24 05:00:00,1815.858655,1860.0542,1813.8871,1865.0796,1831.226665340775,1727.60979433765,1934.9736936153845,-15.368010340775072,0
2024-11-24 06:00:00,1963.32582,1798.1837,1787.1245,1827.952,1790.1169559873183,1686.5000849841933,1893.8639842619277,173.20886401268172,0
2024-11-24 07:00:00,1846.854335,1785.1395,1763.481,1788.9948,1775.2149692347402,1671.5980982316153,1878.9619975093497,71.63936576525975,0
2024-11-24 08:00:00,1660.954067,1743.0636,1741.1798,1762.3081,1744.4070115636662,1640.7901405605412,1848.1540398382756,-83.45294456366628,0
2024-11-24 09:00:00,1691.663538,1734.263,1722.3499,1761.8687,1725.559163032188,1621.942292029063,1829.3061913067975,-33.895625032188036,0
2024-11-24 10:00:00,1718.858351,1715.5101,1708.806,1736.5382,1712.402185283961,1608.785314280836,1816.1492135585704,6.456165716039095,0
2024-11-24 11:00:00,1730.927264,1732.8066,1707.2828,1736.5061,1719.4703614715309,1615.8534904684059,1823.2173897461403,11.456902528469072,0
2024-11-24 12:00:00,1687.869754,1750.7,1710.1531,1741.6356,1728.9612566262504,1625.3443856231254,1832.7082849008598,-41.0915026262503,0
2024-11-24 13:00:00,1867.528121,1764.5422,1720.922,1748.5908,1742.2482900422945,1638.6314190391695,1845.9953183169039,125.2798309577056,0
2024-11-24 14:00:00,1836.151237,1756.6062,1744.1211,1771.5208,1750.8445043031177,1647.2276332999927,1854.591532577727,85.30673269688236,0
2024-11-24 15:00:00,1873.55445,1812.1896,1762.1132,1790.0548,1786.7830914258238,1683.1662204226989,1890.5301197004333,86.77135857417625,0
2024-11-24 16:00:00,1787.409747,1839.626,1784.9515,1828.1537,1808.139137272686,1704.522266269561,1911.8861655472954,-20.729390272686032,0
2024-11-24 17:00:00,1919.873956,1864.5758,1810.5751,1865.5933,1830.6584275490547,1727.0415565459298,1934.4054558236642,89.21552845094516,0
2024-11-24 18:00:00,1940.303635,1901.4943,1844.7211,1905.4236,1864.964486781178,1761.347615778053,1968.7115150557875,75.33914821882195,1
2024-11-24 19:00:00,1901.107399,1877.2854,1882.7242,1945.6495,1873.023590789263,1769.406719786138,1976.7706190638723,28.08380821073706,1
2024-11-24 20:00:00,2014.380454,1949.6146,1922.4341,1987.9666,1927.959806110041,1824.342935106916,2031.7068343846504,86.42064788995913,1
2024-11-24 21:00:00,1935.946703,1962.5919,1963.1777,2017.0258,1958.7372029914732,1855.1203319883482,2062.4842312660826,-22.790499991473098,1
2024-11-24 22:00:00,1897.525985,1977.9232,2001.0668,2043.7369,1988.9944162759093,1885.3775452727843,2092.7414445505187,-91.46843127590932,0
2024-11-24 23:00:00,1805.909959,1919.3944,2024.4424,2054.8838,1976.5666835277082,1872.9498125245832,2080.3137118023174,-170.6567245277081,0
2024-11-25 00:00:00,2325.310221,2171.1824,2044.3635,2041.6542,2115.6822419470245,2012.0653709438996,2219.429270221634,209.62797905297566,0
2024-11-25 01:00:00,2154.205952,2191.4229,2121.6074,2111.0413,2168.333520070704,2064.7166490675786,2272.080548345313,-14.127568070704001,0
2024-11-25 02:00:00,2058.166997,2180.957,2148.5916,2151.3113,2174.30275988742,2070.685888884295,2278.0497881620295,-116.13576288742024,0
2024-11-25 03:00:00,2108.964464,2093.829,2137.9856,2136.5818,2128.137920548382,2024.5210495452573,2231.8849488229916,-19.17345654838209,0
2024-11-25 04:00:00,2112.020941,2129.948,2107.097,2115.9238,2126.3886931526954,2022.7718221495704,2230.135721427305,-14.367752152695175,0
2024-11-25 05:00:00,2125.236665,2084.9468,2083.9333,2072.26,2097.803517098213,1994.186646095088,2201.5505453728224,27.433147901786924,0
2024-11-25 06:00:00,2028.484129,2090.6018,2044.0149,2065.4258,2070.9420740317482,1967.3252030286233,2174.6891023063577,-42.457945031748295,0
2024-11-25 07:00:00,2113.974472,2041.4398,2019.4088,2018.0876,2040.1701933446122,1936.5533223414873,2143.9172216192214,73.80427865538763,0
2024-11-25 08:00:00,2025.47534,2004.937,2001.6981,2014.5306,2009.7687175058345,1906.1518465027095,2113.515745780444,15.706622494165458,0
2024-11-25 09:00:00,2134.833374,1990.1079,1980.0925,1996.435,1990.334959082984,1886.718088079859,2094.0819873575933,144.4984149170159,0
2024-11-25 10:00:00,2012.778229,2020.8542,1968.2626,1974.9008,2001.182227270574,1897.565356267449,2104.9292555451834,11.596001729426007,0
2024-11-25 11:00:00,2038.124088,1926.4521,1969.8197,1976.1812,1957.0297648300032,1853.4128938268782,2060.7767931046124,81.09432316999687,0
2024-11-25 12:00:00,2005.483124,2006.1489,1972.5494,1976.4982,1997.1208214366886,1893.5039504335637,2100.867849711298,8.36230256331146,0
2024-11-25 13:00:00,1931.156205,2010.4695,1987.8822,1980.4873,2010.191608835786,1906.574737832661,2113.938637110395,-79.03540383578593,0
2024-11-25 14:00:00,2078.805243,1984.2213,2007.9736,2007.3065,2006.6294698473603,1903.0125988442353,2110.3764981219697,72.17577315263952,0
2024-11-25 15:00:00,2210.904458,2043.3992,2030.0446,2031.1257,2046.143460139113,1942.526589135988,2149.8904884137223,164.76099786088707,0
2024-11-25 16:00:00,2064.825757,2108.9482,2063.8552,2057.4421,2097.267958050956,1993.6510870478312,2201.0149863255656,-32.4422010509561,0
2024-11-25 17:00:00,2069.39826,2076.5999,2097.2803,2092.3027,2099.2116973964926,1995.5948263933676,2202.958725671102,-29.813437396492645,0
2024-11-25 18:00:00,2329.204089,2127.7925,2125.3623,2119.265,2138.8316602137443,2035.2147892106193,2242.5786884883537,190.37242878625557,1
2024-11-25 19:00:00,2085.965351,2159.6824,2148.0955,2145.9165,2165.1262785866356,2061.5094075835104,2268.873306861245,-79.16092758663581,1
2024-11-25 20:00:00,2179.945083,2163.9924,2173.5198,2189.712,2176.032192445414,2072.4153214422886,2279.779220720023,3.9128905545862835,1
2024-11-25 21:00:00,2219.995155,2214.9302,2192.234,2212.9395,2209.1325059711903,2105.515634968065,2312.8795342457997,10.862649028809756,1
2024-11-25 22:00:00,2260.445927,2222.0396,2204.818,2216.5955,2221.464042740707,2117.847171737582,2325.2110710153165,38.98188425929311,0
2024-11-25 23:00:00,2276.644847,2241.0986,2214.9204,2225.0283,2236.3442325669375,2132.7273615638123,2340.091260841547,40.30061443306249,0
2024-11-26 00:00:00,2147.640529,2200.7039,2213.4685,2217.7764,2217.764180921597,2114.147309918472,2321.5112091962064,-70.12365192159723,0
2024-11-26 01:00:00,2100.318417,2209.5354,2185.268,2189.6501,2206.9896614515524,2103.372790448427,2310.736689726162,-106.67124445155241,0
2024-11-26 02:00:00,2178.150846,2144.3027,2165.337,2161.7148,2167.30473815156,2063.6878671484346,2271.0517664261693,10.84610784844017,0
2024-11-26 03:00:00,2210.533105,2157.2742,2143.7776,2130.9944,2164.367500424352,2060.7506294212267,2268.1145286989613,46.1656045756481,0
2024-11-26 04:00:00,2086.900954,2147.3826,2117.7817,2098.0986,2147.5927751840404,2043.9759041809154,2251.33980345865,-60.691821184040236,0
2024-11-26 05:00:00,2219.102242,2087.0981,2090.3882,2072.3567,2103.865132794915,2000.2482617917901,2207.6121610695245,115.23710920508483,0
2024-11-26 06:00:00,2077.132634,2088.893,2062.3533,2043.5931,2090.0236783416503,1986.4068073385254,2193.7707066162598,-12.891044341650286,0
2024-11-26 07:00:00,1944.444647,2029.7573,2040.55,2020.2983,2050.6069525495004,1946.9900815463754,2154.35398082411,-106.16230554950039,0
2024-11-26 08:00:00,1987.109271,2004.0515,2018.2719,2002.3369,2025.42164306229,1921.804772059165,2129.1686713368995,-38.312372062290024,0
2024-11-26 09:00:00,1888.7375,1974.994,1996.6045,1980.0923,2000.1992106651333,1896.5823396620083,2103.9462389397427,-111.4617106651333,0
2024-11-26 10:00:00,1920.677629,1984.1176,1988.195,1966.3955,2001.4263106228386,1897.8094396197137,2105.173338897448,-80.7486816228386,0
2024-11-26 11:00:00,1834.077942,1968.8396,1983.5049,1970.1093,1989.5199704888764,1885.9030994857515,2093.266998763486,-155.44202848887653,0
2024-11-26 12:00:00,1955.956531,1971.5422,1987.5245,1973.2809,1993.1580363262767,1889.5411653231517,2096.905064600886,-37.201505326276674,0
2024-11-26 13:00:00,2142.779102,1965.7333,1996.607,1970.3934,1998.2354835755186,1894.6186125723937,2101.982511850128,144.54361842448134,0
2024-11-26 14:00:00,1998.342189,2020.686,2010.7402,2002.2975,2027.4662436324757,1923.8493726293507,2131.213271907085,-29.12405463247569,0
2024-11-26 15:00:00,2115.927587,2069.7737,2038.7357,2015.4764,2069.5006128965933,1965.8837418934684,2173.2476411712028,46.42697410340679,0
2024-11-26 16:00:00,2216.173849,2088.235,2066.772,2040.067,2094.0651730846052,1990.4483020814803,2197.8122013592147,122.10867591539454,0
2024-11-26 17:00:00,2052.233268,2087.4062,2093.7183,2078.3333,2105.1104491056362,2001.4935781025113,2208.8574773802457,-52.87718110563628,0
2024-11-26 18:00:00,2018.954433,2131.6707,2116.9653,2122.3657,2133.316200975928,2029.699329972803,2237.0632292505375,-114.36176797592793,1
2024-11-26 19:00:00,2140.064754,2146.4287,2149.5715,2140.4175,2161.3496470610476,2057.7327760579224,2265.096675335657,-21.28489306104757,1
2024-11-26 20:00:00,2265.506592,2168.0125,2163.2583,2168.3135,2175.32059015792,2071.7037191547947,2279.0676184325293,90.18600184208026,1
2024-11-26 21:00:00,2126.223253,2204.5042,2182.5022,2183.8423,2203.8900033025243,2100.273132299399,2307.6370315771337,-77.66675030252418,1
2024-11-26 22:00:00,2240.550417,2226.9927,2188.4395,2206.027,2213.663249906179,2110.0463789030537,2317.4102781807883,26.887167093821063,0
2024-11-26 23:00:00,2096.090925,2207.2732,2197.6902,2197.6462,2213.6240600832643,2110.007189080139,2317.3710883578738,-117.53313508326437,0
2024-11-27 00:00:00,2284.798482,2197.4858,2193.5464,2206.955,2203.3506347026164,2099.733763699491,2307.097662977226,81.44784729738376,0
2024-11-27 01:00:00,2136.443702,2203.7861,2173.3894,2171.8623,2199.4351546970925,2095.8182836939673,2303.182182971702,-62.99145269709243,0
2024-11-27 02:00:00,2330.460749,2199.3882,2156.5703,2159.873,2187.1862190374013,2083.569348034276,2290.9332473120107,143.27452996259854,0
2024-11-27 03:00:00,2196.248437,2177.5903,2134.5647,2116.9202,2170.4015714752363,2066.784700472111,2274.1485997498457,25.84686552476387,0
2024-11-27 04:00:00,2160.002841,2165.891,2119.3838,2114.3354,2153.573406512667,2049.956535509542,2257.3204347872766,6.4294344873328555,0
2024-11-27 05:00:00,2079.720158,2093.5513,2090.1643,2080.8984,2104.6082971924898,2000.9914261893648,2208.355325467099,-24.88813919248969,0
2024-11-27 06:00:00,1958.943354,2069.7412,2062.1892,2057.1362,2077.329730459501,1973.7128594563762,2181.0767587341106,-118.38637645950121,0
2024-11-27 07:00:00,2060.043577,2053.443,2032.2133,2029.9078,2052.9444367837164,1949.3275657805914,2156.691465058326,7.099140216283558,0
2024-11-27 08:00:00,1998.346553,1986.6364,2007.0125,2010.5486,2006.2083941478322,1902.5915231447073,2109.9554224224416,-7.861841147832138,0
2024-11-27 09:00:00,2015.48381,1977.0791,1989.4595,1996.3534,1991.4802198529367,1887.8633488498117,2095.227248127546,24.003590147063278,0
2024-11-27 10:00:00,1938.575843,1946.8097,1979.1555,1990.4905,1970.4422288311152,1866.8253578279903,2074.1892571057247,-31.866385831115167,0
2024-11-27 11:00:00,2008.723762,1975.6454,1974.5634,1988.9863,1980.9838144879088,1877.3669434847839,2084.730842762518,27.73994751209125,0
2024-11-27 12:00:00,2032.43046,1965.2909,1982.5675,1980.4603,1984.4732564061892,1880.8563854030642,2088.2202846807986,47.957203593810846,0
2024-11-27 13:00:00,1966.696689,2000.2981,1994.4443,1984.8927,2009.3668797442124,1905.7500087410874,2113.113908018822,-42.67019074421228,0
2024-11-27 14:00:00,2036.119893,2008.099,2018.566,2008.3624,2026.0594318547119,1922.442560851587,2129.8064601293213,10.060461145288173,0
2024-11-27 15:00:00,2070.263684,2024.6117,2039.3884,2047.7904,2040.2862409292811,1936.6693699261562,2144.0332692038905,29.97744307071889,0
2024-11-27 16:00:00,1939.116114,2097.182,2064.9158,2075.1287,2088.010106132985,1984.3932351298602,2191.7571344075945,-148.8939921329852,0
2024-11-27 17:00:00,2174.697507,2110.3484,2095.0364,2103.6665,2110.6831212587053,2007.0662502555804,2214.4301495333148,64.01438574129452,0
2024-11-27 18:00:00,2013.206374,2156.2908,2118.3562,2127.8286,2144.7732612047316,2041.1563902016067,2248.520289479341,-131.56688720473153,1
2024-11-27 19:00:00,2051.041507,2190.196,2144.4932,2164.0808,2172.2689335781306,2068.6520625750054,2276.01596185274,-121.22742657813069,1
2024-11-27 20:00:00,2259.24348,2182.2822,2169.5466,2168.965,2186.894269208879,2083.277398205754,2290.6412974834884,72.3492107911211,1
2024-11-27 21:00:00,2269.580879,2238.0151,2182.9316,2183.4253,2220.32367690564,2116.7068059025146,2324.070705180249,49.25720209436031,1
2024-11-27 22:00:00,2172.715607,2211.8635,2196.39,2188.7852,2217.0369856760876,2113.4201146729624,2320.784013950697,-44.321378676087534,0
2024-11-27 23:00:00,2341.813512,2181.689,2204.9172,2206.9465,2204.727168484712,2101.1102974815867,2308.4741967593213,137.08634351528826,0
2024-11-28 00:00:00,2258.725296,2201.5894,2196.1343,2188.5645,2211.9895846350532,2108.372713631928,2315.7366129096627,46.73571136494684,0
2024-11-28 01:00:00,2098.222512,2211.9167,2186.6584,2173.5493,2213.2889014296884,2109.672030426563,2317.035929704298,-115.06638942968857,0
2024-11-28 02:00:00,2129.090663,2141.2969,2167.4272,2153.6113,2169.558728856898,2065.941857853773,2273.3057571315076,-40.46806585689819,0
2024-11-28 03:00:00,2166.738889,2146.239,2147.9446,2126.2246,2163.5742672720553,2059.95739626893,2267.3212955466647,3.1646217279449047,0
2024-11-28 04:00:00,1998.107456,2129.3203,2119.928,2085.327,2143.8865358809217,2040.2696648777967,2247.633564155531,-145.7790798809217,0
2024-11-28 05:00:00,1922.912534,2091.9775,2091.2808,2073.6948,2106.554711772172,2002.9378407690472,2210.3017400467816,-183.6421777721721,0
2024-11-28 06:00:00,1955.710423,2021.4429,2063.8064,2041.4232,2059.524084816279,1955.907213813154,2163.2711130908883,-103.81366181627891,0
2024-11-28 07:00:00,2190.271831,2057.215,2029.9211,2018.5311,2055.8258080076603,1952.2089370045353,2159.5728362822697,134.44602299233975,0
2024-11-28 08:00:00,1969.776572,2011.89,2006.0337,1999.5568,2020.2729845708407,1916.6561135677157,2124.02001284545,-50.496412570840675,0
2024-11-28 09:00:00,2055.911394,1995.3439,1991.0381,1996.3635,2001.4310297651064,1897.8141587619814,2105.178058039716,54.48036423489384,0
2024-11-28 10:00:00,2024.8433,1966.7096,1978.3962,1977.8229,1982.5479419092408,1878.9310709061158,2086.29497018385,42.29535809075924,0
2024-11-28 11:00:00,1889.134533,1972.4182,1977.2042,1989.7722,1981.314954905386,1877.698083902261,2085.0619831799954,-92.18042190538608,0
2024-11-28 12:00:00,1983.492047,1960.8147,1982.778,1986.0068,1981.0990460958838,1877.4821750927588,2084.846074370493,2.3930009041162066,0
2024-11-28 13:00:00,2025.107086,1959.0747,1996.2502,2007.1255,1985.4861683836882,1881.8692973805632,2089.2331966582974,39.62091761631177,0
2024-11-28 14:00:00,2142.581972,1998.9307,2013.7184,2011.6139,2017.062046057045,1913.4451750539201,2120.8090743316543,125.51992594295484,0
2024-11-28 15:00:00,2051.176782,2049.87,2040.4845,2054.8474,2051.4135680268228,1947.7966970236978,2155.160596301432,-0.23678602682275596,0
2024-11-28 16:00:00,1993.908425,2101.5515,2070.1975,2076.1746,2093.9706641377275,1990.3537931346025,2197.717692412337,-100.06223913772737,0
2024-11-28 17:00:00,2081.698478,2114.822,2103.5964,2111.604,2117.5195503484974,2013.9026793453725,2221.266578623107,-35.82107234849764,0
2024-11-28 18:00:00,2150.877528,2113.4282,2127.7341,2121.8882,2133.172447199073,2029.5555761959479,2236.9194754736823,17.705080800927135,1
2024-11-28 19:00:00,2185.199578,2129.242,2148.7754,2166.9014,2145.824364614066,2042.207493610941,2249.5713928886753,39.37521338593433,1
2024-11-28 20:00:00,2180.204499,2215.296,2169.035,2172.7283,2201.295457135665,2097.6785861325397,2305.0424854102744,-21.090958135665005,1
2024-11-28 21:00:00,2082.101318,2176.6128,2195.949,2182.8657,2201.3670356035354,2097.7501646004102,2305.114063878145,-119.26571760353545,1
2024-11-28 22:00:00,2317.142936,2180.14,2198.219,2185.257,2204.224526074934,2100.607655071809,2307.9715543495436,112.91840992506604,0
2024-11-28 23:00:00,2090.536691,2187.0647,2190.0288,2186.8257,2200.712624353654,2097.095753350529,2304.4596526282635,-110.17593335365427,0
2024-11-29 00:00:00,2128.075441,2206.8733,2169.5908,2155.938,2201.9593401977218,2098.3424691945966,2305.706368472331,-73.8838991977218,0
2024-11-29 01:00:00,2287.084402,2156.9065,2163.7253,2143.0925,2176.7670247984574,2073.1501537953322,2280.514053073067,110.31737720154251,0
2024-11-29 02:00:00,2285.902931,2179.0215,2143.1807,2126.018,2175.5363908327668,2071.9195198296416,2279.283419107376,110.36654016723332,0
2024-11-29 03:00:00,2387.023448,2158.4065,2121.7532,2099.3418,2155.65184626465,2052.034975261525,2259.3988745392594,231.37160173534994,0
2024-11-29 04:00:00,2203.036664,2129.4,2096.4597,2088.104,2124.8270849219825,2021.2102139188576,2228.574113196592,78.20957907801767,0
2024-11-29 05:00:00,1984.423752,2120.1304,2064.169,2059.933,2102.21987438739,1998.603003384265,2205.9669026619995,-117.79612238739014,0
2024-11-29 06:00:00,2047.651731,2075.6177,2034.8484,2057.993,2058.4869889303905,1954.8701179272655,2162.234017205,-10.835257930390526,0
2024-11-29 07:00:00,1927.768562,2032.2823,2005.3861,2015.7776,2025.393303860486,1921.776432857361,2129.1403321350954,-97.62474186048598,0
2024-11-29 08:00:00,2023.412431,1979.8107,1985.6104,1989.1848,1991.5801568982997,1887.9632858951747,2095.327185172909,31.83227410170025,0
2024-11-29 09:00:00,1824.48455,1984.8243,1969.2567,1970.169,1985.9648463546482,1882.3479753515232,2089.7118746292576,-161.48029635464832,0
2024-11-29 10:00:00,1812.929575,1964.1393,1963.6096,1963.5579,1973.3399546473488,1869.7230836442238,2077.086982921958,-160.4103796473487,0
2024-11-29 11:00:00,1988.74852,1925.8246,1962.8995,1958.0841,1955.884147129226,1852.267276126101,2059.631175403835,32.864372870774105,0
2024-11-29 12:00:00,2002.648326,1985.3047,1966.6625,1976.179,1982.640294679109,1879.023423675984,2086.3873229537185,20.00803132089095,0
2024-11-29 13:00:00,2087.652069,2032.6046,1983.8405,1978.2113,2018.1623414299643,1914.5454704268393,2121.9093697045737,69.48972757003594,0
2024-11-29 14:00:00,2084.289963,2022.889,2007.7527,2012.8356,2023.5099940414302,1919.8931230383052,2127.2570223160396,60.77996895856995,0
2024-11-29 15:00:00,1859.017765,2036.9525,2031.7043,2030.524,2044.5202760606212,1940.9034050574962,2148.2673043352306,-185.50251106062115,0
2024-11-29 16:00:00,2075.991788,2060.8174,2055.9792,2064.464,2066.35000714077,1962.7331361376448,2170.097035415379,9.641780859230039,0
2024-11-29 17:00:00,2174.367795,2133.375,2076.923,2082.1875,2112.907516025429,2009.2906450223038,2216.654544300038,61.46027897457134,0
2024-11-29 18:00:00,2121.848482,2127.8503,2106.147,2116.9248,2124.3898737483123,2020.7730027451873,2228.1369020229217,-2.541391748312435,1
2024-11-29 19:00:00,2148.800148,2176.4326,2129.7046,2133.1973,2161.9220200049485,2058.3051490018233,2265.669048279558,-13.121872004948727,1
2024-11-29 20:00:00,2251.253244,2174.1453,2144.7898,2149.4705,2168.537934539063,2064.9210635359377,2272.2849628136723,82.71530946093708,1
2024-11-29 21:00:00,2169.221253,2230.6868,2150.3743,2164.2505,2196.1580788818796,2092.5412078787544,2299.905107156489,-26.936825881879486,1
2024-11-29 22:00:00,2237.117536,2185.1797,2147.3335,2157.7427,2173.7047817456414,2070.087910742516,2277.451810020251,63.41275425435879,0
2024-11-29 23:00:00,2166.419763,2214.907,2119.5452,2150.002,2168.0678821888446,2064.4510111857194,2271.814910463454,-1.6481191888447029,0
2024-11-30 00:00:00,1987.101942,1963.4391,2082.6826,2127.1345,2024.9575425066212,1921.3406715034962,2128.7045707812304,-37.85560050662116,0
2024-11-30 01:00:00,1906.850467,1912.2964,1967.8589,2036.2533,1933.5411436304876,1829.9242726273626,2037.288171905097,-26.690676630487587,0
2024-11-30 02:00:00,2021.683658,1928.3052,1918.3884,1952.8269,1923.5090925927716,1819.8922215896466,2027.256120867381,98.17456540722833,0
2024-11-30 03:00:00,1872.735048,1905.1082,1878.4288,1904.5778,1893.3238581216228,1789.7069871184979,1997.0708863962323,-20.588810121622828,0
2024-11-30 04:00:00,1871.282364,1898.7137,1847.7765,1868.7382,1875.3128594692116,1771.6959884660866,1979.059887743821,-4.030495469211701,0
2024-11-30 05:00:00,1751.618896,1797.7692,1814.9479,1837.4177,1809.3331091407626,1705.7162381376377,1913.080137415372,-57.714213140762695,0
2024-11-30 06:00:00,1720.93852,1749.2152,1780.4395,1802.9692,1767.829016901295,1664.21214589817,1871.5760451759045,-46.89049690129514,0
2024-11-30 07:00:00,1764.628571,1806.2632,1755.1904,1775.7103,1782.1575524157543,1678.5406814126293,1885.9045806903637,-17.528981415754288,0
2024-11-30 08:00:00,1681.700202,1721.4552,1739.6943,1763.2374,1732.6959591235327,1629.0790881204077,1836.4429873981421,-50.99575712353271,0
2024-11-30 09:00:00,1739.8814,1700.4271,1723.962,1744.005,1715.1952185287873,1611.5783475256624,1818.9422468033968,24.68618147121265,0
2024-11-30 10:00:00,1755.062306,1742.6234,1715.6655,1726.1613,1733.3424366930242,1629.7255656898992,1837.0894649676336,21.719869306975852,0
2024-11-30 11:00:00,1720.151639,1699.3513,1715.3317,1740.3241,1708.8483401151866,1605.2314691120616,1812.595368389796,11.30329888481333,0
2024-11-30 12:00:00,1712.777323,1740.7067,1720.9807,1735.1171,1734.328348635398,1630.711477632273,1838.0753769100074,-21.55102563539799,0
2024-11-30 13:00:00,1772.898886,1765.0957,1734.2479,1751.2686,1752.280153867472,1648.6632828643471,1856.0271821420815,20.61873213252784,0
2024-11-30 14:00:00,1930.106198,1771.6727,1753.8864,1767.709,1766.652790460405,1663.03591945728,1870.3998187350144,163.453407539595,0
2024-11-30 15:00:00,1850.273124,1825.2449,1775.1827,1793.5255,1802.3793517150075,1698.7624807118825,1906.126379989617,47.893772284992565,0
2024-11-30 16:00:00,1839.360031,1829.5481,1800.8645,1818.2931,1818.2972835452574,1714.6804125421324,1922.0443118198668,21.06274745474252,0
2024-11-30 17:00:00,1951.935772,1891.8939,1828.9915,1851.9208,1861.5886243442542,1757.9717533411292,1965.3356526188636,90.34714765574586,0
2024-11-30 18:00:00,2010.709966,1879.298,1856.1993,1890.5092,1867.142148714497,1763.525277711372,1970.8891769891063,143.567817285503,1
2024-11-30 19:00:00,1999.797029,1936.2476,1883.4833,1905.3254,1911.956344769365,1808.33947376624,2015.7033730439744,87.84068423063513,1
2024-11-30 20:00:00,2021.295111,1980.8184,1910.5099,1955.8741,1941.6223741268327,1838.0055031237077,2045.3694024014421,79.6727368731672,1
2024-11-30 21:00:00,1917.343389,1974.2567,1930.4055,1955.3602,1954.2157395716933,1850.5988685685684,2057.9627678463025,-36.87235057169346,1
2024-11-30 22:00:00,1866.934384,1976.3057,1942.4806,1975.2247,1959.6330561173706,1856.0161851142457,2063.38008439198,-92.69867211737073,0
2024-11-30 23:00:00,1999.173201,1977.1776,1951.1011,1986.0378,1964.0706629250958,1860.4537919219708,2067.817691199705,35.10253807490426,0
2024-12-01 00:00:00,1891.332932,1931.2118,1946.5887,1971.7858,1942.2040893051237,1838.5872183019987,2045.9511175797331,-50.87115730512369,0
2024-12-01 01:00:00,1930.33286,1928.2579,1918.1411,1971.9558,1918.453641486154,1814.836770483029,2022.2006697607635,11.879218513845899,0
2024-12-01 02:00:00,1774.336899,1956.9067,1891.3928,1950.5702,1916.5690479364414,1812.9521769333164,2020.3160762110508,-142.2321489364415,0
2024-12-01 03:00:00,1823.741135,1834.5059,1866.3115,1918.877,1846.5170763969659,1742.900205393841,1950.2641046715753,-22.77594139696589,0
2024-12-01 04:00:00,1866.399283,1838.1606,1838.2668,1890.8762,1833.3625312098095,1729.7456602066845,1937.109559484419,33.036751790190465,0
2024-12-01 05:00:00,1646.924092,1772.3617,1806.0889,1840.762,1789.4186915575578,1685.8018205544329,1893.1657198321673,-142.49459955755788,0
2024-12-01 06:00:00,1692.803517,1754.4675,1772.2166,1799.9535,1764.653063184156,1661.036192181031,1868.4000914587655,-71.849546184156,0
2024-12-01 07:00:00,1704.634421,1772.9146,1743.2284,1757.3438,1761.5135682838659,1657.896697280741,1865.2605965584753,-56.879147283865905,0
2024-12-01 08:00:00,1510.136984,1702.9803,1716.6887,1740.3502,1711.6372070801385,1608.0203360770136,1815.384235354748,-201.50022308013854,0
2024-12-01 09:00:00,1635.877282,1618.1549,1695.374,1722.3948,1658.9934668662677,1555.3765958631427,1762.740495140877,-23.11618486626776,0
2024-12-01 10:00:00,1694.289723,1650.9637,1678.7731,1702.0146,1666.7933910014885,1563.1765199983636,1770.540419276098,27.49633199851155,0
2024-12-01 11:00:00,1701.43487,1631.0886,1675.2373,1698.3755,1655.4580963805495,1551.8412253774245,1759.205124655159,45.97677361945057,0
2024-12-01 12:00:00,1529.226543,1656.5066,1676.3713,1700.5161,1667.9350179930948,1564.3181469899698,1771.6820462677042,-138.7084749930948,0
2024-12-01 13:00:00,1643.897198,1651.0377,1681.6915,1703.3036,1668.7901741553683,1565.1733031522433,1772.5372024299777,-24.892976155368387,0
2024-12-01 14:00:00,1785.67035,1721.6212,1695.3689,1726.697,1707.2756520133435,1603.6587810102185,1811.0226802879529,78.39469798665664,0
2024-12-01 15:00:00,1734.122409,1747.1179,1720.7704,1749.712,1733.5308636762904,1629.9139926731655,1837.2778919508999,0.5915453237096244,0
2024-12-01 16:00:00,1806.952247,1728.5828,1742.8988,1787.0525,1732.5844705703494,1628.9675995672244,1836.3314988449588,74.36777642965058,0
2024-12-01 17:00:00,1654.616344,1818.7274,1768.8959,1820.2305,1787.5858430690569,1683.968972065932,1891.3328713436663,-132.96949906905684,0
2024-12-01 18:00:00,1756.571599,1830.1532,1800.7233,1859.0414,1808.1672046074864,1704.5503336043614,1911.9142328820958,-51.59560560748628,1
2024-12-01 19:00:00,1795.525672,1847.7251,1827.574,1894.8959,1828.5285798070781,1724.9117088039532,1932.2756080816876,-33.002907807078145,1
2024-12-01 20:00:00,1990.334168,1854.9435,1858.8654,1920.91,1849.9192242966396,1746.3023532935147,1953.666252571249,140.41494370336045,1
2024-12-01 21:00:00,1754.17994,1893.3906,1888.4972,1962.6924,1880.9226815301836,1777.3058105270586,1984.669709804793,-126.7427415301836,1
2024-12-01 22:00:00,1808.380106,1882.028,1911.7484,1985.9974,1887.8296520573197,1784.2127810541947,1991.576680331929,-79.4495460573196,0
2024-12-01 23:00:00,1954.492622,1865.6566,1936.4448,1995.3867,1896.9995218104068,1793.3826508072818,2000.7465500850162,57.49310018959318,0
2024-12-02 00:00:00,2050.468062,2103.1504,1960.0498,1993.3162,2029.358385048356,1925.741514045231,2133.1054133229654,21.109676951643905,0
2024-12-02 01:00:00,2098.848752,2113.4695,2035.8102,2081.5903,2071.334439350156,1967.7175683470311,2175.0814676247655,27.51431264984376,0
2024-12-02 02:00:00,2136.93918,2101.873,2059.8203,2129.7988,2072.42485953416,1968.807988531035,2176.1718878087695,64.51432046583977,0
2024-12-02 03:00:00,2123.102903,2072.2837,2052.3623,2123.0364,2054.1696614118596,1950.5527904087346,2157.916689686469,68.93324158814039,0
2024-12-02 04:00:00,1995.159046,2054.793,2025.4414,2073.0486,2037.3673216712639,1933.750450668139,2141.114349945873,-42.20827567126389,0
2024-12-02 05:00:00,2243.424483,1996.468,1996.8707,2037.7667,1996.0654153582077,1892.4485443550827,2099.812443632817,247.35906764179208,0
2024-12-02 06:00:00,1921.86483,2052.2708,1958.9347,2004.3151,2001.4219624347754,1897.8050914316505,2105.1689907093846,-79.55713243477544,0
2024-12-02 07:00:00,1984.150859,1948.4028,1929.2853,1984.9276,1933.520406117295,1829.90353511417,2037.2674343919043,50.630452882705185,0
2024-12-02 08:00:00,1921.98631,1906.6294,1902.7084,1944.1715,1903.0645358157908,1799.4476648126658,2006.8115640904002,18.921774184209198,0
2024-12-02 09:00:00,1839.205135,1918.6771,1881.3036,1941.6758,1892.6675975594712,1789.0507265563463,1996.4146258340807,-53.462462559471305,0
2024-12-02 10:00:00,1956.321023,1890.4655,1873.1993,1906.5585,1881.7362552214445,1778.1193842183195,1985.483283496054,74.58476777855549,0
2024-12-02 11:00:00,1877.623869,1905.4575,1874.1857,1908.3848,1889.2016353366525,1785.5847643335276,1992.948663611262,-11.57776633665253,0
2024-12-02 12:00:00,1991.355591,1963.2892,1883.4385,1908.9647,1923.9049720055248,1820.2881010023998,2027.6520002801342,67.45061899447524,0
2024-12-02 13:00:00,1983.508868,1970.3405,1897.6243,1929.5085,1933.1919913125405,1829.5751203094155,2036.93901958715,50.3168766874594,0
2024-12-02 14:00:00,1873.381523,1988.3151,1918.7059,1943.049,1954.8684622343371,1851.2515912312122,2058.6154905089466,-81.48693923433711,0
2024-12-02 15:00:00,1911.360195,1976.1315,1945.762,1985.6663,1959.480533607841,1855.863662604716,2063.22756188245,-48.12033860784095,0
2024-12-02 16:00:00,2039.882884,1991.346,1974.8683,2012.8625,1982.6752087354648,1879.0583377323399,2086.4222370100742,57.20767526453528,0
2024-12-02 17:00:00,2020.904884,2041.4578,2004.6888,2031.8369,2025.1627757100573,1921.5459047069323,2128.9098039846667,-4.257891710057265,0
2024-12-02 18:00:00,2069.226213,2075.8599,2035.2961,2067.832,2056.464511348831,1952.847640345706,2160.2115396234403,12.761701651169005,1
2024-12-02 19:00:00,2141.791349,2084.0886,2065.5144,2093.0479,2077.698134561645,1974.08126355852,2181.4451628362544,64.09321443835506,1
2024-12-02 20:00:00,2000.455027,2144.245,2092.7205,2124.5615,2119.7576824784933,2016.1408114753683,2223.5047107531027,-119.3026554784933,1
2024-12-02 21:00:00,2102.528431,2164.8994,2119.7563,2140.883,2146.676409655501,2043.0595386523762,2250.4234379301106,-44.14797865550099,1
2024-12-02 22:00:00,2090.027816,2158.235,2134.0552,2157.5361,2150.491146466099,2046.874275462974,2254.2381747407085,-60.46333046609925,0
2024-12-02 23:00:00,2143.025252,2173.055,2134.9966,2149.524,2160.3279764467575,2056.7111054436323,2264.075004721367,-17.302724446757566,0
2024-12-03 00:00:00,2106.941443,2102.4424,2141.5103,2159.2417,2129.2786141733804,2025.6617431702555,2233.02564244799,-22.337171173380284,0
2024-12-03 01:00:00,2006.915173,2120.3594,2116.251,2131.3828,2125.0774239555885,2021.4605529524636,2228.824452230198,-118.16225095558843,0
2024-12-03 02:00:00,1908.616589,2067.6304,2095.8079,2103.066,2091.054544106762,1987.437673103637,2194.8015723813714,-182.43795510676205,0
2024-12-03 03:00:00,2095.20133,2056.7917,2062.9602,2060.6323,2070.8701061336155,1967.2532351304906,2174.617134408225,24.331223866384335,0
2024-12-03 04:00:00,2157.454423,2046.664,2037.0642,2022.9889,2055.261954838796,1951.6450838356711,2159.0089831134055,102.19246816120403,0
2024-12-03 05:00:00,2090.652249,2028.769,2008.7056,1993.1597,2032.0402757188756,1928.4234047157506,2135.787303993485,58.61197328112462,0
2024-12-03 06:00:00,1960.689752,1991.9958,1986.3972,1961.5702,2004.9974334469507,1901.3805624438257,2108.74446172156,-44.30768144695071,0
2024-12-03 07:00:00,1920.741633,1937.6373,1954.6216,1951.7415,1956.63731289712,1853.020441893995,2060.3843411717294,-35.89567989711986,0
2024-12-03 08:00:00,1942.460722,1912.8392,1929.8171,1922.3259,1932.8026005451593,1829.1857295420343,2036.5496288197687,9.658121454840739,0
2024-12-03 09:00:00,2022.278138,1916.3531,1903.5327,1905.9741,1918.0137156130497,1814.3968446099248,2021.7607438876591,104.26442238695017,0
2024-12-03 10:00:00,1916.217817,1923.7183,1890.5049,1912.6976,1909.6160420203573,1805.9991710172324,2013.3630702949667,6.6017749796426415,0
2024-12-03 11:00:00,1937.403018,1904.2865,1891.4626,1908.3523,1902.193083927812,1798.576212924687,2005.9401122024215,35.209934072187934,0
2024-12-03 12:00:00,1996.984989,1936.8657,1894.767,1921.1096,1917.1027858758753,1813.4859148727503,2020.8498141504847,79.88220312412477,0
2024-12-03 13:00:00,1923.973826,2000.2037,1907.3546,1922.3362,1956.8841168762165,1853.2672458730915,2060.631145150826,-32.91029087621655,0
2024-12-03 14:00:00,1948.44302,1953.7748,1923.0626,1946.3417,1940.967596535949,1837.350725532824,2044.7146248105585,7.475423464050891,0
2024-12-03 15:00:00,2003.926202,1984.3636,1942.9924,1974.4535,1964.0746515761643,1860.4577805730394,2067.8216798507738,39.85155042383576,0
2024-12-03 16:00:00,1979.646596,2080.1208,1968.447,2018.5774,2018.5601477454995,1914.9432767423746,2122.3071760201087,-38.91355174549949,0
2024-12-03 17:00:00,1912.848552,2051.3936,2002.6743,2022.7043,2030.6354230937256,1927.0185520906007,2134.382451368335,-117.78687109372572,0
2024-12-03 18:00:00,2002.12045,2028.801,2029.155,2058.0095,2031.6791194279313,1928.0622484248063,2135.4261477025407,-29.558669427931363,1
2024-12-03 19:00:00,2057.293527,2112.5908,2051.9807,2081.1987,2083.688997650704,1980.0721266475791,2187.4360259253135,-26.395470650704283,1
2024-12-03 20:00:00,2236.280435,2147.1702,2076.1255,2104.2063,2113.2953286758907,2009.6784576727657,2217.0423569505,122.98510632410944,1
2024-12-03 21:00:00,2173.643221,2118.1926,2098.9465,2132.934,2110.0874382851966,2006.4705672820717,2213.834466559806,63.55578271480317,1
2024-12-03 22:00:00,2218.415723,2153.2,2111.7756,2147.9475,2133.0508298079035,2029.4339588047785,2236.797858082513,85.36489319209659,0
2024-12-03 23:00:00,2190.122912,2141.7195,2119.558,2157.3933,2131.282850542816,2027.665979539691,2235.0298788174255,58.840061457183765,0
2024-12-04 00:00:00,2050.949076,2192.6711,2119.912,2145.723,2158.8269418965156,2055.2100708933904,2262.573970171125,-107.87786589651569,0
2024-12-04 01:00:00,2082.990442,2100.3164,2104.2253,2119.0461,2109.2077161345183,2005.5908451313933,2212.9547444091277,-26.217274134518448,0
2024-12-04 02:00:00,2241.239753,2127.155,2079.4727,2097.0332,2108.1821871018105,2004.5653160986856,2211.92921537642,133.0575658981893,0
2024-12-04 03:00:00,2243.5042,2128.3442,2058.275,2069.8474,2099.0116620424665,1995.3947910393415,2202.758690317076,144.4925379575334,0
2024-12-04 04:00:00,1972.819065,2099.073,2042.4409,2047.314,2078.3326107513926,1974.7157397482677,2182.079639026002,-105.51354575139271,0
2024-12-04 05:00:00,2073.613596,2031.5768,2019.224,2025.3431,2033.4832213292011,1929.8663503260761,2137.2302496038105,40.13037467079903,0
2024-12-04 06:00:00,1950.553369,2008.98,1997.0343,2002.4268,2011.10437233107,1907.487501327945,2114.8514006056794,-60.55100333106998,0
2024-12-04 07:00:00,2062.777671,1988.583,1971.8987,1973.2579,1989.047901835155,1885.43103083203,2092.794930109764,73.72976916484481,0
2024-12-04 08:00:00,2010.986565,1918.1959,1950.4962,1957.3771,1942.7005991328472,1839.0837281297222,2046.4476274074566,68.28596586715275,0
2024-12-04 09:00:00,1732.935969,1936.844,1935.8853,1938.7384,1944.8622050946592,1841.2453340915342,2048.6092333692686,-211.92623609465932,0
2024-12-04 10:00:00,1908.66471,1889.348,1927.0228,1933.876,1916.4804328543833,1812.8635618512583,2020.2274611289927,-7.815722854383239,0
2024-12-04 11:00:00,1840.272341,1928.8761,1922.7389,1925.3802,1934.1347283325129,1830.5178573293879,2037.8817566071223,-93.86238733251275,0
2024-12-04 12:00:00,1743.397533,1912.9032,1928.213,1934.415,1928.5175841403639,1824.9007131372389,2032.2646124149733,-185.12005114036378,0
2024-12-04 13:00:00,1913.006789,1900.453,1939.4993,1943.0895,1929.228317706163,1825.611446703038,2032.9753459807723,-16.22152870616287,0
2024-12-04 14:00:00,1940.679231,1939.6676,1946.8848,1955.4467,1950.6045839817562,1846.9877129786312,2054.3516122563656,-9.925352981756077,0
2024-12-04 15:00:00,2071.997364,2026.4393,1966.6011,1973.5513,2002.8865157607906,1899.2696447576657,2106.6335440354,69.11084823920919,0
2024-12-04 16:00:00,2109.154412,1999.5867,1996.2781,1980.8793,2011.479988299762,1907.863117296637,2115.227016574371,97.67442370023787,0
2024-12-04 17:00:00,2098.416495,2038.5278,2022.2917,2031.1791,2037.7285330255338,1934.1116620224088,2141.475561300143,60.687961974466134,0
2024-12-04 18:00:00,2037.049549,2065.94,2051.3796,2050.6968,2068.6719800323035,1965.0551090291785,2172.419008306913,-31.62243103230344,1
2024-12-04 19:00:00,2057.188501,2054.6848,2076.2922,2076.476,2076.306580787199,1972.689709784074,2180.0536090618084,-19.118079787198894,1
2024-12-04 20:00:00,2017.236872,2132.2075,2101.1719,2087.0337,2130.131135803556,2026.514264800431,2233.8781640781654,-112.89426380355599,1
2024-12-04 21:00:00,2127.060028,2137.6067,2110.0037,2107.9863,2134.3297701235238,2030.7128991203988,2238.076798398133,-7.2697421235238835,1
2024-12-04 22:00:00,2081.291779,2102.4907,2123.8657,2107.0022,2128.686611277929,2025.069740274804,2232.4336395525384,-47.3948322779288,0
2024-12-04 23:00:00,2086.614964,2178.2805,2120.139,2110.8984,2160.9470291669663,2057.330158163841,2264.6940574415758,-74.33206516696646,0
2024-12-05 00:00:00,2253.11288,2126.3828,2111.6118,2089.3865,2134.9394166858615,2031.3225456827365,2238.686444960471,118.17346331413864,0
2024-12-05 01:00:00,2172.823379,2129.4265,2095.1912,2082.868,2125.170041757951,2021.553170754826,2228.9170700325603,47.65333724204902,0
2024-12-05 02:00:00,2049.181536,2121.0017,2076.4219,2061.76,2111.77762494928,2008.160753946155,2215.5246532238893,-62.596088949279874,0
2024-12-05 03:00:00,2170.236317,2076.7185,2058.0366,2033.6796,2083.3382948804415,1979.7214238773165,2187.085323155051,86.89802211955839,0
2024-12-05 04:00:00,1981.860998,2036.7404,2034.2845,2004.0178,2053.146751867624,1949.529880864499,2156.8937801422335,-71.28575386762395,0
2024-12-05 05:00:00,2037.274127,2003.6718,2004.0204,1994.2455,2016.1167252611904,1912.4998542580654,2119.8637535358,21.15740173880954,0
2024-12-05 06:00:00,1922.098989,1966.6227,1977.2155,1969.8386,1983.6007256218527,1879.9838546187277,2087.347753896462,-61.501736621852615,0
2024-12-05 07:00:00,2004.246037,2003.7872,1947.0902,1949.8782,1982.772429406393,1879.155558403268,2086.519457681002,21.473607593606857,0
2024-12-05 08:00:00,1884.339954,1952.1411,1924.1052,1920.4202,1947.5626055047273,1843.9457345016024,2051.3096337793368,-63.22265150472731,0
2024-12-05 09:00:00,1971.270641,1923.7064,1908.6318,1921.4922,1921.5939031633843,1817.9770321602593,2025.3409314379937,49.67673783661576,0
2024-12-05 10:00:00,2047.243409,1896.0173,1898.5066,1914.0522,1902.3262716515437,1798.7094006484188,2006.0732999261531,144.9171373484562,0
2024-12-05 11:00:00,1902.729621,1925.8623,1896.467,1908.3358,1916.415863077023,1812.798992073898,2020.1628913516324,-13.686242077023053,0
2024-12-05 12:00:00,1878.016439,1892.7399,1901.581,1923.875,1900.6872075286524,1797.0703365255274,2004.4342358032618,-22.67076852865239,0
2024-12-05 13:00:00,2021.893084,1939.5482,1913.3562,1936.373,1929.0923033658187,1825.4754323626937,2032.839331640428,92.80078063418136,0
2024-12-05 14:00:00,1902.620835,2002.3911,1933.6223,1950.5873,1971.3703993508045,1867.7535283476795,2075.1174276254137,-68.74956435080458,0
2024-12-05 15:00:00,2052.600856,1990.0387,1956.6952,1976.7301,1976.9473957597736,1873.3305247566486,2080.694424034383,75.65346024022642,0
2024-12-05 16:00:00,2054.534065,2021.4475,1987.7766,1995.8519,2011.4608010010243,1907.8439299978993,2115.2078292756337,43.07326399897556,0
2024-12-05 17:00:00,2104.841839,2071.1763,2018.4647,2031.4404,2050.242684799258,1946.625813796133,2153.9897130738673,54.599154200742305,0
2024-12-05 18:00:00,2093.288443,2066.7144,2048.1997,2062.1626,2063.6485185384126,1960.0316475352877,2167.395546813022,29.63992446158727,1
2024-12-05 19:00:00,2076.444841,2079.1797,2073.443,2086.948,2083.113342670689,1979.4964716675638,2186.860370945298,-6.668501670688784,1
2024-12-05 20:00:00,2081.384618,2124.1921,2095.4358,2110.8623,2115.782156077628,2012.165285074503,2219.5291843522373,-34.397538077627814,1
2024-12-05 21:00:00,2143.573157,2122.7002,2110.9253,2116.0571,2125.897045178381,2022.2801741752562,2229.6440734529906,17.676111821618633,1
2024-12-05 22:00:00,2088.910146,2156.6182,2116.952,2111.9348,2147.849446632855,2044.2325756297298,2251.596474907464,-58.93930063285461,0
2024-12-05 23:00:00,2203.863895,2144.0918,2118.1968,2103.4382,2144.9969581884975,2041.3800871853725,2248.743986463107,58.866936811502455,0
2024-12-06 00:00:00,2150.255915,2187.2043,2101.1506,2096.748,2153.9017488001973,2050.284877797072,2257.6487770748067,-3.645833800197124,0
2024-12-06 01:00:00,2085.808553,2130.993,2100.03,2078.948,2130.7019671360727,2027.0850961329477,2234.448995410682,-44.893414136072806,0
2024-12-06 02:00:00,2010.431388,2114.6223,2084.6877,2059.5896,2115.761360578918,2012.144489575793,2219.5083888535273,-105.32997257891793,0
2024-12-06 03:00:00,2119.821974,2091.66,2060.5825,2033.3788,2092.5400117013373,1988.9231406982124,2196.2870399759468,27.28196229866262,0
2024-12-06 04:00:00,2057.621957,2054.7673,2037.0106,2007.245,2063.0696716100765,1959.4528006069515,2166.816699884686,-5.447714610076673,0
2024-12-06 05:00:00,2012.196427,2014.3335,1999.9254,1983.5293,2020.7057143045336,1917.0888433014086,2124.452742579143,-8.509287304533473,0
2024-12-06 06:00:00,1945.286761,1989.5063,1967.5458,1956.1958,1990.3928506372517,1886.7759796341268,2094.139878911861,-45.10608963725167,0
2024-12-06 07:00:00,1970.348981,1963.1091,1937.1263,1941.5262,1957.6635841317132,1854.0467131285882,2061.4106124063223,12.685396868286944,0
2024-12-06 08:00:00,1925.106363,1949.6559,1912.973,1911.4713,1939.9147944268082,1836.2979234236832,2043.6618227014176,-14.808431426808056,0
2024-12-06 09:00:00,1894.574829,1901.1152,1900.3685,1896.7935,1910.5844082605759,1806.9675372574509,2014.3314365351853,-16.009579260575947,0
2024-12-06 10:00:00,2130.016726,1890.0343,1886.6896,1909.8517,1891.2713435022486,1787.6544724991236,1995.018371776858,238.74538249775128,0
2024-12-06 11:00:00,1902.972413,1987.7944,1888.1501,1883.2428,1945.7989802032607,1842.1821092001358,2049.54600847787,-42.826567203260765,0
2024-12-06 12:00:00,2051.389842,1924.3926,1897.2449,1905.7402,1916.9807908309613,1813.3639198278363,2020.7278191055707,134.40905116903878,0
2024-12-06 13:00:00,2042.047748,1986.818,1908.1565,1929.4138,1949.3344793638767,1845.7176083607517,2053.081507638486,92.7132686361233,0
2024-12-06 14:00:00,1953.764006,1994.4725,1927.1849,1933.1384,1966.9599242300812,1863.3430532269563,2070.7069525046904,-13.195918230081134,0
2024-12-06 15:00:00,2041.896524,1975.8336,1953.6984,1977.3306,1967.66780031999,1864.050929316865,2071.4148285945994,74.22872368001003,0
2024-12-06 16:00:00,2012.827249,2073.2102,1984.3622,2009.0264,2030.1531221597852,1926.5362511566602,2133.9001504343946,-17.32587315978526,0
2024-12-06 17:00:00,2037.998779,2077.4998,2017.2876,2038.918,2050.446024375947,1946.8291533728222,2154.1930526505566,-12.447245375947205,0
2024-12-06 18:00:00,2155.561066,2080.3535,2047.0807,2067.5916,2067.906704142954,1964.289833139829,2171.6537324175633,87.6543618570463,1
2024-12-06 19:00:00,2187.418384,2083.336,2063.3625,2087.8926,2076.956415697693,1973.339544694568,2180.7034439723025,110.46196830230701,1
2024-12-06 20:00:00,2017.633572,2104.3892,2079.5652,2101.3438,2096.3003042460955,1992.6834332429705,2200.047332520705,-78.66673224609553,1
2024-12-06 21:00:00,2194.551778,2100.6816,2078.9856,2107.7869,2092.4468454080525,1988.8299744049275,2196.193873682662,102.10493259194755,1
2024-12-06 22:00:00,2053.291406,2142.6443,2067.1409,2086.4775,2108.5780923635975,2004.9612213604726,2212.325120638207,-55.28668636359771,0
2024-12-06 23:00:00,2190.088457,2137.313,2034.363,2066.947,2085.282689223314,1981.6658182201888,2189.0297174979232,104.80576777668603,0
2024-12-07 00:00:00,1870.9378,1901.3308,1995.0942,2044.0812,1947.6757279281837,1844.0588569250588,2051.422756202793,-76.73792792818381,0
2024-12-07 01:00:00,1862.3884,1874.9076,1889.7375,1959.3248,1873.9266128074269,1770.309741804302,1977.6736410820363,-11.538212807426817,0
2024-12-07 02:00:00,2015.898183,1850.6685,1836.7218,1881.0024,1840.618052596061,1737.001181592936,1944.3650808706705,175.28013040393898,0
2024-12-07 03:00:00,1831.822294,1913.7734,1802.0237,1829.9785,1856.4424782755993,1752.8256072724744,1960.1895065502088,-24.620184275599286,0
2024-12-07 04:00:00,1734.812759,1782.0876,1776.0964,1809.47,1778.467235659574,1674.850364656449,1882.2142639341835,-43.65447665957413,0
2024-12-07 05:00:00,1840.318739,1763.4175,1748.6426,1775.5361,1756.623132510592,1653.0062615074671,1860.3701607852015,83.69560648940796,0
2024-12-07 06:00:00,1740.144483,1715.9807,1724.198,1743.5249,1722.9238587368793,1619.3069877337543,1826.6708870114887,17.220624263120726,0
2024-12-07 07:00:00,1743.435369,1753.3507,1698.9515,1726.2646,1725.334621830858,1621.717750827733,1829.0816501054674,18.100747169142096,0
2024-12-07 08:00:00,1686.433262,1692.8429,1682.4092,1703.9336,1689.1429125323666,1585.5260415292416,1792.889940806976,-2.709650532366595,0
2024-12-07 09:00:00,1579.248776,1667.1738,1667.7561,1693.3043,1668.0970428341493,1564.4801718310243,1771.8440711087587,-88.8482668341494,0
2024-12-07 10:00:00,1426.941511,1649.3257,1658.7426,1676.6415,1656.7300439947398,1553.1131729916149,1760.4770722693493,-229.78853299473985,0
2024-12-07 11:00:00,1596.314388,1657.9607,1663.6229,1675.427,1664.9832688101362,1561.3663978070113,1768.7302970847456,-68.66888081013622,0
2024-12-07 12:00:00,1598.731426,1633.0634,1664.2284,1681.8683,1651.9472777430326,1548.3304067399076,1755.694306017642,-53.215851743032545,0
2024-12-07 13:00:00,1671.587647,1674.1151,1670.9714,1691.2102,1674.4594460129383,1570.8425750098133,1778.2064742875477,-2.8717990129382542,0
2024-12-07 14:00:00,1630.960322,1718.5566,1686.606,1705.4749,1704.3132436555818,1600.6963726524568,1808.0602719301912,-73.3529216555819,0
2024-12-07 15:00:00,1673.262461,1726.8125,1704.505,1735.467,1714.6954637191748,1611.0785927160498,1818.4424919937842,-41.43300271917474,0
2024-12-07 16:00:00,1734.062616,1745.6564,1724.3159,1745.6355,1736.6437137474686,1633.0268427443436,1840.390742022078,-2.581097747468675,0
2024-12-07 17:00:00,1739.03181,1809.1138,1747.8506,1777.137,1777.4038458960224,1673.7869748928974,1881.1508741706318,-38.37203589602245,0
2024-12-07 18:00:00,1941.370647,1827.8137,1776.0017,1798.3269,1803.0325291559773,1699.4156581528523,1906.7795574305867,138.3381178440227,1
2024-12-07 19:00:00,1871.437201,1842.6378,1802.09,1832.557,1821.8959400754693,1718.2790690723443,1925.6429683500787,49.54126092453066,1
2024-12-07 20:00:00,1844.036336,1826.8666,1830.395,1853.6448,1831.2213301482634,1727.6044591451384,1934.9683584228728,12.815005851736487,1
2024-12-07 21:00:00,1764.528756,1872.3907,1845.651,1867.33,1861.441649842092,1757.824778838967,1965.1886781167013,-96.91289384209199,1
2024-12-07 22:00:00,1843.079345,1822.4764,1855.0929,1872.7435,1843.6536120792114,1740.0367410760864,1947.4006403538208,-0.5742670792112676,0
2024-12-07 23:00:00,1906.051216,1924.5311,1850.987,1872.2462,1889.262095902496,1785.645224899371,1993.0091241771054,16.78912009750411,0
2024-12-08 00:00:00,1871.461338,1921.8721,1849.3889,1853.3302,1891.5257262673251,1787.9088552642002,1995.2727545419345,-20.064388267325057,0
2024-12-08 01:00:00,1853.932687,1885.0698,1828.4348,1875.8947,1851.8311370328292,1748.2142660297043,1955.5781653074387,2.1015499671707403,0
2024-12-08 02:00:00,1819.106939,1799.3835,1803.1599,1853.4764,1796.8014610683326,1693.1845900652077,1900.548489342942,22.305477931667383,0
2024-12-08 03:00:00,1922.910012,1850.0397,1768.067,1836.828,1797.6798108438302,1694.0629398407052,1901.4268391184396,125.23020115616987,0
2024-12-08 04:00:00,1772.796725,1788.057,1740.6595,1797.7402,1756.5069585018311,1652.8900874987062,1860.2539867764406,16.289766498168774,0
2024-12-08 05:00:00,1838.646253,1750.9945,1711.9868,1779.6284,1720.9280695940286,1617.3111985909036,1824.675097868638,117.71818340597133,0
2024-12-08 06:00:00,1708.259707,1714.5559,1680.7103,1727.3119,1692.2588264082567,1588.6419554051317,1796.0058546828661,16.000880591743226,0
2024-12-08 07:00:00,1796.539768,1737.4452,1655.0043,1714.341,1686.3140242013092,1582.6971531981842,1790.0610524759186,110.22574379869093,0
2024-12-08 08:00:00,1690.24947,1678.6022,1637.4827,1686.9703,1651.4240669767603,1547.8071959736353,1755.1710952513697,38.82540302323969,0
2024-12-08 09:00:00,1805.034654,1626.477,1623.3209,1680.0078,1617.210795678315,1513.59392467519,1720.9578239529244,187.82385832168507,0
2024-12-08 10:00:00,1784.789992,1686.1572,1612.3833,1665.1842,1640.8672293851125,1537.2503583819876,1744.614257659722,143.92276261488746,0
2024-12-08 11:00:00,1508.338594,1687.5157,1615.2002,1662.2151,1644.4745608955786,1540.8576898924537,1748.221589170188,-136.13596689557858,0
2024-12-08 12:00:00,1595.81898,1617.6941,1622.3455,1667.1985,1615.4953301672972,1511.8784591641722,1719.2423584419066,-19.676350167297187,0
2024-12-08 13:00:00,1674.252331,1641.5986,1628.9293,1676.8354,1629.6253703756815,1526.0084993725566,1733.372398650291,44.62696062431837,0
2024-12-08 14:00:00,1740.344098,1682.0582,1646.8038,1698.1356,1657.5549406956068,1553.9380696924818,1761.3019689702162,82.78915730439326,0
2024-12-08 15:00:00,1768.640129,1736.4949,1666.3823,1723.0687,1692.5710043100119,1588.954133306887,1796.3180325846213,76.06912468998803,0
2024-12-08 16:00:00,1871.449641,1738.5474,1689.6548,1763.0774,1701.6708646729037,1598.0539936697787,1805.417892947513,169.77877632709624,0
2024-12-08 17:00:00,1767.248957,1779.9098,1717.1256,1797.2054,1734.3079769769906,1630.6911059738657,1838.0550052516,32.94098002300939,0
2024-12-08 18:00:00,1757.058404,1802.0875,1745.8685,1831.569,1758.7276013831283,1655.1107303800034,1862.4746296577378,-1.6691973831282212,1
2024-12-08 19:00:00,1712.352412,1792.6819,1782.7979,1868.3943,1773.8694180255445,1670.2525470224195,1877.616446300154,-61.51700602554456,1
2024-12-08 20:00:00,1909.497807,1808.8573,1820.6984,1890.9202,1805.597200999728,1701.9803299966031,1909.3442292743375,103.90060600027186,1
2024-12-08 21:00:00,1858.664225,1816.999,1851.0455,1928.4058,1823.7864330589716,1720.1695620558467,1927.533461333581,34.87779194102836,1
2024-12-08 22:00:00,1894.67806,1820.4448,1882.2893,1954.7314,1843.2606634083058,1739.6437924051809,1947.0076916829153,51.417396591694114,0
2024-12-08 23:00:00,1962.149174,1919.467,1914.9928,1958.162,1915.2803129755769,1811.663441972452,2019.0273412501863,46.86886102442304,0
2024-12-09 00:00:00,2173.3842,2115.751,1950.1967,1978.4746,2031.4028166843775,1927.7859456812525,2135.1498449589867,141.98138331562245,0
2024-12-09 01:00:00,2116.202962,2106.0474,2030.9535,2059.851,2069.4852009123274,1965.8683299092024,2173.232229186937,46.71776108767244,0
2024-12-09 02:00:00,2100.682922,2120.2065,2061.4841,2114.8462,2086.2603965854264,1982.6435255823014,2190.007424860036,14.422525414573556,0
2024-12-09 03:00:00,1910.476784,2089.7656,2064.9365,2095.687,2079.2866374796936,1975.6697664765686,2183.033665754303,-168.80985347969363,0
2024-12-09 04:00:00,1885.954359,2014.4841,2042.0134,2063.1855,2033.61633173272,1929.999460729595,2137.3633600073294,-147.66197273271996,0
2024-12-09 05:00:00,2013.47994,1984.4407,2002.2836,2007.0553,2002.3377122927711,1898.7208412896462,2106.0847405673803,11.142227707228813,0
2024-12-09 06:00:00,2070.419749,1973.0182,1966.6974,1976.0544,1976.8359896105803,1873.2191186074554,2080.5830178851897,93.58375938941981,0
2024-12-09 07:00:00,1951.52712,1973.5675,1935.5145,1937.3492,1962.4476483632557,1858.8307773601307,2066.194676637865,-10.920528363255698,0
2024-12-09 08:00:00,2151.779655,1908.019,1914.318,1932.7494,1915.7170040778528,1812.1001330747279,2019.4640323524623,236.062650922147,0
2024-12-09 09:00:00,1868.429403,1977.3141,1896.819,1898.8805,1943.636635304384,1840.019764301259,2047.3836635789935,-75.20723230438398,0
2024-12-09 10:00:00,2001.243963,1938.51,1887.4958,1903.0509,1916.756524690006,1813.139653686881,2020.5035529646154,84.48743830999388,0
2024-12-09 11:00:00,1922.565208,1921.207,1882.9746,1895.8109,1906.7871383730148,1803.1702673698899,2010.5341666476243,15.778069626985143,0
2024-12-09 12:00:00,1886.138576,1949.3854,1884.5374,1907.4625,1918.5113520934915,1814.8944810903665,2022.258380368101,-32.37277609349144,0
2024-12-09 13:00:00,1951.839347,1928.7554,1898.7559,1921.5161,1916.2562368884842,1812.6393658853592,2020.0032651630936,35.58311011151591,0
2024-12-09 14:00:00,2018.040354,1907.9846,1916.8862,1937.6362,1916.477385412687,1812.860514409562,2020.2244136872964,101.56296858731298,0
2024-12-09 15:00:00,2069.973814,1983.3212,1939.3701,1954.768,1965.7178022217263,1862.1009312186013,2069.4648304963357,104.25601177827366,0
2024-12-09 16:00:00,2090.052013,2005.1898,1966.2777,2000.955,1985.5603658953528,1881.9434948922278,2089.307394169962,104.4916471046472,0
2024-12-09 17:00:00,1956.436018,2025.7336,2000.35,2020.9666,2017.0081527377997,1913.3912817346747,2120.755181012409,-60.572134737799615,0
2024-12-09 18:00:00,1979.91009,2064.6821,2028.9418,2053.0728,2049.883432844684,1946.2665618415592,2153.6304611192936,-69.97334284468411,1
2024-12-09 19:00:00,2206.063194,2076.3457,2064.7085,2083.7986,2075.711289831664,1972.0944188285391,2179.4583181062735,130.35190416833575,1
2024-12-09 20:00:00,2159.963675,2093.3154,2088.1008,2115.7903,2094.0517353461933,1990.4348643430683,2197.7987636208027,65.91193965380671,1
2024-12-09 21:00:00,2118.47628,2122.4294,2114.5764,2127.5427,2125.7241446963717,2022.1072736932467,2229.471172970981,-7.247864696371835,1
2024-12-09 22:00:00,2076.532468,2120.8413,2128.067,2144.822,2131.169234872268,2027.5523638691432,2234.9162631468776,-54.636766872268254,0
2024-12-09 23:00:00,2149.078964,2156.7217,2137.1597,2150.8367,2153.897066727168,2050.2801957240426,2257.6440950017773,-4.818102727168025,0
2024-12-10 00:00:00,2233.662934,2123.5532,2135.9658,2134.5852,2141.2443288245126,2037.6274578213877,2244.991357099122,92.4186051754873,0
2024-12-10 01:00:00,1992.869472,2156.5369,2112.4255,2102.5386,2146.6397664823517,2043.0228954792267,2250.386794756961,-153.77029448235157,0
2024-12-10 02:00:00,1924.317647,2082.2756,2091.1584,2080.0881,2100.2117289218154,1996.5948579186904,2203.958757196425,-175.8940819218153,0
2024-12-10 03:00:00,2102.195212,2070.5693,2066.0527,2055.072,2081.275410620528,1977.658539617403,2185.0224388951374,20.91980137947212,0
2024-12-10 04:00:00,2085.830652,2051.577,2037.2235,2021.6534,2058.069135180803,1954.4522641776782,2161.8161634554126,27.761516819196913,0
2024-12-10 05:00:00,2003.770106,2068.398,2004.5435,1994.1996,2047.425936692568,1943.809065689443,2151.1729649671774,-43.65583069256809,0
2024-12-10 06:00:00,1980.585043,1990.6719,1974.8464,1962.8513,1994.9877993575567,1891.3709283544317,2098.734827632166,-14.402756357556655,0
2024-12-10 07:00:00,1898.383802,1922.6559,1948.4215,1941.3258,1947.2632173826912,1843.6463463795662,2051.0102456573004,-48.87941538269115,0
2024-12-10 08:00:00,1998.037143,1929.6279,1925.2233,1927.335,1935.9463241084027,1832.3294531052777,2039.693352383012,62.09081889159734,0
2024-12-10 09:00:00,1861.975995,1956.8313,1913.872,1907.5653,1945.0316343785573,1841.4147633754324,2048.7786626531665,-83.05563937855732,0
2024-12-10 10:00:00,1966.13547,1932.0448,1909.2916,1916.5977,1927.3283429221935,1823.7114719190686,2031.075371196803,38.8071270778064,0
2024-12-10 11:00:00,1876.003294,1888.6395,1910.7651,1904.3431,1910.8701728642407,1807.2533018611157,2014.61720113885,-34.86687886424056,0
2024-12-10 12:00:00,2000.798983,1858.0496,1914.1426,1917.9678,1895.4731873737414,1791.8563163706165,1999.2202156483509,105.32579562625847,0
2024-12-10 13:00:00,1858.262609,1923.0509,1923.6582,1918.3788,1933.8466635952375,1830.2297925921125,2037.593691869847,-75.58405459523738,0
2024-12-10 14:00:00,2024.008771,1949.9507,1940.4918,1936.7661,1955.2264253598073,1851.6095543566823,2058.9734536344167,68.78234564019272,0
2024-12-10 15:00:00,2010.013736,1957.3206,1967.129,1941.6687,1978.381937359764,1874.765066356639,2082.1289656343733,31.631798640236184,0
2024-12-10 16:00:00,1947.048354,1991.1409,1988.7896,1973.2456,2003.5110531959224,1899.8941821927974,2107.2580814705316,-56.46269919592237,0
2024-12-10 17:00:00,1941.153625,1987.6317,2013.0692,1997.4529,2014.7436320272848,1911.1267610241598,2118.490660301894,-73.59000702728486,0
2024-12-10 18:00:00,2215.748692,2048.896,2038.6863,2030.6456,2055.661580799197,1952.044709796072,2159.4086090738065,160.08711120080307,1
2024-12-10 19:00:00,2157.925929,2109.4592,2065.503,2052.9402,2099.942171223443,1996.325300220318,2203.6891994980524,57.98375777655701,1
2024-12-10 20:00:00,1958.132799,2105.3562,2087.033,2083.9355,2107.0189439354076,2003.4020729322826,2210.765972210017,-148.88614493540763,1
2024-12-10 21:00:00,2138.368076,2100.6067,2103.8455,2107.8591,2111.878469297911,2008.2615982947862,2215.6254975725205,26.489606702089077,1
2024-12-10 22:00:00,2208.89707,2096.0579,2117.7168,2118.542,2117.877936316756,2014.261065313631,2221.6249645913654,91.01913368324404,0
2024-12-10 23:00:00,2085.026383,2130.507,2122.3838,2120.32,2137.5255276934267,2033.9086566903018,2241.272555968036,-52.49914469342684,0
2024-12-11 00:00:00,2009.363067,2105.7122,2127.4321,2114.4763,2131.128580704414,2027.5117097012892,2234.8756089790236,-121.76551370441416,0
2024-12-11 01:00:00,2116.833344,2084.2278,2107.4336,2090.9404,2111.1547814564224,2007.5379104532974,2214.901809731032,5.678562543577755,0
2024-12-11 02:00:00,2348.428211,2107.9187,2089.1882,2068.485,2113.839639162439,2010.2227681593142,2217.5866674370486,234.58857183756072,0
2024-12-11 03:00:00,2107.402566,2135.433,2064.7449,2041.0831,2114.7423219189423,2011.1254509158173,2218.4893501935517,-7.339755918942046,0
2024-12-11 04:00:00,1999.647154,2045.459,2041.7883,2030.7332,2056.4307347584713,1952.8138637553463,2160.1777630330807,-56.78358075847132,0
2024-12-11 05:00:00,2060.022355,2046.6898,2013.6715,2001.3805,2042.404921658314,1938.788050655189,2146.1519499329233,17.617433341686137,0
2024-12-11 06:00:00,1968.454533,1982.4839,1987.512,1977.1266,1997.396730512611,1893.779859509486,2101.14375878722,-28.942197512610846,0
2024-12-11 07:00:00,1977.357745,1986.9893,1962.9312,1959.6827,1984.6925537645993,1881.0756827614744,2088.4395820392087,-7.334808764599302,0
2024-12-11 08:00:00,1905.070528,1960.4973,1940.1572,1944.3835,1958.0700698643404,1854.4531988612155,2061.81709813895,-52.99954186434047,0
2024-12-11 09:00:00,2037.999015,1913.0963,1928.5818,1934.5642,1928.8610568366198,1825.2441858334948,2032.6080851112292,109.13795816338029,0
2024-12-11 10:00:00,1967.019881,1934.3162,1913.7988,1941.3242,1925.689982477114,1822.073111473989,2029.4370107517234,41.32989852288597,0
2024-12-11 11:00:00,2010.075658,1927.6307,1911.2994,1937.0161,1921.6304227913356,1818.0135517882106,2025.377451065945,88.44523520866437,0
2024-12-11 12:00:00,1848.510946,1932.9724,1918.0461,1940.7998,1928.5105333784618,1824.8936623753368,2032.2575616530712,-79.99958737846168,0
2024-12-11 13:00:00,1980.121241,1917.9572,1927.3052,1942.9237,1928.0653255752136,1824.4484545720886,2031.812353849823,52.05591542478646,0
2024-12-11 14:00:00,2001.085135,1960.3829,1940.8884,1957.4711,1955.277854571934,1851.6609835688091,2059.0248828465433,45.80728042806595,0
2024-12-11 15:00:00,1878.822993,2015.0133,1965.8682,1979.8932,1995.2551783651552,1891.6383073620302,2099.0022066397646,-116.43218536515519,0
2024-12-11 16:00:00,1862.459565,2000.0084,1990.6606,2010.8729,1999.6906698996966,1896.0737988965716,2103.4376981743058,-137.23110489969645,0
2024-12-11 17:00:00,2051.658106,2055.5715,2018.8562,2039.604,2041.037743292095,1937.42087228897,2144.7847715667044,10.62036270790486,0
2024-12-11 18:00:00,2005.274038,2075.1338,2042.2068,2056.1038,2064.5016428054037,1960.8847718022787,2168.248671080013,-59.227604805403644,1
2024-12-11 19:00:00,2164.283129,2097.851,2067.2378,2071.2773,2091.1237658666323,1987.5068948635073,2194.8707941412417,73.1593631333676,1
2024-12-11 20:00:00,2107.495733,2068.587,2095.704,2094.4094,2093.619522693878,1990.002651690753,2197.3665509684874,13.876210306122175,1
2024-12-11 21:00:00,2302.457564,2109.7979,2111.284,2125.7205,2117.57656361012,2013.959692606995,2221.3235918847295,184.88100038987977,1
2024-12-11 22:00:00,2172.169811,2154.435,2120.3962,2124.2957,2146.380467892439,2042.763596889314,2250.1274961670483,25.789343107561308,0
2024-12-11 23:00:00,2248.504192,2096.5798,2127.3818,2128.188,2123.262523528474,2019.645652525349,2227.0095518030835,125.24166847152583,0
2024-12-12 00:00:00,2050.754779,2169.2415,2118.1401,2118.001,2153.2701312148824,2049.6532602117572,2257.017159489492,-102.51535221488257,0
2024-12-12 01:00:00,2034.821277,2098.7925,2109.8372,2108.9695,2115.428251703682,2011.8113807005568,2219.175279978291,-80.60697470368177,0
2024-12-12 02:00:00,2086.385311,2033.4491,2089.624,2079.2769,2075.9140217541362,1972.2971507510113,2179.6610500287456,10.471289245863773,0
2024-12-12 03:00:00,2004.266692,2056.5796,2064.4282,2038.5629,2077.5024571050803,1973.8855861019554,2181.2494853796898,-73.23576510508042,0
2024-12-12 04:00:00,2175.319968,2000.9158,2034.2212,2004.5258,2035.8729617067377,1932.2560907036127,2139.619989981347,139.44700629326212,0
2024-12-12 05:00:00,2100.533768,2057.1052,2002.2662,1984.5645,2042.6894772871096,1939.0726062839847,2146.436505561719,57.84429071289014,0
2024-12-12 06:00:00,1846.531205,1988.7747,1980.233,1959.0704,1999.2610186510005,1895.6441476478756,2103.00804692561,-152.72981365100054,0
2024-12-12 07:00:00,2107.495373,1962.8911,1952.3762,1942.3889,1969.29448247088,1865.677611467755,2073.041510745489,138.20089052912022,0
2024-12-12 08:00:00,1958.213383,1996.2113,1930.26,1919.791,1973.5764851089018,1869.9596141057768,2077.323513383511,-15.363102108901785,0
2024-12-12 09:00:00,1913.754063,1928.6387,1914.9747,1916.3214,1930.2273416046378,1826.6104706015128,2033.9743698792472,-16.4732786046377,0
2024-12-12 10:00:00,1891.166713,1915.2618,1904.6211,1904.2017,1918.7944135365578,1815.1775425334329,2022.5414418111673,-27.627700536557768,0
2024-12-12 11:00:00,1880.248701,1909.4542,1904.4873,1916.7563,1912.7421571637635,1809.1252861606386,2016.489185438373,-32.49345616376354,0
2024-12-12 12:00:00,2018.812708,1915.7516,1906.9044,1917.8387,1917.368053518504,1813.751182515379,2021.1150817931134,101.44465448149595,0
2024-12-12 13:00:00,1817.514191,1922.0681,1922.0654,1931.0093,1928.9340768833754,1825.3172058802504,2032.6811051579848,-111.4198858833754,0
2024-12-12 14:00:00,1899.476023,1965.8365,1937.8385,1960.2654,1954.7828663087037,1851.1659953055787,2058.529894583313,-55.30684330870372,0
2024-12-12 15:00:00,2053.938642,1988.2852,1959.3568,1980.2347,1977.3102608860186,1873.6933898828936,2081.057289160628,76.6283811139815,0
2024-12-12 16:00:00,1992.984491,2029.8989,1986.9352,2004.8152,2012.5668773018845,1908.9500062987595,2116.3139055764937,-19.582386301884526,0
2024-12-12 17:00:00,2041.557787,2058.1968,2009.3615,2048.5073,2032.5960582813796,1928.9791872782546,2136.343086555989,8.961728718620407,0
2024-12-12 18:00:00,2064.606447,2093.992,2038.2336,2063.8787,2068.419774732971,1964.8029037298459,2172.1668030075803,-3.81332773297072,1
2024-12-12 19:00:00,2000.655613,2123.7332,2072.3145,2084.3862,2104.137823985993,2000.5209529828678,2207.884852260602,-103.48221098599288,1
2024-12-12 20:00:00,2085.410277,2124.815,2103.269,2106.6226,2123.2917565662624,2019.6748855631374,2227.038784840872,-37.88147956626244,1
2024-12-12 21:00:00,2100.612694,2126.277,2114.0369,2117.1372,2129.7696445345023,2026.1527735313773,2233.5166728091117,-29.156950534502357,1
2024-12-12 22:00:00,2178.949952,2143.7742,2120.2034,2111.6035,2144.3526139057735,2040.7357429026486,2248.099642180383,34.597338094226416,0
2024-12-12 23:00:00,2111.441467,2157.368,2119.0718,2098.9023,2153.165669554901,2049.5487985517757,2256.9126978295103,-41.724202554900785,0
2024-12-13 00:00:00,2123.581093,2100.1902,2097.119,2088.1448,2111.394452816658,2007.777581813533,2215.1414810912675,12.186640183341751,0
2024-12-13 01:00:00,2093.960993,2075.4421,2081.709,2071.8057,2091.639297577102,1988.0224265739769,2195.3863258517113,2.3216954228983013,0
2024-12-13 02:00:00,2115.043574,2071.923,2063.0056,2046.0874,2081.805883181687,1978.189012178562,2185.5529114562964,33.237690818312785,0
2024-12-13 03:00:00,2009.588634,2104.1443,2042.9705,2025.7067,2086.6337346171217,1983.0168636139967,2190.380762891731,-77.04510061712176,0
2024-12-13 04:00:00,2019.258345,2039.2578,2017.0248,2006.5995,2040.166446827266,1936.5495758241411,2143.9134751018755,-20.908101827266137,0
2024-12-13 05:00:00,2192.050962,1986.2861,1983.6622,1972.4143,1997.385749220276,1893.768878217151,2101.1327774948854,194.6652127797238,0
2024-12-13 06:00:00,2008.212917,2001.7494,1952.4583,1939.9727,1988.513352648659,1884.896481645534,2092.2603809232683,19.699564351340996,0
2024-12-13 07:00:00,1956.940251,1959.6771,1922.9214,1923.6742,1949.4077296906635,1845.7908586875385,2053.154757965273,7.532521309336516,0
2024-12-13 08:00:00,1926.585242,1897.0651,1903.3793,1899.2609,1910.3873494158643,1806.7704784127393,2014.1343776904737,16.197892584135843,0
2024-12-13 09:00:00,2066.228787,1920.8185,1882.2114,1891.0187,1907.2158183120796,1803.5989473089546,2010.962846586689,159.01296868792042,0
2024-12-13 10:00:00,2054.861333,1989.8939,1878.4106,1879.4373,1940.1295337747483,1836.5126627716234,2043.8765620493577,114.7317992252515,0
2024-12-13 11:00:00,1926.562755,1917.6962,1880.2809,1890.3867,1904.3725055427697,1800.7556345396447,2008.119533817379,22.190249457230266,0
2024-12-13 12:00:00,1817.749442,1933.284,1890.643,1907.7249,1915.547062899927,1811.930191896802,2019.2940911745363,-97.79762089992687,0
2024-12-13 13:00:00,1911.961584,1934.7405,1906.068,1910.6277,1927.5982112376378,1823.9813402345128,2031.3452395122472,-15.636627237637867,0
2024-12-13 14:00:00,1998.083632,1944.2358,1927.2887,1934.3984,1942.7493507729926,1839.1324797698676,2046.496379047602,55.33428122700752,0
2024-12-13 15:00:00,1804.010766,2017.4818,1950.7401,1955.8629,1990.6544421456751,1887.0375711425502,2094.4014704202846,-186.64367614567504,0
2024-12-13 16:00:00,2111.17878,1976.8313,1979.9332,1982.6448,1987.3629824948398,1883.7461114917148,2091.110010769449,123.81579750516039,0
2024-12-13 17:00:00,2147.58949,2023.3158,2002.189,2002.6836,2021.9208411598306,1918.3039701567056,2125.66786943444,125.66864884016923,0
2024-12-13 18:00:00,2049.447321,2071.8235,2030.7874,2041.18,2057.7464297443053,1954.1295587411803,2161.4934580189147,-8.299108744305158,1
2024-12-13 19:00:00,2047.10038,2075.7412,2053.4448,2067.6116,2070.688969514845,1967.0720985117202,2174.4359977894546,-23.588589514845125,1
2024-12-13 20:00:00,2100.346221,2100.6348,2067.1587,2077.991,2090.6918019123536,1987.0749309092287,2194.438830186963,9.654419087646147,1
2024-12-13 21:00:00,2308.078115,2106.296,2076.0781,2081.9338,2099.3871213883267,1995.7702503852017,2203.134149662936,208.6909936116731,1
2024-12-13 22:00:00,2122.066009,2152.081,2075.4885,2073.951,2122.7932897292335,2019.1764187261085,2226.540318003843,-0.727280729233371,0
2024-12-13 23:00:00,2233.642148,2113.4924,2050.7673,2064.2134,2087.4649791649163,1983.8481081617913,2191.2120074395257,146.17716883508365,0
2024-12-14 00:00:00,1880.417685,1880.3956,2005.226,2049.218,1944.3273480627436,1840.7104770596186,2048.074376337353,-63.909663062743675,0
2024-12-14 01:00:00,1768.915078,1819.3888,1896.3632,1936.4933,1858.4018205668874,1754.7849495637624,1962.1488488414968,-89.48674256688741,0
2024-12-14 02:00:00,1878.52665,1829.1957,1837.4264,1880.8024,1830.974039404305,1727.35716840118,1934.7210676789143,47.552610595695114,0
2024-12-14 03:00:00,1718.968814,1784.067,1806.1593,1821.5359,1799.9233653571016,1696.3064943539766,1903.670393631711,-80.95455135710154,0
2024-12-14 04:00:00,1835.669373,1758.1494,1771.0723,1789.2877,1768.2112880948368,1664.5944170917119,1871.9583163694463,67.4580849051631,0
2024-12-14 05:00:00,1752.14957,1801.99,1739.3688,1760.9468,1771.4517772525248,1667.8349062493999,1875.1988055271343,-19.302207252524795,0
2024-12-14 06:00:00,1658.746324,1704.07,1715.4749,1729.7509,1713.887045731663,1610.270174728538,1817.6340740062724,-55.14072173166301,0
2024-12-14 07:00:00,1641.549396,1752.6089,1685.4307,1713.509,1717.6094824789166,1613.9926114757916,1821.356510753526,-76.06008647891667,0
2024-12-14 08:00:00,1755.038654,1720.1083,1669.9707,1687.9946,1696.4366252594205,1592.8197542562955,1800.1836535340299,58.6020287405795,0
2024-12-14 09:00:00,1680.807209,1689.1445,1661.8337,1677.0929,1678.0405018924357,1574.4236308893107,1781.7875301670451,2.7667071075643435,0
2024-12-14 10:00:00,1815.847203,1641.1533,1661.1675,1675.6776,1654.9746965416948,1551.3578255385698,1758.7217248163042,160.87250645830522,0
2024-12-14 11:00:00,1730.455706,1660.8491,1660.2288,1683.1482,1661.747985037803,1558.131114034678,1765.4950133124123,68.70772096219707,0
2024-12-14 12:00:00,1663.154667,1670.4396,1662.565,1690.8429,1666.2092003101761,1562.5923293070512,1769.9562285847855,-3.0545333101761116,0
2024-12-14 13:00:00,1773.377332,1673.6292,1673.1948,1704.9592,1672.4921774701274,1568.8753064670025,1776.2392057447369,100.88515452987258,0
2024-12-14 14:00:00,1498.526804,1738.219,1685.518,1726.6614,1707.4838181102846,1603.8669471071596,1811.230846384894,-208.9570141102845,0
2024-12-14 15:00:00,1588.994173,1693.5032,1704.1401,1743.7495,1696.4189011005315,1592.8020300974065,1800.1659293751409,-107.42472810053141,0
2024-12-14 16:00:00,1787.575295,1709.6526,1725.8666,1766.8223,1715.3183624161886,1611.7014914130636,1819.065390690798,72.25693258381148,0
2024-12-14 17:00:00,1722.961229,1815.8301,1753.478,1791.622,1781.3555199435084,1677.7386489403834,1885.1025482181178,-58.394290943508395,0
2024-12-14 18:00:00,1713.880086,1815.0343,1780.5304,1820.1763,1794.9565613180991,1691.3396903149742,1898.7035895927086,-81.07647531809926,1
2024-12-14 19:00:00,1971.067984,1803.4507,1800.1174,1834.1752,1801.2402177329293,1697.6233467298043,1904.9872460075387,169.82776626707073,1
2024-12-14 20:00:00,1829.413282,1864.3759,1816.3065,1875.2167,1832.620990930266,1729.0041199271411,1936.3680192048755,-3.207708930266108,1
2024-12-14 21:00:00,1841.659508,1888.9911,1831.9172,1870.1493,1857.8853838944237,1754.2685128912988,1961.6324121690332,-16.22587589442378,1
2024-12-14 22:00:00,1929.924661,1866.1261,1839.5706,1894.7484,1846.7500839653926,1743.1332129622676,1950.497112240002,83.17457703460741,0
2024-12-14 23:00:00,1789.560967,1885.4064,1840.4447,1888.8268,1858.1338832571168,1754.5170122539919,1961.8809115317263,-68.57291625711696,0
2024-12-15 00:00:00,1988.418139,1838.7346,1837.6178,1878.7445,1836.1966681676174,1732.5797971644924,1939.9436964422268,152.2214708323827,0
2024-12-15 01:00:00,1916.217506,1877.7734,1815.252,1880.3022,1836.901280730414,1733.2844097272891,1940.6483090050235,79.31622526958586,0
2024-12-15 02:00:00,1759.845562,1834.7393,1792.6647,1868.7811,1801.5753269186887,1697.9584559155637,1905.322355193298,-41.729764918688716,0
2024-12-15 03:00:00,1849.962116,1778.8438,1766.0117,1853.9344,1757.7664062145473,1654.1495352114223,1861.5134344891567,92.19570978545266,0
2024-12-15 04:00:00,1755.519757,1800.2264,1735.5162,1812.6235,1754.517787101744,1650.900916098619,1858.2648153763535,1.001969898255993,0
2024-12-15 05:00:00,1807.797727,1768.215,1707.0714,1770.5055,1727.6007823475495,1623.9839113444245,1831.347810622159,80.19694465245038,0
2024-12-15 06:00:00,1710.462371,1736.2262,1682.2616,1742.7266,1699.9164295806997,1596.2995585775748,1803.6634578553092,10.545941419300334,0
2024-12-15 07:00:00,1746.655459,1735.5334,1656.633,1715.2938,1686.4373558907316,1582.8204848876067,1790.184384165341,60.21810310926844,0
2024-12-15 08:00:00,1823.470592,1701.9685,1639.6796,1696.6326,1661.8522881890226,1558.2354171858976,1765.599316463632,161.6183038109773,0
2024-12-15 09:00:00,1660.397282,1726.8135,1631.5966,1684.2784,1670.4980171893858,1566.8811461862608,1774.2450454639952,-10.100735189385887,0
2024-12-15 10:00:00,1691.454199,1675.7094,1629.0359,1676.4576,1646.082248898512,1542.465377895387,1749.8292771731215,45.37195010148798,0
2024-12-15 11:00:00,1647.517684,1608.323,1631.7747,1670.4302,1617.5966825144324,1513.9798115113074,1721.3437107890418,29.921001485567558,0
2024-12-15 12:00:00,1574.513412,1615.1611,1631.5029,1675.7982,1619.2889234936001,1515.6720524904752,1723.0359517682095,-44.775511493600106,0
2024-12-15 13:00:00,1644.4612,1630.9989,1635.0743,1682.7439,1627.8890622864508,1524.2721912833258,1731.6360905610602,16.572137713549182,0
2024-12-15 14:00:00,1738.865882,1683.6361,1647.6754,1700.2299,1658.461294421645,1554.8444234185201,1762.2083226962545,80.40458757835495,0
2024-12-15 15:00:00,1737.263353,1708.6624,1664.6226,1723.2351,1677.8677815490692,1574.2509105459442,1781.6148098236786,59.3955714509309,0
2024-12-15 16:00:00,1702.246541,1728.6412,1690.2861,1753.5034,1699.8604203417476,1596.2435493386226,1803.607448616357,2.3861206582523664,0
2024-12-15 17:00:00,1813.378684,1776.0249,1722.901,1800.7523,1736.0837062765852,1632.4668352734602,1839.8307345511946,77.29497772341483,0
2024-12-15 18:00:00,1710.329979,1809.9525,1752.9342,1830.6371,1768.2547671781085,1664.6378961749836,1872.001795452718,-57.92478817810843,1
2024-12-15 19:00:00,1829.056035,1794.5072,1781.3992,1867.354,1773.9073129525282,1670.2904419494032,1877.6543412271376,55.14872204747189,1
2024-12-15 20:00:00,1829.896283,1822.6093,1817.5092,1888.8079,1810.1942735622233,1706.5774025590983,1913.9413018368327,19.702009437776724,1
2024-12-15 21:00:00,1986.664618,1838.5208,1857.8995,1921.6018,1841.150202259057,1737.5333312559321,1944.8972305336665,145.51441574094292,1
2024-12-15 22:00:00,1832.280597,1881.6016,1900.3375,1956.1213,1886.239871601301,1782.623000598176,1989.9868998759105,-53.959274601301104,0
2024-12-15 23:00:00,1943.941521,1879.6958,1926.7574,1985.0187,1898.728725529928,1795.111854526803,2002.4757538045374,45.212795470072024,0
2024-12-16 00:00:00,2047.55296,2138.3188,1956.664,1979.8538,2046.892603485196,1943.2757324820711,2150.6396317598055,0.6603565148038797,0
2024-12-16 01:00:00,2137.697267,2096.1042,2039.551,2060.8796,2071.2190326880605,1967.6021616849355,2174.96606096267,66.47823431193956,0
2024-12-16 02:00:00,1996.040859,2096.3445,2065.2793,2091.403,2083.7784792720195,1980.1616082688945,2187.525507546629,-87.73762027201951,0
2024-12-16 03:00:00,1990.344971,2031.9281,2057.2827,2079.0657,2049.8918363286125,1946.2749653254875,2153.638864603222,-59.54686532861251,0
2024-12-16 04:00:00,2188.599058,1999.598,2028.0754,2042.8768,2020.7252527079859,1917.108381704861,2124.4722809825953,167.8738052920139,0
2024-12-16 05:00:00,1915.903909,2023.7288,1989.6226,1985.9976,2016.4891834816503,1912.8723124785254,2120.2362117562598,-100.58527448165023,0
2024-12-16 06:00:00,2011.66702,1952.7297,1955.355,1981.8406,1956.8001215892255,1853.1832505861005,2060.547149863835,54.86689841077464,0
2024-12-16 07:00:00,1937.227279,1974.1244,1925.1442,1941.6234,1953.503652866539,1849.886781863414,2057.250681141148,-16.27637386653896,0
2024-12-16 08:00:00,1878.669267,1940.5769,1899.8053,1924.8411,1921.8789764920211,1818.2621054888962,2025.6260047666306,-43.20970949202115,0
2024-12-16 09:00:00,1921.701243,1920.3147,1882.7194,1902.5792,1904.4490576706105,1800.8321866674855,2008.19608594522,17.252185329389476,0
2024-12-16 10:00:00,1942.08808,1954.1593,1866.6394,1901.3068,1908.3179372369834,1804.7010662338585,2012.0649655115928,33.770142763016565,0
2024-12-16 11:00:00,1934.803119,1942.3668,1872.9454,1918.1981,1903.360290925779,1799.743419922654,2007.1073192003885,31.44282807422087,0
2024-12-16 12:00:00,1866.295492,1954.8153,1880.3865,1917.3906,1915.3374726508746,1811.7206016477496,2019.084500925484,-49.04198065087462,0
2024-12-16 13:00:00,1745.224538,1922.599,1895.986,1927.0997,1909.7347952003777,1806.1179241972527,2013.481823474987,-164.51025720037774,0
2024-12-16 14:00:00,1968.336538,1902.0629,1917.4556,1942.715,1912.812985414787,1809.196114411662,2016.5600136893963,55.52355258521311,0
2024-12-16 15:00:00,1949.310747,1976.1508,1940.0648,1953.3936,1963.1882555354932,1859.5713845323683,2066.9352838101026,-13.877508535493234,0
2024-12-16 16:00:00,1984.3669,2004.355,1970.4824,1974.6641,1995.1085488777196,1891.4916778745946,2098.855577152329,-10.741648877719626,0
2024-12-16 17:00:00,1998.828225,2047.0881,1994.2363,2012.9888,2024.4247486937961,1920.8078776906711,2128.1717769684055,-25.596523693796144,0
2024-12-16 18:00:00,2141.090804,2061.5771,2025.602,2053.5366,2045.6666359881356,1942.0497649850106,2149.413664262745,95.42416801186437,1
2024-12-16 19:00:00,2200.241265,2123.3845,2057.4268,2090.0068,2090.880323469158,1987.2634524660332,2194.6273517437676,109.36094153084196,1
2024-12-16 20:00:00,1994.821378,2115.0981,2093.5544,2110.8557,2109.969493319133,2006.3526223160081,2213.7165215937425,-115.14811531913301,1
2024-12-16 21:00:00,2173.511518,2118.6384,2112.7346,2127.2437,2122.5470748152306,2018.9302038121057,2226.29410308984,50.96444318476915,1
2024-12-16 22:00:00,2040.208398,2106.1516,2123.0786,2135.1611,2122.6932576738636,2019.0763866707387,2226.440285948473,-82.48485967386364,0
2024-12-16 23:00:00,2193.449894,2151.318,2122.646,2138.28,2143.1188142489377,2039.5019432458128,2246.865842523547,50.331079751062134,0
2024-12-17 00:00:00,2109.51353,2143.3442,2124.5068,2130.1538,2142.8279096125893,2039.2110386094644,2246.5749378871988,-33.314379612589164,0
2024-12-17 01:00:00,1998.400048,2101.1533,2104.2112,2105.2336,2113.0901569435555,2009.4732859404305,2216.837185218165,-114.69010894355551,0
2024-12-17 02:00:00,2126.901653,2055.4243,2083.3723,2073.623,2082.930717953431,1979.3138469503062,2186.6777462280406,43.970935046568684,0
2024-12-17 03:00:00,2167.935919,2054.1523,2051.1655,2045.9749,2064.0735746812456,1960.4567036781207,2167.820602955855,103.86234431875437,0
2024-12-17 04:00:00,2005.437093,2053.5647,2022.0775,2009.2468,2050.2844882495156,1946.6676172463906,2154.031516524125,-44.84739524951556,0
2024-12-17 05:00:00,2138.79255,1989.0785,1996.2832,1981.5891,2006.289892316765,1902.67302131364,2110.0369205913744,132.50265768323516,0
2024-12-17 06:00:00,2063.697115,1979.7897,1965.7761,1956.4034,1984.3163956056496,1880.6995246025247,2088.063423880259,79.38071939435031,0
2024-12-17 07:00:00,1896.936252,1910.5193,1941.6201,1936.937,1937.250750365105,1833.63387936198,2040.9977786397144,-40.31449836510501,0
2024-12-17 08:00:00,1970.861225,1921.7324,1921.212,1911.8104,1932.9617268510283,1829.3448558479033,2036.7087551256377,37.899498148971816,0
2024-12-17 09:00:00,1915.168732,1922.8901,1908.406,1909.859,1923.9702148125298,1820.3533438094048,2027.7172430871392,-8.801482812529684,0
2024-12-17 10:00:00,1992.077703,1887.2999,1904.674,1906.2725,1904.9684509869667,1801.3515799838417,2008.715479261576,87.10925201303326,0
2024-12-17 11:00:00,1937.899081,1907.4137,1896.9049,1923.9369,1904.0087017028468,1800.3918306997218,2007.7557299774562,33.89037929715323,0
2024-12-17 12:00:00,1909.536117,1892.5786,1900.4537,1924.4624,1899.5780442432424,1795.9611732401174,2003.3250725178518,9.958072756757701,0
2024-12-17 13:00:00,1856.793317,1919.0791,1908.9147,1934.1047,1916.4168125407111,1812.7999415375862,2020.1638408153206,-59.62349554071125,0
2024-12-17 14:00:00,1913.48566,1934.3981,1926.2289,1944.9667,1934.5505660494566,1830.9336950463316,2038.297594324066,-21.064906049456567,0
2024-12-17 15:00:00,1969.807953,2003.444,1952.455,1946.8246,1987.5860910255283,1883.9692200224033,2091.3331193001377,-17.77813802552828,0
2024-12-17 16:00:00,2013.499356,1960.7893,1978.7781,1970.0978,1981.9762721621278,1878.3594011590028,2085.723300436737,31.523083837872264,0
2024-12-17 17:00:00,1953.324777,2018.2794,2001.1963,2008.2997,2017.3186744878492,1913.7018034847242,2121.0657027624584,-63.99389748784915,0
2024-12-17 18:00:00,2125.066057,2042.1439,2031.0594,2031.7351,2046.1857896635997,1942.5689186604748,2149.932817938209,78.88026733640027,1
2024-12-17 19:00:00,2218.581193,2109.311,2059.2766,2048.1003,2096.2154761780116,1992.5986051748866,2199.962504452621,122.36571682198837,1
2024-12-17 20:00:00,2104.226147,2077.7617,2087.3845,2080.2478,2095.059197698995,1991.44232669587,2198.8062259736043,9.166949301004934,1
2024-12-17 21:00:00,1947.148054,2106.0466,2101.4717,2110.5986,2111.9208002705304,2008.3039292674055,2215.66782854514,-164.77274627053043,1
2024-12-17 22:00:00,2105.635574,2090.4792,2117.8464,2120.7354,2114.7625564608907,2011.1456854577657,2218.5095847355,-9.126982460890758,0
2024-12-17 23:00:00,2058.387761,2100.222,2121.616,2114.9707,2123.8247259088903,2020.2078549057653,2227.5717541834997,-65.43696490889033,0
2024-12-18 00:00:00,2168.613759,2087.022,2123.471,2102.2324,2122.202041772773,2018.5851707696481,2225.9490700473825,46.411717227226745,0
2024-12-18 01:00:00,1926.135716,2108.062,2101.1267,2087.0923,2118.5585758433685,2014.9417048402436,2222.305604117978,-192.42285984336854,0
2024-12-18 02:00:00,2171.41284,2069.563,2086.6216,2071.9646,2092.6441318700486,1989.0272608669236,2196.391160144658,78.76870812995139,0
2024-12-18 03:00:00,1949.243354,2070.1726,2063.1096,2038.204,2083.0463402228593,1979.4294692197343,2186.7933684974687,-133.80298622285932,0
2024-12-18 04:00:00,2163.647298,2027.8075,2037.1566,2007.3564,2050.290566971559,1946.6736959684342,2154.0375952461686,113.35673102844066,0
2024-12-18 05:00:00,2037.342792,2013.9768,2009.8286,1977.3965,2029.8492543396794,1926.2323833365544,2133.5962826142886,7.493537660320499,0
2024-12-18 06:00:00,1910.29588,1970.6272,1983.9174,1963.6707,1992.3251045707457,1888.7082335676207,2096.072132845355,-82.02922457074578,0
2024-12-18 07:00:00,1876.965432,1961.0286,1961.8523,1938.6814,1976.7711030179687,1873.1542320148437,2080.518131292578,-99.80567101796873,0
2024-12-18 08:00:00,1912.407398,1921.2825,1939.7885,1924.5706,1944.0796426897266,1840.4627716866016,2047.826670964336,-31.67224468972654,0
2024-12-18 09:00:00,1852.137933,1908.107,1921.3737,1913.8971,1926.0584612930427,1822.4415902899177,2029.805489567652,-73.92052829304271,0
2024-12-18 10:00:00,1764.086335,1917.0706,1912.168,1910.5961,1923.9553362943852,1820.3384652912603,2027.7023645689947,-159.86900129438527,0
2024-12-18 11:00:00,1706.553847,1892.6494,1911.8439,1912.3939,1911.592629032567,1807.975758029442,2015.3396573071764,-205.03878203256704,0
2024-12-18 12:00:00,1770.362116,1850.3767,1914.686,1913.6425,1893.3318234952749,1789.71495249215,1997.0788517698843,-122.96970749527486,0
2024-12-18 13:00:00,2035.164318,1878.651,1923.1582,1915.8218,1912.913786154953,1809.296915151828,2016.6608144295624,122.25053184504713,0
2024-12-18 14:00:00,1882.545734,1967.5189,1935.564,1922.8419,1963.2699215010339,1859.653050497909,2067.0169497756433,-80.72418750103384,0
2024-12-18 15:00:00,2015.60898,1947.9514,1955.174,1943.071,1964.1855567570851,1860.5686857539602,2067.9325850316945,51.42342324291485,0
2024-12-18 16:00:00,2113.995476,1963.4186,1981.847,1977.3705,1983.7967103565977,1880.1798393534727,2087.543738631207,130.19876564340234,0
2024-12-18 17:00:00,2012.038804,2024.707,2003.6433,2003.2247,2023.5877983359755,1919.9709273328506,2127.334826610585,-11.548994335975522,0
2024-12-18 18:00:00,2070.125828,2013.3862,2031.8887,2037.0404,2031.7703781912737,1928.1535071881488,2135.517406465883,38.35544980872646,1
2024-12-18 19:00:00,2141.136035,2081.1978,2057.924,2058.861,2079.0174001076216,1975.4005291044966,2182.764428382231,62.118634892378395,1
2024-12-18 20:00:00,1939.953319,2067.7595,2082.359,2070.0735,2088.9207185717573,1985.3038475686324,2192.6677468463668,-148.96739957175737,1
2024-12-18 21:00:00,2149.958168,2065.0352,2103.4336,2099.5007,2096.6951911179976,1993.0783201148727,2200.442219392607,53.26297688200248,1
2024-12-18 22:00:00,2165.799565,2072.7676,2111.135,2116.667,2102.079098046314,1998.462227043189,2205.8261263209233,63.7204669536859,0
2024-12-18 23:00:00,2124.116596,2117.8547,2112.161,2103.5442,2127.71866755178,2024.101796548655,2231.4656958263895,-3.6020715517802273,0
2024-12-19 00:00:00,2205.863328,2079.9414,2108.0789,2102.9626,2106.5738043269916,2002.9569333238667,2210.320832601601,99.28952367300826,0
2024-12-19 01:00:00,2182.821568,2069.4363,2094.7825,2068.4133,2099.878706130204,1996.2618351270792,2203.6257344048136,82.9428618697957,0
2024-12-19 02:00:00,2045.081804,2087.1907,2073.4392,2060.254,2093.685985711418,1990.0691147082932,2197.4330139860276,-48.60418171141828,0
2024-12-19 03:00:00,1994.114439,2036.3107,2058.947,2021.2261,2067.9194711498976,1964.3026001467726,2171.666499424507,-73.80503214989767,0
2024-12-19 04:00:00,1968.601607,2026.9445,2029.7881,2001.778,2045.514312708814,1941.897441705689,2149.2613409834235,-76.91270570881397,0
2024-12-19 05:00:00,2025.724473,2014.3221,2001.6458,1964.1102,2026.9611918582436,1923.3443208551187,2130.708220132853,-1.2367188582436484,0
2024-12-19 06:00:00,1996.368123,1945.9451,1976.0026,1942.1666,1979.7828064879468,1876.1659354848218,2083.529834762556,16.58531651205317,0
2024-12-19 07:00:00,1970.457504,2010.2007,1947.7526,1925.1257,1992.613769575789,1888.9968985726641,2096.3607978503983,-22.15626557578912,0
2024-12-19 08:00:00,1811.946482,1913.2815,1923.6233,1921.3529,1928.4049304366492,1824.7880594335243,2032.1519587112587,-116.45844843664918,0
2024-12-19 09:00:00,1884.573299,1896.7831,1904.0581,1903.2692,1909.7708859299448,1806.1540149268199,2013.5179142045542,-25.19758692994492,0
2024-12-19 10:00:00,1860.136147,1894.2572,1891.7175,1900.2056,1899.6677302099865,1796.0508592068616,2003.414758484596,-39.53158320998659,0
2024-12-19 11:00:00,1862.000136,1896.0314,1886.7853,1888.605,1899.582982688403,1795.966111685278,2003.3300109630125,-37.582846688402924,0
2024-12-19 12:00:00,1841.25161,1916.8076,1888.4877,1908.4523,1905.8110749358218,1802.1942039326968,2009.5581032104312,-64.55946493582178,0
2024-12-19 13:00:00,1876.826554,1903.6708,1904.21,1915.8584,1909.9920397175379,1806.375168714413,2013.7390679921473,-33.16548571753788,0
2024-12-19 14:00:00,1927.892712,1924.343,1923.3945,1929.4758,1931.4493643333703,1827.8324933302454,2035.1963926079798,-3.556652333370266,0
2024-12-19 15:00:00,2088.61829,1997.6793,1944.3702,1953.6366,1976.7749689222092,1873.1580979190842,2080.5219971968186,111.84332107779073,0
2024-12-19 16:00:00,2090.774746,1997.5602,1973.6023,1981.641,1992.546503014292,1888.929632011167,2096.2935312889012,98.228242985708,0
2024-12-19 17:00:00,1995.2547,2053.6907,2004.4387,2021.4613,2033.4290476312287,1929.8121766281038,2137.176075905838,-38.174347631228784,0
2024-12-19 18:00:00,2027.451483,2029.0001,2034.1101,2050.9045,2037.4553748343674,1933.8385038312424,2141.202403108977,-10.003891834367323,1
2024-12-19 19:00:00,2076.66784,2047.4824,2059.253,2080.149,2058.5846859129338,1954.9678149098088,2162.331714187543,18.083154087066305,1
2024-12-19 20:00:00,2139.994647,2076.9897,2087.1084,2104.3398,2088.3797921748924,1984.7629211717674,2192.126820449502,51.614854825107614,1
2024-12-19 21:00:00,2128.404918,2109.7854,2102.54,2108.001,2115.199489999785,2011.58261899666,2218.9465182743943,13.205428000215306,1
2024-12-19 22:00:00,2228.263348,2121.4421,2108.679,2097.8066,2128.1528126014864,2024.5359415983614,2231.899840876096,100.11053539851355,0
2024-12-19 23:00:00,2193.521106,2119.861,2110.176,2089.9038,2130.570948099972,2026.9540770968472,2234.3179763745816,62.95015790002799,0
2024-12-20 00:00:00,2112.86067,2128.2256,2092.9194,2091.345,2120.6718791532253,2017.0550081501003,2224.4189074278347,-7.811209153225263,0
2024-12-20 01:00:00,2222.177747,2105.8464,2092.135,2072.6943,2114.0956777135643,2010.4788067104394,2217.8427059881737,108.08206928643585,0
2024-12-20 02:00:00,2031.721313,2069.9487,2070.2812,2051.9585,2085.0812840583453,1981.4644130552203,2188.8283123329547,-53.35997105834531,0
2024-12-20 03:00:00,2063.546551,2064.7878,2040.1969,2024.708,2065.931335671285,1962.31446466816,2169.6783639458945,-2.3847846712851606,0
2024-12-20 04:00:00,2171.676182,2014.6715,2003.7471,1999.8451,2019.735085228033,1916.1182142249081,2123.4821135026423,151.94109677196707,0
2024-12-20 05:00:00,1994.992566,2015.2477,1975.1765,1977.675,2003.2242237508858,1899.6073527477608,2106.9712520254952,-8.231657750885915,0
2024-12-20 06:00:00,1897.090039,1974.864,1948.2134,1963.7126,1966.3507946819127,1862.7339236787877,2070.097822956522,-69.26075568191277,0
2024-12-20 07:00:00,1908.768031,1961.8917,1918.7893,1941.6354,1942.6820795128817,1839.0652085097568,2046.4291077874911,-33.914048512881664,0
2024-12-20 08:00:00,1969.206154,1905.8502,1893.6014,1910.7477,1904.0097655693357,1800.3928945662108,2007.7567938439452,65.19638843066423,0
2024-12-20 09:00:00,1923.849642,1923.619,1876.2977,1903.5414,1900.7490889820863,1797.1322179789613,2004.4961172566957,23.100553017913626,0
2024-12-20 10:00:00,2027.633232,1889.0051,1867.7203,1884.2449,1882.3895170512437,1778.7726460481188,1986.1365453258531,145.24371494875618,0
2024-12-20 11:00:00,1996.477909,1890.4365,1868.2783,1882.7523,1883.8875168912857,1780.2706458881607,1987.6345451658951,112.59039210871424,0
2024-12-20 12:00:00,1996.884242,1889.9218,1876.9708,1898.7612,1886.4054411732238,1782.7885701700989,1990.1524694478333,110.47880082677625,0
2024-12-20 13:00:00,1931.073776,1890.9371,1888.3387,1907.8741,1893.4950918469704,1789.8782208438454,1997.2421201215798,37.5786841530296,0
2024-12-20 14:00:00,1765.667865,1938.0385,1910.1388,1929.9076,1927.4855390296088,1823.8686680264839,2031.2325673042183,-161.81767402960895,0
2024-12-20 15:00:00,2040.233566,1956.0659,1937.3615,1959.1624,1950.0253932859896,1846.4085222828646,2053.772421560599,90.20817271401052,0
2024-12-20 16:00:00,1945.0499,2029.0576,1971.7974,1979.9965,2006.5784850234065,1902.9616140202816,2110.3255132980157,-61.52858502340655,0
2024-12-20 17:00:00,1966.692115,2034.1401,2006.6453,2008.986,2028.9848837079335,1925.3680127048085,2132.731911982543,-62.29276870793342,0
2024-12-20 18:00:00,2118.214089,2047.3219,2029.2483,2031.1189,2047.3930034365908,1943.7761324334658,2151.1400317112,70.82108556340927,1
2024-12-20 19:00:00,2008.091115,2106.8015,2051.6616,2048.0718,2089.0563622835803,1985.4394912804553,2192.8033905581897,-80.96524728358031,1
2024-12-20 20:00:00,2116.091451,2112.5833,2074.4285,2068.472,2104.4999092173784,2000.8830382142535,2208.246937491988,11.591541782621334,1
2024-12-20 21:00:00,2186.175184,2135.5881,2072.6042,2071.851,2113.193246689648,2009.5763756865229,2216.9402749642572,72.98193731035235,1
2024-12-20 22:00:00,2272.977581,2129.4573,2070.895,2055.0173,2113.186293952975,2009.5694229498501,2216.9333222275845,159.79128704702498,0
2024-12-20 23:00:00,2078.035184,2168.3867,2043.4294,2043.0271,2113.2686814759277,2009.6518104728027,2217.015709750537,-35.233497475927834,0
2024-12-21 00:00:00,1865.622042,1924.4131,2003.6891,2024.2892,1970.4343022509543,1866.8174312478293,2074.1813305255637,-104.8122602509543,0
2024-12-21 01:00:00,1801.937588,1861.6307,1891.4274,1933.7358,1875.3886285225458,1771.7717575194208,1979.1356567971552,-73.45104052254578,0
2024-12-21 02:00:00,1774.368014,1837.9912,1837.3677,1856.4861,1841.2765938880107,1737.6597228848857,1945.02362216262,-66.90857988801076,0
2024-12-21 03:00:00,1838.054502,1723.1917,1793.7675,1810.2347,1764.0192691942063,1660.4023981910814,1867.7662974688158,74.03523280579361,0
2024-12-21 04:00:00,1842.649148,1830.4921,1761.6211,1772.2449,1799.6368201077005,1696.0199491045755,1903.38384838231,43.01232789229948,0
2024-12-21 05:00:00,1745.179607,1753.0087,1735.5262,1755.9799,1746.3223214857628,1642.7054504826378,1850.0693497603722,-1.142714485762781,0
2024-12-21 06:00:00,1869.362971,1719.9154,1712.5547,1721.1368,1721.3387726755752,1617.7219016724503,1825.0858009501846,148.0241983244248,0
2024-12-21 07:00:00,1737.024539,1751.2609,1691.524,1698.4519,1725.5513360750883,1621.9344650719634,1829.2983643496977,11.473202924911675,0
2024-12-21 08:00:00,1639.277005,1719.4862,1678.8888,1680.6384,1704.9908587802202,1601.3739877770952,1808.7378870548296,-65.71385378022023,0
2024-12-21 09:00:00,1720.101757,1662.599,1670.5269,1672.1144,1673.446127208158,1569.829256205033,1777.1931554827675,46.655629791841875,0
2024-12-21 10:00:00,1605.862791,1695.463,1663.9175,1664.4385,1685.8901857644616,1582.2733147613367,1789.637214039071,-80.02739476446163,0
2024-12-21 11:00:00,1584.226224,1683.4602,1664.2988,1668.3737,1679.465818535764,1575.848947532639,1783.2128468103733,-95.2395945357639,0
2024-12-21 12:00:00,1599.854046,1645.6748,1668.5114,1670.6777,1664.153469149665,1560.53659814654,1767.9004974242744,-64.29942314966502,0
2024-12-21 13:00:00,1599.393992,1647.2883,1675.4229,1679.7736,1668.0398457500457,1564.4229747469208,1771.7868740246552,-68.64585375004572,0
2024-12-21 14:00:00,1912.990986,1631.9956,1686.8793,1699.8444,1664.6445438946294,1561.0276728915044,1768.3915721692388,248.34644210537067,0
2024-12-21 15:00:00,1642.361003,1763.2407,1699.1699,1715.789,1732.8754007264884,1629.2585297233634,1836.6224290010978,-90.51439772648837,0
2024-12-21 16:00:00,1776.12646,1752.9985,1727.6473,1747.6493,1742.2492289629322,1638.6323579598072,1845.9962572375416,33.87723103706776,0
2024-12-21 17:00:00,1749.22741,1773.3623,1752.1489,1777.3292,1763.6635909618008,1660.0467199586758,1867.4106192364102,-14.436180961800801,0
2024-12-21 18:00:00,1787.450062,1817.5776,1776.7053,1799.7804,1798.3316434119365,1694.7147724088115,1902.078671686546,-10.881581411936622,1
2024-12-21 19:00:00,1814.322521,1826.853,1797.8934,1832.5615,1811.0729019255482,1707.4560309224232,1914.8199302001576,3.249619074451857,1
2024-12-21 20:00:00,1860.276395,1839.3011,1820.4865,1846.8176,1831.1156878435213,1727.4988168403963,1934.8627161181307,29.160707156478793,1
2024-12-21 21:00:00,1835.86259,1867.275,1843.2151,1859.0565,1859.1840264385812,1755.5671554354562,1962.9310547131906,-23.32143643858126,1
2024-12-21 22:00:00,1782.674424,1879.4459,1858.8717,1886.5244,1870.315427676921,1766.698556673796,1974.0624559515304,-87.64100367692095,0
2024-12-21 23:00:00,1903.137521,1854.7228,1864.7261,1886.7632,1863.045815594167,1759.428944591042,1966.7928438687763,40.09170540583318,0
2024-12-22 00:00:00,1820.277448,1880.5845,1855.8961,1871.8699,1872.233595781602,1768.616724778477,1975.9806240562114,-51.956147781601885,0
2024-12-22 01:00:00,1974.64703,1893.4456,1831.8501,1872.5022,1859.363232879,1755.746361875875,1963.1102611536094,115.28379712100013,0
2024-12-22 02:00:00,1864.045534,1855.3525,1807.7755,1860.0706,1825.4597776191945,1721.8429066160695,1929.206805893804,38.585756380805606,0
2024-12-22 03:00:00,1893.460674,1798.7933,1779.7474,1836.7488,1782.4002427272715,1678.7833717241465,1886.1472710018809,111.06043127272847,0
2024-12-22 04:00:00,1841.092367,1783.2941,1752.5736,1811.6078,1760.0644634184148,1656.4475924152898,1863.8114916930242,81.02790358158518,0
2024-12-22 05:00:00,1689.941513,1749.0072,1721.4971,1779.3898,1727.4944230723809,1623.877552069256,1831.2414513469903,-37.55291007238088,0
2024-12-22 06:00:00,1775.597259,1725.0615,1691.5673,1739.6947,1702.649545261661,1599.032674258536,1806.3965735362704,72.94771373833896,0
2024-12-22 07:00:00,1600.096151,1744.6799,1665.2716,1718.5509,1696.7492221355963,1593.1323511324713,1800.4962504102057,-96.65307113559629,0
2024-12-22 08:00:00,1638.45846,1678.0638,1646.6152,1696.799,1655.8391150475975,1552.2222440444725,1759.586143322207,-17.38065504759743,0
2024-12-22 09:00:00,1536.028299,1648.6178,1635.0627,1680.616,1636.8260866175458,1533.2092156144208,1740.5731148921552,-100.79778761754574,0
2024-12-22 10:00:00,1675.415143,1633.5126,1627.7927,1676.1235,1625.055875289549,1521.439004286424,1728.8029035641584,50.35926771045092,0
2024-12-22 11:00:00,1517.344672,1641.8019,1624.452,1665.6562,1629.0409773431945,1525.4241063400696,1732.788005617804,-111.69630534319458,0
2024-12-22 12:00:00,1621.208535,1623.2897,1625.8372,1674.406,1619.0791371095122,1515.4622661063872,1722.8261653841216,2.1293978904877804,0
2024-12-22 13:00:00,1686.627838,1656.2025,1631.5748,1679.02,1638.1153733350732,1534.4985023319482,1741.8624016096826,48.51246466492694,0
2024-12-22 14:00:00,1732.370984,1631.068,1644.9407,1693.4608,1632.9443988747664,1529.3275278716415,1736.6914271493758,99.42658512523349,0
2024-12-22 15:00:00,1763.25306,1732.2196,1666.2827,1716.4272,1692.132853999669,1588.515982996544,1795.8798822742783,71.12020600033111,0
2024-12-22 16:00:00,1799.946589,1721.9657,1686.4917,1752.9803,1693.8329934058895,1590.2161224027645,1797.580021680499,106.1135955941104,0
2024-12-22 17:00:00,1749.848278,1812.0577,1710.131,1786.1655,1746.9593543810124,1643.3424833778874,1850.7063826556218,2.888923618987519,0
2024-12-22 18:00:00,1783.19892,1776.127,1742.0128,1829.373,1743.872427860589,1640.255556857464,1847.6194561351983,39.32649213941113,1
2024-12-22 19:00:00,1845.336962,1815.5078,1773.0375,1850.7134,1781.5844168485582,1677.9675458454333,1885.3314451231677,63.752545151441836,1
2024-12-22 20:00:00,1914.667597,1806.4957,1803.1747,1885.3064,1792.1549475537254,1688.5380765506004,1895.9019758283348,122.51264944627451,1
2024-12-22 21:00:00,1901.310834,1891.4398,1845.1654,1909.3683,1859.5168498213059,1755.899978818181,1963.2638780959153,41.793984178694245,1
2024-12-22 22:00:00,1931.689364,1866.059,1890.8519,1952.1061,1872.4036167101376,1768.7867457070126,1976.150644984747,59.28574728986246,0
2024-12-22 23:00:00,1932.640825,1867.2142,1928.5094,1982.7178,1894.7277489062997,1791.1108779031747,1998.474777180909,37.91307609370028,0
2024-12-23 00:00:00,2248.204528,2117.4426,1959.4767,1988.0261,2037.0677016455695,1933.4508306424445,2140.8147299201787,211.1368263544307,0
2024-12-23 01:00:00,2135.942818,2125.9062,2034.0892,2086.481,2074.6832160448453,1971.0663450417203,2178.4302443194547,61.25960195515472,0
2024-12-23 02:00:00,2044.181775,2069.339,2058.473,2131.3418,2055.4530764502565,1951.8362054471315,2159.200104724866,-11.271301450256487,0
2024-12-23 03:00:00,2103.224535,2042.1677,2046.8485,2097.7092,2041.883405788929,1938.266534785804,2145.6304340635384,61.34112921107089,0
2024-12-23 04:00:00,2034.51353,2066.531,2024.462,2062.4546,2044.8810832812019,1941.264212278077,2148.6281115558113,-10.367553281201936,0
2024-12-23 05:00:00,2032.537023,1963.5894,1994.7515,2004.1996,1987.2059716022245,1883.5891005990995,2090.952999876834,45.33105139777558,0
2024-12-23 06:00:00,1903.219517,1967.6282,1960.3986,1998.1106,1963.747136079896,1860.1302650767711,2067.4941643545053,-60.52761907989611,0
2024-12-23 07:00:00,1847.147787,1905.9524,1932.3402,1940.3868,1926.924920978359,1823.308049975234,2030.6719492529685,-79.77713397835896,0
2024-12-23 08:00:00,1959.869707,1888.4279,1906.0869,1934.9592,1899.357295446399,1795.740424443274,2003.1043237210083,60.51241155360117,0
2024-12-23 09:00:00,1912.525188,1927.7135,1887.8424,1907.1274,1910.8447797445237,1807.2279087413988,2014.5918080191332,1.6804082554763227,0
2024-12-23 10:00:00,1754.812309,1885.5388,1877.6826,1904.4734,1883.4267940252294,1779.8099230221044,1987.1738222998388,-128.61448502522944,0
2024-12-23 11:00:00,1859.750489,1885.6938,1877.7147,1893.4156,1886.3232254151806,1782.7063544120556,1990.07025368979,-26.572736415180543,0
2024-12-23 12:00:00,1898.304797,1909.0248,1880.7606,1909.4436,1895.7896735102415,1792.1728025071166,1999.536701784851,2.51512348975848,0
2024-12-23 13:00:00,2032.320681,1910.2944,1896.9065,1914.1423,1907.8623831002617,1804.2455120971367,2011.6094113748711,124.45829789973823,0
2024-12-23 14:00:00,1963.157949,1976.5477,1917.798,1929.9292,1951.860280896455,1848.24340989333,2055.607309171064,11.297668103544993,0
2024-12-23 15:00:00,1956.216937,1976.1207,1952.8961,1940.6948,1976.4437709750364,1872.8268999719114,2080.190799249646,-20.22683397503647,0
2024-12-23 16:00:00,2056.490718,1968.8956,1977.9192,1998.8208,1977.9053400232478,1874.2884690201229,2081.6523682978573,78.58537797675217,0
2024-12-23 17:00:00,2010.817712,2022.3169,2010.6112,2007.2887,2026.8807300812732,1923.2638590781482,2130.6277583558826,-16.063018081273185,0
2024-12-23 18:00:00,2289.830232,2082.156,2041.315,2046.1892,2069.6617196291672,1966.0448486260423,2173.4087479037767,220.16851237083256,1
2024-12-23 19:00:00,2177.94326,2127.8318,2070.9875,2062.0635,2110.700661382402,2007.083790379277,2214.4476896570113,67.2425986175981,1
2024-12-23 20:00:00,1967.396258,2109.491,2096.2773,2098.3208,2112.598958818648,2008.982087815523,2216.3459870932575,-145.20270081864805,1
2024-12-23 21:00:00,2175.349277,2138.4001,2112.493,2125.3213,2132.274301296205,2028.65743029308,2236.0213295708145,43.074975703794735,1
2024-12-23 22:00:00,2058.833606,2093.7922,2121.18,2125.5732,2117.7325451385514,2014.1156741354264,2221.479573413161,-58.89893913855121,0
2024-12-23 23:00:00,2172.061678,2155.3608,2121.8442,2134.8843,2145.278611298639,2041.6617402955142,2249.0256395732486,26.783066701360895,0
2024-12-24 00:00:00,2025.291461,2141.021,2126.6716,2117.48,2146.622169800539,2043.0052987974138,2250.3691980751482,-121.33070880053879,0
2024-12-24 01:00:00,2189.722269,2066.4602,2102.9888,2100.9958,2096.6483467072903,1993.0314757041654,2200.3953749818997,93.07392229270954,0
2024-12-24 02:00:00,2052.864177,2067.65,2080.385,2070.9153,2087.1082923856015,1983.4914213824766,2190.855320660211,-34.24411538560162,0
2024-12-24 03:00:00,2014.140475,2071.3894,2054.3276,2042.7566,2075.5918237093642,1971.9749527062393,2179.3388519839737,-61.45134870936431,0
2024-12-24 04:00:00,2032.35331,2055.6018,2026.6971,2011.2908,2054.3605065731263,1950.7436355700013,2158.1075348477357,-22.007196573126294,0
2024-12-24 05:00:00,2047.347458,2052.7969,1999.349,1986.5848,2037.835826494621,1934.218955491496,2141.5828547692304,9.511631505379,0
2024-12-24 06:00:00,2074.459133,1995.024,1970.1407,1965.6224,1992.6752463677003,1889.0583753645753,2096.4222746423097,81.78388663229953,0
2024-12-24 07:00:00,1968.053226,1954.5593,1943.784,1951.2316,1956.3468716199277,1852.7300006168027,2060.093899894537,11.706354380072298,0
2024-12-24 08:00:00,1827.003578,1927.3125,1922.4493,1932.4536,1931.3722612409763,1827.7553902378513,2035.1192895155857,-104.36868324097622,0
2024-12-24 09:00:00,1994.29713,1877.067,1907.4001,1918.2029,1899.2040635292249,1795.5871925261,2002.9510918038343,95.09306647077506,0
2024-12-24 10:00:00,2047.941441,1939.2878,1892.8899,1910.3396,1919.5118428182736,1815.8949718151487,2023.258871092883,128.4295981817263,0
2024-12-24 11:00:00,2040.511844,1924.406,1891.4177,1908.3219,1911.7666736273645,1808.1498026242396,2015.513701901974,128.74517037263558,0
2024-12-24 12:00:00,1716.282231,1892.5597,1902.0295,1913.5768,1903.5579094663112,1799.9410384631863,2007.3049377409206,-187.27567846631132,0
2024-12-24 13:00:00,1947.980538,1879.5157,1913.2999,1919.2411,1904.7343403950824,1801.1174693919575,2008.4813686696918,43.2461976049176,0
2024-12-24 14:00:00,1864.680986,1932.7415,1930.5983,1922.9296,1942.7595837278268,1839.1427127247018,2046.5066120024362,-78.07859772782672,0
2024-12-24 15:00:00,2007.914859,1959.4772,1954.7468,1946.414,1968.505251221255,1864.8883802181301,2072.2522794958645,39.409607778744885,0
2024-12-24 16:00:00,1901.32343,2016.0498,1981.1056,1965.8003,2011.258301270237,1907.6414302671121,2115.0053295448465,-109.93487127023718,0
2024-12-24 17:00:00,2021.90202,2015.2113,2006.2725,1987.9766,2024.9745238491375,1921.3576528460126,2128.7215521237467,-3.072503849137547,0
2024-12-24 18:00:00,2038.606659,2084.2014,2032.2599,2019.9775,2070.1710510471344,1966.5541800440094,2173.918079321744,-31.564392047134334,1
2024-12-24 19:00:00,1918.208951,2076.92,2061.0115,2048.6174,2081.9873168366476,1978.3704458335226,2185.734345111257,-163.77836583664748,1
2024-12-24 20:00:00,2185.444865,2092.0957,2081.4417,2076.2368,2098.255952246163,1994.639081243038,2202.0029805207723,87.18891275383703,1
2024-12-24 21:00:00,2201.787482,2093.0078,2101.4194,2088.4436,2111.262249513598,2007.645378510473,2215.0092777882073,90.52523248640227,1
2024-12-24 22:00:00,2273.430159,2116.6833,2115.9082,2108.288,2128.896831205113,2025.279960201988,2232.6438594797223,144.5333277948871,0
2024-12-24 23:00:00,2454.136141,2519.7117,2124.0588,2117.6099,2325.2540956237726,2221.6372246206474,2429.001123898382,128.88204537622732,0
2024-12-25 00:00:00,2723.47075,2794.4072,2558.042,2263.4617,2759.608594473575,2655.99172347045,2863.3556227481845,-36.137844473575115,0
2024-12-25 01:00:00,2662.851913,2612.7812,2705.53,2420.157,2748.9007300246035,2645.2838590214783,2852.647758299213,-86.04881702460352,0
2024-12-25 02:00:00,2768.146735,2653.5723,2649.7275,2558.7646,2689.563520267984,2585.946649264859,2793.3105485425936,78.58321473201568,0
2024-12-25 03:00:00,2501.418415,2613.7698,2619.4263,2615.47,2632.4740522674433,2528.857181264318,2736.2210805420527,-131.05563726744322,0
2024-12-25 04:00:00,2479.709397,2598.7869,2588.1702,2559.1458,2615.0733596009813,2511.456488597856,2718.8203878755908,-135.36396260098127,0
2024-12-25 05:00:00,2702.599553,2502.9495,2569.837,2522.1533,2564.32738808695,2460.710517083825,2668.0744163615595,138.2721649130499,0
2024-12-25 06:00:00,2441.942588,2483.2534,2548.0337,2486.8254,2546.775467380329,2443.1585963772036,2650.522495654938,-104.8328793803289,0
2024-12-25 07:00:00,2443.981563,2485.065,2513.1855,2471.8835,2524.1051065729907,2420.4882355698655,2627.8521348476,-80.12354357299091,0
2024-12-25 08:00:00,2447.654628,2488.977,2490.9907,2443.8743,2515.6607546437003,2412.043883640575,2619.4077829183097,-68.00612664370055,0
2024-12-25 09:00:00,2637.056187,2464.2466,2488.0376,2432.456,2504.4330293587923,2400.816158355667,2608.1800576334017,132.62315764120785,0
2024-12-25 10:00:00,2532.395576,2397.3645,2487.5615,2440.8828,2470.011744796156,2366.394873793031,2573.7587730707655,62.38383120384378,0
2024-12-25 11:00:00,2537.6573,2397.5774,2495.0046,2441.1377,2475.882925896361,2372.266054893236,2579.6299541709704,61.77437410363882,0
2024-12-25 12:00:00,2548.036082,2405.1792,2500.288,2454.295,2480.3234179434726,2376.7065469403474,2584.070446218082,67.7126640565275,0
2024-12-25 13:00:00,2478.913089,2530.6196,2507.4817,2457.8018,2544.9354724404657,2441.3186014373405,2648.682500715075,-66.02238344046555,0
2024-12-25 14:00:00,2465.361153,2552.5955,2541.0432,2483.6775,2575.182832704534,2471.565961701409,2678.9298609791435,-109.82167970453429,0
2024-12-25 15:00:00,2481.941078,2552.6272,2571.4326,2512.981,2591.6048929625513,2487.988021959426,2695.3519212371607,-109.66381496255144,0
2024-12-25 16:00:00,2472.176648,2618.1074,2582.7146,2528.4258,2627.7882830119056,2524.1714120087804,2731.535311286515,-155.6116350119055,0
2024-12-25 17:00:00,2633.184512,2563.8835,2614.4604,2536.8733,2624.6585017056927,2521.0416307025675,2728.405529980302,8.52601029430707,0
2024-12-25 18:00:00,2699.963933,2587.5327,2632.914,2544.2996,2648.5296738180273,2544.912802814902,2752.2767020926367,51.43425918197272,1
2024-12-25 19:00:00,2639.69067,2612.1736,2649.715,2541.9614,2674.048866958859,2570.431995955734,2777.7958952334684,-34.358196958859025,1
2024-12-25 20:00:00,2629.549567,2580.6704,2652.7727,2542.908,2661.1726009901654,2557.55572998704,2764.919629264775,-31.623033990165368,1
2024-12-25 21:00:00,2565.999523,2804.152,2629.7615,2522.6375,2754.9101537785286,2651.2932827754034,2858.657182053138,-188.91063077852868,1
2024-12-25 22:00:00,2686.922577,2670.7627,2645.704,2517.247,2705.1159512601607,2601.4990802570355,2808.86297953477,-18.19337426016091,0
2024-12-25 23:00:00,2423.096159,2514.6162,2605.682,2520.8916,2598.310011358481,2494.693140355356,2702.0570396330904,-175.21385235848084,0
2024-12-26 00:00:00,1963.66826,2174.118,2197.0413,2346.3303,2159.6808353064034,2056.063964303278,2263.427863581013,-196.0125753064035,0
2024-12-26 01:00:00,2143.298617,2077.0564,2110.5176,2218.4524,2077.893036488022,1974.276165484897,2181.6400647626315,65.40558051197786,0
2024-12-26 02:00:00,2060.313255,2125.4456,2109.659,2108.346,2128.165250693216,2024.548379690091,2231.9122789678254,-67.85199569321594,0
2024-12-26 03:00:00,2207.492227,2060.2312,2082.0593,2030.8217,2095.0229438227348,1991.4060728196098,2198.769972097344,112.46928317726542,0
2024-12-26 04:00:00,1899.290748,2048.6511,2042.0054,2007.3207,2064.046833423326,1960.429962420201,2167.7938616979354,-164.7560854233261,0
2024-12-26 05:00:00,2024.453493,1992.1251,2009.4199,1979.2334,2018.6365142180816,1915.0196432149567,2122.383542492691,5.816978781918351,0
2024-12-26 06:00:00,1998.723244,1991.512,1979.5911,1961.0857,1999.55428224256,1895.937411239435,2103.3013105171694,-0.8310382425599983,0
2024-12-26 07:00:00,1926.276207,1968.8608,1951.2982,1930.1573,1974.3925306252543,1870.7756596221293,2078.1395588998635,-48.116323625254154,0
2024-12-26 08:00:00,1991.649613,1941.0425,1933.2389,1931.6372,1946.5878630558636,1842.9709920527387,2050.334891330473,45.06174994413641,0
2024-12-26 09:00:00,1882.211542,1899.2412,1916.1919,1913.1982,1917.9428610470102,1814.3259900438852,2021.6898893216196,-35.731319047010174,0
2024-12-26 10:00:00,1940.324839,1964.5708,1910.8998,1916.7799,1944.0642842412951,1840.4474132381702,2047.8113125159045,-3.739445241295016,0
2024-12-26 11:00:00,1875.709609,1891.5842,1913.8599,1910.3085,1913.192051516252,1809.575180513127,2016.9390797908613,-37.48244251625192,0
2024-12-26 12:00:00,2056.323815,1909.3842,1921.67,1948.6495,1918.1088549585654,1814.4919839554404,2021.8558832331748,138.21496004143478,0
2024-12-26 13:00:00,1922.204426,2002.7568,1933.9927,1953.4912,1971.1006104788298,1867.4837394757049,2074.8476387534392,-48.89618447882981,0
2024-12-26 14:00:00,1977.565579,1952.2548,1949.5886,1981.9485,1952.0263736450436,1848.4095026419186,2055.7734019196528,25.539205354956493,0
2024-12-26 15:00:00,2094.677869,2015.7601,1968.6584,2018.6152,1988.0030961633315,1884.3862251602065,2091.750124437941,106.67477283666858,0
2024-12-26 16:00:00,1987.399485,2093.5393,2001.0519,2040.7621,2044.907766594892,1941.2908955917671,2148.6547948695015,-57.508281594892196,0
2024-12-26 17:00:00,2077.635587,2079.729,2028.4205,2086.1672,2048.2833624344285,1944.6664914313035,2152.030390709038,29.35222456557176,0
2024-12-26 18:00:00,1984.384009,2112.046,2057.3782,2097.0874,2083.6402274178886,1980.0233564147636,2187.387255692498,-99.25621841788848,1
2024-12-26 19:00:00,2185.371102,2098.1208,2083.945,2138.6147,2087.3136043011245,1983.6967332979996,2191.060632575734,98.05749769887552,1
2024-12-26 20:00:00,2212.375141,2125.1177,2106.1558,2150.957,2114.4835592704653,2010.8666882673404,2218.2305875450747,97.89158172953466,1
2024-12-26 21:00:00,2039.596448,2145.0947,2125.621,2164.1147,2135.9454979559127,2032.3286269527878,2239.692526230522,-96.34904995591273,1
2024-12-26 22:00:00,2312.790062,2157.2012,2131.2925,2152.8804,2149.010063173506,2045.3931921703809,2252.7570914481153,163.7799988264942,0
2024-12-26 23:00:00,2097.623642,2190.6528,2136.6697,2156.391,2168.29997470181,2064.6831036986846,2272.047002976419,-70.67633270180977,0
2024-12-27 00:00:00,2048.670238,2115.4624,2114.2808,2139.923,2119.0358302008226,2015.4189591976976,2222.782858475432,-70.36559220082245,0
2024-12-27 01:00:00,1952.240292,2119.43,2090.776,2130.3718,2104.9217345729244,2001.3048635697994,2208.668762847534,-152.68144257292442,0
2024-12-27 02:00:00,2198.151672,2077.7412,2064.8628,2091.36,2074.5853273127855,1970.9684563096605,2178.332355587395,123.5663446872145,0
2024-12-27 03:00:00,2116.934333,2140.9236,2038.2124,2062.0251,2091.26798323522,1987.651112232095,2195.0150115098295,25.66634976478008,0
2024-12-27 04:00:00,2064.296765,2082.86,2008.2345,2042.7916,2044.9280770672726,1941.3112060641477,2148.675105341882,19.368687932727426,0
2024-12-27 05:00:00,1985.775591,2009.2056,1971.8666,2013.6677,1988.6414049739706,1885.0245339708456,2092.38843324858,-2.8658139739704893,0
2024-12-27 06:00:00,2084.576885,1984.8071,1947.8073,2000.7296,1961.4131417855529,1857.7962707824279,2065.1601700601623,123.1637432144471,0
2024-12-27 07:00:00,2011.008907,2000.2048,1923.2712,1958.9156,1960.1068777843968,1856.4900067812719,2063.853906059006,50.90202921560308,0
2024-12-27 08:00:00,1853.328686,1923.8551,1904.2633,1953.043,1910.259280243295,1806.64240924017,2014.0063085179045,-56.93059424329499,0
2024-12-27 09:00:00,1883.913008,1930.2042,1890.0012,1919.3041,1910.6451503072876,1807.0282793041627,2014.392178581897,-26.73214230728763,0
2024-12-27 10:00:00,1987.017007,1970.3856,1886.5538,1927.3824,1925.0741516320313,1821.4572806289063,2028.8211799066407,61.942855367968605,0
2024-12-27 11:00:00,1940.739317,1907.7708,1888.8276,1927.8712,1896.8526892640157,1793.2358182608907,2000.599717538625,43.88662773598435,0
2024-12-27 12:00:00,1970.140574,1935.8297,1898.2174,1943.1003,1913.7499090705876,1810.1330380674626,2017.496937345197,56.390664929412424,0
2024-12-27 13:00:00,1884.799875,1929.8966,1918.1464,1957.3053,1922.9458905799615,1819.3290195768366,2026.692918854571,-38.14601557996161,0
2024-12-27 14:00:00,1949.101564,1908.5312,1938.813,1969.2845,1925.9187796558317,1822.3019086527067,2029.6658079304411,23.18278434416834,0
2024-12-27 15:00:00,2079.634676,2009.003,1968.1669,1997.1586,1989.8211941154632,1886.2043231123382,2093.5682223900726,89.81348188453694,0
2024-12-27 16:00:00,1944.945549,2001.2793,1994.5721,2014.1779,2002.5269979199581,1898.9101269168332,2106.2740261945673,-57.58144891995812,0
2024-12-27 17:00:00,1888.501377,2046.0514,2016.5792,2053.4207,2031.2147399123733,1927.5978689092483,2134.9617681869827,-142.7133629123732,0
2024-12-27 18:00:00,1946.733912,2099.3877,2047.5269,2076.625,2075.0544080668574,1971.4375370637324,2178.801436341467,-128.32049606685746,1
2024-12-27 19:00:00,2147.683308,2078.6956,2064.8794,2100.0671,2072.851131828514,1969.2342608253891,2176.5981601031235,74.83217617148603,1
2024-12-27 20:00:00,2149.691813,2154.7908,2079.957,2103.3213,2120.159036779004,2016.542165775879,2223.9060650536135,29.532776220995856,1
2024-12-27 21:00:00,2110.911979,2148.356,2085.0583,2104.3843,2120.8179300057286,2017.2010590026036,2224.564958280338,-9.905951005728639,1
2024-12-27 22:00:00,2212.222901,2192.3757,2071.9482,2108.7512,2130.4436659308844,2026.8267949277595,2234.190694205494,81.77923506911566,0
2024-12-27 23:00:00,2134.498008,2114.6895,2044.5258,2096.4023,2075.0010537670255,1971.3841827639005,2178.748082041635,59.49695423297453,0
2024-12-28 00:00:00,1947.225956,1853.5126,1995.6664,2072.2292,1918.18448293453,1814.567611931405,2021.9315112091394,29.041473065469972,0
2024-12-28 01:00:00,1854.53256,1906.8481,1875.2179,1969.5479,1875.2018448067192,1771.5849738035943,1978.9488730813287,-20.669284806719133,0
2024-12-28 02:00:00,1820.125622,1845.9725,1819.3274,1903.355,1819.0885007200438,1715.4716297169189,1922.8355289946533,1.0371212799561818,0
2024-12-28 03:00:00,1829.318508,1877.9835,1782.4535,1854.058,1817.932459974647,1714.315588971522,1921.6794882492563,11.386048025353148,0
2024-12-28 04:00:00,1850.63862,1839.875,1755.3094,1826.8821,1785.345572237915,1681.72870123479,1889.0926005125243,65.29304776208505,0
2024-12-28 05:00:00,1766.484874,1806.3403,1723.0591,1787.2844,1754.0812469699385,1650.4643759668136,1857.828275244548,12.403627030061443,0
2024-12-28 06:00:00,1776.09589,1747.7906,1695.8484,1773.3151,1708.346639370503,1604.729768367378,1812.0936676451124,67.74925062949706,0
2024-12-28 07:00:00,1621.491591,1762.6423,1674.9548,1749.8639,1704.9895912311238,1601.3727202279988,1808.7366195057332,-83.4980002311238,0
2024-12-28 08:00:00,1669.505998,1708.1652,1659.2072,1729.8574,1671.710560238146,1568.093689235021,1775.4575885127554,-2.2045622381458543,0
2024-12-28 09:00:00,1740.249309,1682.8921,1649.3048,1720.2499,1654.3189156401866,1550.7020446370616,1758.065943914796,85.93039335981348,0
2024-12-28 10:00:00,1634.79707,1695.8972,1640.2545,1720.7837,1653.296170569285,1549.6792995661601,1757.0431988438945,-18.49910056928502,0
2024-12-28 11:00:00,1801.584563,1689.1912,1641.1261,1724.2307,1649.9071814363522,1546.2903104332272,1753.6542097109616,151.6773815636477,0
2024-12-28 12:00:00,1602.653576,1713.3756,1643.9326,1734.5577,1661.0354688208613,1557.4185978177363,1764.7824970954707,-58.38189282086137,0
2024-12-28 13:00:00,1800.691338,1651.1138,1660.4084,1751.8778,1639.8564834719332,1536.2396124688082,1743.6035117465426,160.8348545280669,0
2024-12-28 14:00:00,1773.325084,1799.2789,1674.9012,1772.5431,1716.6935432475277,1613.0766722444027,1820.4405715221371,56.63154075247235,0
2024-12-28 15:00:00,1620.891063,1773.1304,1701.3435,1803.8556,1717.0201786767934,1613.4033076736685,1820.7672069514028,-96.12911567679339,0
2024-12-28 16:00:00,1664.357826,1738.0553,1727.0938,1834.9491,1712.6000274686244,1608.9831564654994,1816.3470557432338,-48.242201468624444,0
2024-12-28 17:00:00,1741.57771,1785.772,1748.6929,1871.9323,1742.9447926524958,1639.3279216493709,1846.6918209271053,-1.3670826524958102,0
2024-12-28 18:00:00,1714.739383,1805.9314,1765.887,1888.799,1761.7752504717673,1658.1583794686424,1865.5222787463767,-47.03586747176723,1
2024-12-28 19:00:00,1816.555279,1859.7797,1786.5176,1925.5732,1794.3397377033057,1690.7228667001807,1898.086765977915,22.215541296694255,1
2024-12-28 20:00:00,1888.871438,1926.2086,1817.6624,1959.7167,1841.814526960525,1738.1976559574,1945.5615552351344,47.056911039474926,1
2024-12-28 21:00:00,1984.393498,1895.4666,1841.5846,1975.5806,1841.8819282967424,1738.2650572936175,1945.6289565713519,142.51156970325746,1
2024-12-28 22:00:00,1876.92477,1949.4141,1863.1221,1988.8567,1881.148944275559,1777.532073272434,1984.8959725501684,-4.22417427555888,0
2024-12-28 23:00:00,1883.234348,1914.5707,1884.1422,2006.2782,1876.5904224454423,1772.9735514423173,1980.3374507200517,6.643925554557654,0
2024-12-29 00:00:00,1847.73515,1821.9761,1887.0896,1992.8152,1838.1198712381008,1734.5030002349758,1941.8668995127102,9.615278761899162,0
2024-12-29 01:00:00,1859.838987,1868.456,1868.4111,1974.0227,1850.413693591583,1746.796822588458,1954.1607218661925,9.42529340841702,0
2024-12-29 02:00:00,1794.212289,1877.4652,1842.2609,1948.3334,1840.7144353001258,1737.0975642970009,1944.4614635747353,-46.50214630012579,0
2024-12-29 03:00:00,1753.413172,1812.7058,1816.2761,1912.1193,1798.604727269027,1694.987856265902,1902.3517555436365,-45.19155526902705,0
2024-12-29 04:00:00,1808.607088,1794.3165,1783.2365,1879.6005,1772.1584222780625,1668.5415512749375,1875.905450552672,36.44866572193746,0
2024-12-29 05:00:00,1794.497449,1707.2975,1751.3815,1811.2972,1722.9427192018204,1619.3258481986954,1826.6897474764298,71.55472979817955,0
2024-12-29 06:00:00,1792.427649,1764.6492,1718.3196,1769.8221,1734.8885836029676,1631.2717125998427,1838.635611877577,57.539065397032346,0
2024-12-29 07:00:00,1793.913657,1710.4553,1698.5198,1739.2594,1701.2390490109287,1597.6221780078038,1804.9860772855382,92.67460798907132,0
2024-12-29 08:00:00,1709.345941,1681.2257,1672.7538,1730.0964,1669.4126069759918,1565.7957359728669,1773.1596352506012,39.93333402400822,0
2024-12-29 09:00:00,1679.093079,1628.9591,1656.4597,1708.4741,1637.1689622743706,1533.5520912712457,1740.91599054898,41.92411672562935,0
2024-12-29 10:00:00,1761.552824,1656.2142,1645.4928,1695.1249,1644.9560946048211,1541.3392236016962,1748.7031228794306,116.59672939517895,0
2024-12-29 11:00:00,1649.680774,1644.6547,1644.4702,1688.552,1640.3010452028823,1536.6841741997573,1744.0480734774917,9.37972879711765,0
2024-12-29 12:00:00,1644.081526,1659.9386,1649.4907,1686.6562,1652.0093493459244,1548.3924783427994,1755.7563776205338,-7.92782334592448,0
2024-12-29 13:00:00,1777.458246,1676.5125,1657.4384,1702.235,1662.207009816043,1558.590138812918,1765.9540380906524,115.25123618395696,0
2024-12-29 14:00:00,1662.074024,1745.9586,1673.0247,1712.5735,1704.9485307249172,1601.3316597217922,1808.6955589995266,-42.87450672491718,0
2024-12-29 15:00:00,1799.875509,1728.0538,1694.4884,1735.8903,1707.3295528663032,1603.7126818631782,1811.0765811409126,92.54595613369679,0
2024-12-29 16:00:00,1865.787288,1765.8181,1721.4535,1770.0923,1737.8344951134088,1634.2176241102839,1841.5815233880182,127.95279288659117,0
2024-12-29 17:00:00,1749.82761,1758.4484,1747.7384,1814.6392,1743.6512097700725,1640.0343387669475,1847.3982380446819,6.176400229927594,0
2024-12-29 18:00:00,1854.053035,1770.7369,1778.2972,1847.3707,1765.1878781574874,1661.5710071543624,1868.9349064320968,88.86515684251253,1
2024-12-29 19:00:00,1813.056628,1844.3898,1808.3359,1877.1992,1816.3345183440215,1712.7176473408965,1920.081546618631,-3.2778903440214435,1
2024-12-29 20:00:00,1953.931254,1875.9127,1837.7703,1907.2214,1846.8538809341485,1743.2370099310235,1950.600909208758,107.07737306585159,1
2024-12-29 21:00:00,1893.592204,1846.8319,1870.469,1939.3442,1850.4802007433916,1746.8633297402666,1954.227229018001,43.11200325660843,1
2024-12-29 22:00:00,1895.35372,1930.5197,1909.3872,1951.9917,1917.7217911006612,1814.1049200975363,2021.4688193752706,-22.368071100661155,0
2024-12-29 23:00:00,1865.739184,1876.1146,1940.8683,2000.1934,1904.2413860862082,1800.6245150830832,2007.9884143608176,-38.50220208620817,0
2024-12-30 00:00:00,2133.923869,2162.409,1962.9569,1996.8132,2059.030796949916,1955.4139259467909,2162.7778252245253,74.89307205008436,0
2024-12-30 01:00:00,2194.745305,2123.3445,2040.375,2075.5908,2081.1425311957105,1977.5256601925855,2184.88955947032,113.60277380428943,0
2024-12-30 02:00:00,1990.961774,2131.4856,2069.8354,2099.4807,2102.0757613027276,1998.4588902996027,2205.822789577337,-111.11398730272754,0
2024-12-30 03:00:00,1999.524454,2047.7206,2062.1843,2096.6877,2056.812184985127,1953.1953139820018,2160.559213259736,-57.2877309851267,0
2024-12-30 04:00:00,2082.246436,2019.6686,2034.7892,2052.5276,2033.1240151942902,1929.5071441911653,2136.8710434688996,49.12242080570968,0
2024-12-30 05:00:00,1893.531244,2041.941,2003.2706,2007.8518,2030.3493077434937,1926.7324367403687,2134.096336018103,-136.81806374349367,0
2024-12-30 06:00:00,2043.860403,1949.4254,1970.9838,1982.4368,1967.3226292103082,1863.7057582071832,2071.0696574849176,76.53777378969176,0
2024-12-30 07:00:00,2035.810463,1944.0073,1940.0404,1947.017,1949.4432325059306,1845.8263615028056,2053.19026078054,86.36723049406942,0
2024-12-30 08:00:00,2028.296558,1958.8597,1914.6667,1928.2809,1941.3821572120394,1837.7652862089144,2045.1291854866488,86.91440078796063,0
2024-12-30 09:00:00,2018.665411,1948.3541,1898.451,1912.4324,1927.667849358641,1824.050978355516,2031.4148776332504,90.99756164135897,0
2024-12-30 10:00:00,1794.292768,1910.4055,1894.8334,1909.807,1907.3871504105846,1803.7702794074596,2011.134178685194,-113.09438241058456,0
2024-12-30 11:00:00,1822.694216,1903.1958,1890.4855,1904.485,1901.8849869869732,1798.2681159838482,2005.6320152615826,-79.19077098697312,0
2024-12-30 12:00:00,1968.524971,1907.4644,1897.1108,1913.825,1906.752317197556,1803.135446194431,2010.4993454721655,61.77265380244398,0
2024-12-30 13:00:00,2004.959773,1944.3282,1908.7689,1917.5576,1932.537505152654,1828.920634149529,2036.2845334272633,72.42226784734612,0
2024-12-30 14:00:00,2175.195663,1954.0988,1932.5035,1929.2225,1952.852829142271,1849.235958139146,2056.5998574168802,222.34283385772892,0
2024-12-30 15:00:00,1956.020116,2016.4692,1954.8936,1960.4017,1992.2786024680818,1888.6617314649568,2096.025630742691,-36.258486468081855,0
2024-12-30 16:00:00,2009.50275,1963.6144,1986.1804,1997.3314,1982.2371979789066,1878.6203269757816,2085.9842262535158,27.265552021093526,0
2024-12-30 17:00:00,2059.833909,2010.4696,2016.2137,2019.4521,2022.541540148377,1918.924669145252,2126.2885684229864,37.292368851622996,0
2024-12-30 18:00:00,1913.872983,2079.2903,2042.2312,2041.934,2070.0888225779813,1966.4719515748563,2173.8358508525907,-156.21583957798134,1
2024-12-30 19:00:00,2078.60899,2063.9622,2066.7566,2062.6023,2076.7691959232216,1973.1523249200966,2180.516224197831,1.8397940767786167,1
2024-12-30 20:00:00,2144.379947,2086.8997,2088.4504,2093.5732,2096.884399472733,1993.2675284696081,2200.6314277473425,47.49554752726681,1
2024-12-30 21:00:00,2144.11816,2143.7498,2110.1768,2103.5679,2138.5146837835214,2034.8978127803964,2242.261712058131,5.603476216478612,1
2024-12-30 22:00:00,2012.107239,2112.2083,2129.472,2131.6416,2131.4850587955357,2027.8681877924107,2235.232087070145,-119.37781979553574,0
2024-12-30 23:00:00,2160.745991,2154.3901,2131.0974,2135.9722,2151.7930109856247,2048.1761399824995,2255.540039260234,8.952980014375044,0
2024-12-31 00:00:00,1992.814944,2108.7776,2131.3438,2124.2437,2133.1865737838957,2029.5697027807707,2236.933602058505,-140.37162978389574,0
2024-12-31 01:00:00,2164.272413,2082.8608,2109.568,2102.3887,2109.279479803067,2005.6626087999418,2213.026508077676,54.992933196933336,0
2024-12-31 02:00:00,2293.792143,2087.809,2090.728,2068.4563,2105.4574570596083,2001.8405860564833,2209.2044853342177,188.33468594039186,0
2024-12-31 03:00:00,1899.835879,2085.1309,2063.4368,2047.1062,2088.188901777583,1984.572030774458,2191.9359300521924,-188.35302277758296,0
2024-12-31 04:00:00,2043.442793,2052.182,2033.8679,2019.1887,2056.3511562031154,1952.7342851999904,2160.0981844777248,-12.908363203115414,0
2024-12-31 05:00:00,1863.316857,2003.4172,2008.1213,1984.0492,2021.789044263936,1918.172173260811,2125.5360725385453,-158.4721872639359,0
2024-12-31 06:00:00,1967.473719,2028.2852,1979.7704,1964.7012,2016.3285457292282,1912.7116747261032,2120.0755740038376,-48.85482672922808,0
2024-12-31 07:00:00,1940.49845,1965.6447,1956.2429,1935.3517,1975.4194964296357,1871.8026254265108,2079.166524704245,-34.92104642963568,0
2024-12-31 08:00:00,1978.976916,1904.9763,1935.0282,1921.2448,1933.4084271601685,1829.7915561570435,2037.1554554347779,45.568488839831616,0
2024-12-31 09:00:00,1873.393279,1937.583,1918.4734,1904.8458,1940.1409245598793,1836.5240535567543,2043.8879528344887,-66.7476455598794,0
2024-12-31 10:00:00,1902.816163,1933.0671,1906.9446,1913.5742,1926.7413861937941,1823.1245151906692,2030.4884144684036,-23.92522319379418,0
2024-12-31 11:00:00,1893.443553,1919.8673,1904.7086,1902.4609,1921.501117788591,1817.884246785466,2025.2481460632005,-28.05756478859098,0
2024-12-31 12:00:00,1892.808632,1878.6433,1909.8448,1921.4719,1901.0455124297239,1797.428641426599,2004.7925407043333,-8.236880429723897,0
2024-12-31 13:00:00,1958.324854,1916.8767,1921.0819,1920.243,1928.4093575219576,1824.7924865188327,2032.156385796567,29.915496478042314,0
2024-12-31 14:00:00,1760.151139,1930.3364,1940.508,1941.1656,1944.7661919017748,1841.1493208986499,2048.513220176384,-184.6150529017748,0
2024-12-31 15:00:00,1980.796953,1943.213,1965.2579,1949.6328,1968.1684690844331,1864.5515980813082,2071.9154973590425,12.628483915566903,0
2024-12-31 16:00:00,2028.736208,1968.293,1985.3881,1973.8973,1989.7769145625884,1886.1600435594635,2093.523942837198,38.95929343741159,0
2024-12-31 17:00:00,1884.980172,2061.1719,2013.6862,1997.7673,2050.241324032288,1946.624453029163,2153.9883523068975,-165.261152032288,0
2024-12-31 18:00:00,2004.068111,2028.7742,2043.764,2031.646,2049.7863509662398,1946.1694799631148,2153.533379240849,-45.71823996623971,1
2024-12-31 19:00:00,2121.626862,2064.4114,2065.258,2062.7754,2075.765194104548,1972.1483231014229,2179.5122223791573,45.86166789545223,1
2024-12-31 20:00:00,2092.218798,2089.4248,2087.118,2076.1997,2101.43995291871,1997.823081915585,2205.1869811933193,-9.221154918709999,1
2024-12-31 21:00:00,2144.305408,2110.135,2107.012,2097.3142,2121.574952435,2017.958081431875,2225.3219807096093,22.730455565000284,1
2024-12-31 22:00:00,2138.922354,2139.0828,2121.1917,2117.7034,2141.3454051272083,2037.7285341240834,2245.0924334018177,-2.4230511272085096,0
2024-12-31 23:00:00,2089.441953,2168.6475,2126.3208,2123.1094,2158.1065711571446,2054.4897001540194,2261.853599431754,-68.66461815714456,0
