datetime,actual_load,xgb_prediction,lstm_prediction,hybrid_prediction,error_mw
2024-08-10 14:00:00,1738.043927,1818.296,1796.8811,1808.3384993645632,-70.29457236456324
2024-08-10 15:00:00,1807.863895,1798.8112,1823.7766,1810.4196092769635,-2.5557142769634993
2024-08-10 16:00:00,1936.506833,1833.2943,1851.8523,1841.9234139445875,94.58341905541238
2024-08-10 17:00:00,1954.025502,1848.0815,1883.2908,1864.4531514839607,89.57235051603925
2024-08-10 18:00:00,1704.257915,1883.0963,1914.048,1897.4882352634627,-193.23032026346277
2024-08-10 19:00:00,1921.36656,1901.7931,1941.9636,1920.47160935613,0.8949506438698336
2024-08-10 20:00:00,1878.744333,1891.8893,1964.5681,1925.6835302549807,-46.93919725498063
2024-08-10 21:00:00,1878.884845,1951.7552,1986.3297,1967.8317038318069,-88.94685883180682
2024-08-10 22:00:00,1868.354246,2004.6741,2003.7576,2004.2479157212088,-135.89366972120865
2024-08-10 23:00:00,1843.99654,2011.6476,2014.9155,2013.1671137550916,-169.17057375509148
2024-08-11 00:00:00,1838.625531,1961.0573,2021.6451,1989.2294452532624,-150.60391425326247
2024-08-11 01:00:00,1946.037083,1946.8494,2002.988,1972.9527590674297,-26.915676067429786
2024-08-11 02:00:00,1848.689744,1948.4203,1979.3237,1962.7897895431834,-114.10004554318334
2024-08-11 03:00:00,1818.341671,1866.3536,1950.8779,1905.6557944553608,-87.31412345536091
2024-08-11 04:00:00,1911.304596,1845.5533,1913.8734,1877.3208517145601,33.9837442854398
2024-08-11 05:00:00,1781.041182,1823.9487,1877.2346,1848.7256354308652,-67.68445343086523
2024-08-11 06:00:00,1724.804305,1797.0073,1843.2202,1818.4954222420565,-93.69111724205641
2024-08-11 07:00:00,1683.038858,1768.7733,1808.5841,1787.2845612781857,-104.24570327818583
2024-08-11 08:00:00,1749.683281,1680.5769,1778.9547,1726.3206771880805,23.3626038119196
2024-08-11 09:00:00,1706.348171,1727.208,1755.4548,1740.3422342462864,-33.99406324628626
2024-08-11 10:00:00,1701.203292,1739.2821,1741.2247,1740.1853883557787,-38.98209635577882
2024-08-11 11:00:00,1788.518114,1728.867,1731.9408,1730.2962251847546,58.22188881524539
2024-08-11 12:00:00,1821.727502,1765.0066,1733.5464,1750.3782064825323,71.34929551746768
2024-08-11 13:00:00,1900.387943,1777.3458,1741.1665,1760.5231423515886,139.86480064841135
2024-08-11 14:00:00,1759.28184,1769.4601,1756.5386,1763.451831982758,-4.169991982757892
2024-08-11 15:00:00,1812.211365,1797.385,1780.046,1789.3227159822673,22.888649017732632
2024-08-11 16:00:00,1856.112569,1854.3384,1807.9717,1832.7787628693627,23.333806130637186
2024-08-11 17:00:00,1793.804877,1848.9819,1842.124,1845.793138353298,-51.98826135329796
2024-08-11 18:00:00,2037.81162,1920.7458,1877.7289,1900.7437937396867,137.06782626031327
2024-08-11 19:00:00,1966.270941,1906.9626,1911.5809,1909.110059982631,57.16088101736909
2024-08-11 20:00:00,2013.005241,1896.4917,1950.1101,1921.4232193149876,91.58202168501248
2024-08-11 21:00:00,1970.860355,1924.6732,1986.276,1953.3173174191143,17.543037580885766
2024-08-11 22:00:00,2100.131292,1952.1006,2017.9147,1982.7028601470847,117.42843185291531
2024-08-11 23:00:00,2020.266968,1959.4197,2043.8517,1998.6789236862746,21.588044313725277
2024-08-12 00:00:00,2348.150377,2206.7493,2067.8237,2142.1515867368444,205.99879026315557
2024-08-12 01:00:00,2349.889238,2230.8352,2142.1736,2189.6092705130814,160.27996748691885
2024-08-12 02:00:00,2107.074081,2216.3342,2192.782,2205.382890785244,-98.30880978524374
2024-08-12 03:00:00,2089.024883,2149.614,2201.9236,2173.936949528737,-84.91206652873689
2024-08-12 04:00:00,2097.070035,2094.107,2184.4329,2136.106738474001,-39.03670347400066
2024-08-12 05:00:00,2107.323258,2121.1094,2149.0078,2134.081607456993,-26.758349456993074
2024-08-12 06:00:00,2134.619212,2098.0693,2110.0798,2103.6539846329088,30.965227367091302
2024-08-12 07:00:00,1954.985821,2087.1558,2072.812,2080.4861961093857,-125.50037510938569
2024-08-12 08:00:00,2139.338611,2029.7128,2044.0385,2036.3739336354722,102.96467736452792
2024-08-12 09:00:00,1820.458001,2023.1635,2020.9917,2022.1536291487423,-201.69562814874234
2024-08-12 10:00:00,2048.229889,1999.6031,2005.7145,2002.4447984870064,45.78509051299375
2024-08-12 11:00:00,1968.411142,2029.9423,1999.6625,2015.8627478019134,-47.4516058019135
2024-08-12 12:00:00,2114.897294,2024.5491,2006.7142,2016.2562180289615,98.64107597103839
2024-08-12 13:00:00,1972.118497,2055.742,2021.5071,2039.8233957841658,-67.70489878416583
2024-08-12 14:00:00,1850.069874,2048.8398,2046.8654,2047.9217454407385,-197.85187144073848
2024-08-12 15:00:00,1858.9358,2060.6025,2072.5413,2066.1538126849046,-207.21801268490458
2024-08-12 16:00:00,2001.250513,2085.2656,2096.8025,2090.6300436218426,-89.3795306218426
2024-08-12 17:00:00,2013.531578,2121.8247,2121.4685,2121.6590803934496,-108.1275023934495
2024-08-12 18:00:00,2181.849531,2150.6965,2145.0671,2148.0789739060674,33.77055709393244
2024-08-12 19:00:00,2275.760315,2172.1936,2165.7473,2169.196204101994,106.56411089800577
2024-08-12 20:00:00,2201.741267,2203.167,2187.407,2195.83889324991,5.902373750089737
2024-08-12 21:00:00,2301.043022,2204.1394,2205.9421,2204.9776408243047,96.06538117569517
2024-08-12 22:00:00,2207.049749,2200.2556,2216.9824,2208.0332559716157,-0.9835069716159524
2024-08-12 23:00:00,2260.487522,2225.6157,2226.126,2225.852980828288,34.634541171712044
2024-08-13 00:00:00,2254.843946,2205.9778,2227.8652,2216.1550235769864,38.68892242301354
2024-08-13 01:00:00,2329.055566,2217.2434,2222.5073,2219.6910270774356,109.3645389225644
2024-08-13 02:00:00,2135.229517,2201.884,2207.3225,2204.412819346817,-69.18330234681662
2024-08-13 03:00:00,2084.016596,2151.0725,2184.119,2166.438438785102,-82.42184278510194
2024-08-13 04:00:00,2171.440262,2149.0647,2152.5613,2150.690540107695,20.749721892304933
2024-08-13 05:00:00,2127.272142,2066.941,2117.613,2090.502470782618,36.76967121738198
2024-08-13 06:00:00,2245.780062,2095.821,2081.5334,2089.177589063501,156.602472936499
2024-08-13 07:00:00,2101.45486,2069.8362,2052.3413,2061.701404918106,39.75345508189366
2024-08-13 08:00:00,1990.781244,2045.9403,2031.624,2039.2835130816773,-48.50226908167724
2024-08-13 09:00:00,1915.345385,1997.9716,2017.9652,2007.2682182587532,-91.92283325875314
2024-08-13 10:00:00,2061.960175,2009.7753,2008.364,2009.1190623999196,52.84111260008058
2024-08-13 11:00:00,2105.432622,2016.4559,2003.6901,2010.5200510106372,94.91257098936262
2024-08-13 12:00:00,1963.963759,2012.5175,2008.6171,2010.7038500468036,-46.74009104680363
2024-08-13 13:00:00,1872.799214,1996.3485,2023.228,2008.8469647393717,-136.04775073937185
2024-08-13 14:00:00,2121.581719,1995.6825,2043.3291,2017.8372431956582,103.74447580434162
2024-08-13 15:00:00,2041.717158,2069.5469,2061.9526,2066.015701459612,-24.29854345961212
2024-08-13 16:00:00,1989.375663,2081.0867,2090.6238,2085.521240846511,-96.14557784651083
2024-08-13 17:00:00,2182.392341,2132.2393,2122.151,2127.548357245538,54.84398375446199
2024-08-13 18:00:00,2110.078206,2156.9097,2151.495,2154.3920068493926,-44.313800849392464
2024-08-13 19:00:00,2083.490098,2183.9517,2181.0396,2182.597585765787,-99.10748776578657
2024-08-13 20:00:00,2261.833056,2179.4382,2202.776,2190.2897854952125,71.54327050478742
2024-08-13 21:00:00,2340.531023,2222.5054,2219.4604,2221.0895414661627,119.4414815338373
2024-08-13 22:00:00,2149.313634,2232.0864,2235.671,2233.753136059652,-84.43950205965211
2024-08-13 23:00:00,2354.816385,2228.6277,2247.2712,2237.29657695812,117.51980804187997
2024-08-14 00:00:00,2162.903768,2188.456,2244.29,2214.4177747412705,-51.51400674127035
2024-08-14 01:00:00,2272.352208,2195.9785,2233.812,2213.5703576766873,58.78185032331248
2024-08-14 02:00:00,2174.633377,2177.259,2210.8665,2192.8858326911873,-18.25245569118715
2024-08-14 03:00:00,2024.470007,2136.057,2187.757,2160.0964730639193,-135.62646606391945
2024-08-14 04:00:00,2219.129253,2112.2217,2159.6104,2134.256493192402,84.87275980759796
2024-08-14 05:00:00,2014.254095,2095.1238,2126.2737,2109.6078798568346,-95.35378485683464
2024-08-14 06:00:00,2052.759611,2079.9553,2094.1902,2086.5742576622,-33.814646662200175
2024-08-14 07:00:00,1986.527323,2025.9526,2066.2532,2044.6916050041418,-58.164282004141796
2024-08-14 08:00:00,2015.104073,2024.0978,2040.6576,2031.7977709285226,-16.693697928522624
2024-08-14 09:00:00,1989.027401,2019.8992,2020.047,2019.9679066793722,-30.94050567937211
2024-08-14 10:00:00,2044.28932,2020.8887,2006.111,2014.0173232987472,30.271996701252874
2024-08-14 11:00:00,2057.930245,1998.4387,2005.4171,2001.6835383875487,56.24670661245136
2024-08-14 12:00:00,2153.046476,1990.3391,2011.9357,2000.3810918397935,152.6653841602065
2024-08-14 13:00:00,2036.669295,2034.5792,2022.8281,2029.115190634911,7.5541043650889605
2024-08-14 14:00:00,1993.555977,2022.1586,2043.125,2031.9075530332375,-38.35157603323751
2024-08-14 15:00:00,2065.917916,2046.118,2068.5024,2056.526353662309,9.391562337691084
2024-08-14 16:00:00,2136.33737,2083.5002,2094.7505,2088.731389511763,47.60598048823704
2024-08-14 17:00:00,2224.341129,2116.2302,2121.5264,2118.692828210341,105.64830078965906
2024-08-14 18:00:00,2219.164176,2130.7087,2153.7837,2141.4381450813426,77.72603091865767
2024-08-14 19:00:00,2237.434796,2159.1658,2184.0,2170.7132061819193,66.7215898180807
2024-08-14 20:00:00,2171.973339,2203.6836,2211.018,2207.0939813118957,-35.12064231189561
2024-08-14 21:00:00,2200.823591,2227.3708,2227.9512,2227.6406882098217,-26.817097209821895
2024-08-14 22:00:00,2269.132087,2191.0674,2236.4124,2212.151914902029,56.98017209797081
2024-08-14 23:00:00,1932.198318,2154.4548,2242.4844,2195.3868635697986,-263.18854556979863
2024-08-15 00:00:00,1827.822,1879.5458,2255.332,2054.2790979907613,-226.45709799076144
2024-08-15 01:00:00,2363.951655,2256.2798,2271.3208,2263.2735657605135,100.67808923948633
2024-08-15 02:00:00,2266.1903,2269.3708,2291.139,2279.492578382219,-13.302278382218901
2024-08-15 03:00:00,2356.362319,2207.1455,2299.9067,2250.277681241113,106.08463775888686
2024-08-15 04:00:00,2416.248141,2214.5415,2282.308,2246.0516595660133,170.19648143398672
2024-08-15 05:00:00,2147.59128,2214.3606,2268.254,2239.419940058556,-91.82866005855612
2024-08-15 06:00:00,2219.694492,2119.7053,2252.0828,2181.258265579524,38.43622642047603
2024-08-15 07:00:00,2199.739459,2142.205,2230.199,2183.1205336945777,16.61892530542218
2024-08-15 08:00:00,2142.043089,2111.1592,2216.8633,2160.3095371986096,-18.26644819860985
2024-08-15 09:00:00,2159.001229,2077.7285,2203.2205,2136.0798358642646,22.921393135735343
2024-08-15 10:00:00,2271.223779,2094.564,2195.4124,2141.4565100181794,129.7672689818205
2024-08-15 11:00:00,2030.183082,2123.8826,2195.048,2156.9731585986174,-126.79007659861736
2024-08-15 12:00:00,2253.80192,2079.0618,2200.0728,2135.3295296884025,118.47239031159734
2024-08-15 13:00:00,2129.197324,2106.0896,2208.3193,2153.624444658154,-24.427120658153854
2024-08-15 14:00:00,2129.622438,2109.4268,2223.8486,2162.630710925107,-33.00827292510712
2024-08-15 15:00:00,2071.951849,2136.9604,2242.0588,2185.829161981139,-113.87731298113886
2024-08-15 16:00:00,2216.924443,2198.2253,2260.5005,2227.1820773304908,-10.257634330490873
2024-08-15 17:00:00,2177.164882,2214.9038,2280.0845,2245.211553460104,-68.04667146010388
2024-08-15 18:00:00,2210.12628,2268.0273,2301.8633,2283.760398572525,-73.63411857252504
2024-08-15 19:00:00,2201.046507,2205.6213,2322.1812,2259.819391392005,-58.772884392004926
2024-08-15 20:00:00,2351.391903,2259.153,2338.709,2296.1450308122785,55.24687218772169
2024-08-15 21:00:00,2280.509087,2322.2297,2351.9763,2336.0613201546525,-55.55223315465264
2024-08-15 22:00:00,2262.969187,2357.8486,2369.1895,2363.1218943471913,-100.15270734719115
2024-08-15 23:00:00,2461.321418,2354.7808,2375.1802,2364.2660936913812,97.05532430861876
2024-08-16 00:00:00,2770.936929,2668.6213,2361.9797,2526.038939272302,244.89798972769813
2024-08-16 01:00:00,2244.581543,2232.756,2313.763,2270.422711417474,-25.841168417474364
2024-08-16 02:00:00,2151.027305,2210.0906,2268.9102,2237.4405403337087,-86.4132353337086
2024-08-16 03:00:00,2168.578184,2145.7712,2226.4788,2183.298671811383,-14.720487811383009
2024-08-16 04:00:00,2296.014451,2167.9028,2181.694,2174.3155003950055,121.69895060499448
2024-08-16 05:00:00,2001.897568,2140.7146,2143.8633,2142.1786755159646,-140.28110751596455
2024-08-16 06:00:00,2288.024636,2064.8535,2117.049,2089.123437335287,198.90119866471332
2024-08-16 07:00:00,2168.03877,2122.3132,2086.3794,2105.604694598239,62.43407540176122
2024-08-16 08:00:00,2007.452441,2038.7594,2069.8828,2053.2311829827945,-45.7787419827946
2024-08-16 09:00:00,2009.684576,2026.6576,2056.6328,2040.595488694756,-30.910912694756007
2024-08-16 10:00:00,1965.898117,2012.9849,2041.9395,2026.4481860981646,-60.55006909816461
2024-08-16 11:00:00,1980.307551,2007.2549,2035.9092,2020.5785752219472,-40.27102422194707
2024-08-16 12:00:00,1829.243224,1995.941,2036.3867,2014.7474963547302,-185.50427235473012
2024-08-16 13:00:00,2003.519378,2013.245,2045.7574,2028.3626544609483,-24.843276460948346
2024-08-16 14:00:00,2135.414748,2033.7257,2059.6204,2045.7662196767667,89.64852832323345
2024-08-16 15:00:00,1909.849349,2067.247,2081.241,2073.753960821132,-163.90461182113177
2024-08-16 16:00:00,2097.439581,2044.4762,2110.216,2075.043960219078,22.395620780921945
2024-08-16 17:00:00,2111.132882,2116.6914,2129.6191,2122.7025520517946,-11.569670051794674
2024-08-16 18:00:00,2163.438671,2153.1406,2150.8733,2152.086358663294,11.352312336705836
2024-08-16 19:00:00,2241.255309,2164.8403,2169.7275,2167.112788532616,74.1425204673842
2024-08-16 20:00:00,2161.02797,2200.5999,2189.5906,2195.48075303243,-34.452783032430034
2024-08-16 21:00:00,2270.996049,2210.7163,2201.282,2206.329529865491,64.66651913450869
2024-08-16 22:00:00,2127.864907,2238.5095,2202.3435,2221.693025516429,-93.82811851642873
2024-08-16 23:00:00,2151.326542,2259.6123,2207.5176,2235.3892670083383,-84.06272500833848
2024-08-17 00:00:00,1837.385521,1927.9697,2203.3281,2056.006042342427,-218.62052134242708
2024-08-17 01:00:00,1931.143092,2005.3657,2106.387,2052.3386404554653,-121.19554845546531
2024-08-17 02:00:00,1932.55039,1974.8359,2024.9352,1998.131114093443,-65.580724093443
2024-08-17 03:00:00,1869.787152,1909.383,1958.289,1932.1233442652062,-62.33619226520614
2024-08-17 04:00:00,2002.195748,1932.3842,1907.5724,1920.847164476289,81.34858352371111
2024-08-17 05:00:00,1750.799713,1853.5662,1868.4609,1860.4919438404086,-109.69223084040846
2024-08-17 06:00:00,1838.76505,1861.0687,1836.3921,1849.5945684721494,-10.829518472149402
2024-08-17 07:00:00,1637.123439,1810.7903,1810.979,1810.878034670582,-173.75459567058215
2024-08-17 08:00:00,1840.707024,1775.2988,1789.5123,1781.9078304641334,58.79919353586661
2024-08-17 09:00:00,1709.116481,1766.8179,1771.2474,1768.8775331245488,-59.76105212454877
2024-08-17 10:00:00,1833.55281,1749.2161,1763.4503,1755.834716048059,77.718093951941
2024-08-17 11:00:00,1795.667667,1791.6879,1755.7174,1774.96230028883,20.705366711169972
2024-08-17 12:00:00,1796.630435,1774.1929,1762.5734,1768.7900257296897,27.840409270310374
2024-08-17 13:00:00,1557.264117,1774.9476,1772.0944,1773.6209159236855,-216.35679892368557
2024-08-17 14:00:00,1725.988454,1764.9877,1790.4652,1776.8342325258,-50.845778525799915
2024-08-17 15:00:00,1853.905398,1813.0188,1808.543,1810.9376246329236,42.96777336707646
2024-08-17 16:00:00,1815.555663,1853.0101,1828.0256,1841.3928251743314,-25.837162174331297
2024-08-17 17:00:00,1960.02538,1896.7925,1857.0012,1878.2903162727703,81.73506372722977
2024-08-17 18:00:00,1749.54186,1864.5398,1888.468,1875.6659544632316,-126.12409446323159
2024-08-17 19:00:00,1987.351543,1875.7847,1916.9835,1894.9413355096508,92.4102074903492
2024-08-17 20:00:00,1901.141641,1920.795,1940.5997,1930.0038395987647,-28.862198598764735
2024-08-17 21:00:00,1860.853437,1923.3461,1964.9402,1942.6865268196752,-81.83308981967525
2024-08-17 22:00:00,1990.273012,2011.6229,1984.5027,1999.0125394402164,-8.739527440216307
2024-08-17 23:00:00,2086.083419,1964.351,1998.6237,1980.2870954254008,105.79632357459923
2024-08-18 00:00:00,1908.409011,1941.2861,2008.1547,1972.378702737411,-63.96969173741104
2024-08-18 01:00:00,1989.985209,1967.2118,1992.4395,1978.942165227645,11.04304377235485
2024-08-18 02:00:00,1821.649676,1953.1345,1968.0746,1960.0813612971851,-138.43168529718514
2024-08-18 03:00:00,1893.179915,1885.5782,1937.8966,1909.9052696708077,-16.725354670807747
2024-08-18 04:00:00,1893.645654,1905.707,1904.0338,1904.9290174308317,-11.283363430831741
2024-08-18 05:00:00,1815.568626,1813.6166,1872.029,1840.777245615595,-25.2086196155949
2024-08-18 06:00:00,1878.151541,1780.0386,1837.6378,1806.821105379181,71.33043562081889
2024-08-18 07:00:00,1758.322742,1768.4962,1805.0236,1785.480722359845,-27.15798035984494
2024-08-18 08:00:00,1765.873608,1738.1543,1777.6041,1756.497702432896,9.375905567104155
2024-08-18 09:00:00,1884.781584,1768.6815,1757.3916,1763.4319260768716,121.34965792312846
2024-08-18 10:00:00,1801.364449,1767.5742,1742.2944,1755.8196088543841,45.54484014561581
2024-08-18 11:00:00,1824.493694,1770.1267,1740.7537,1756.4688117622582,68.02488223774185
2024-08-18 12:00:00,1726.558208,1793.5452,1747.2947,1772.0395858112208,-45.48137781122091
2024-08-18 13:00:00,1703.264661,1747.2174,1762.1106,1754.142451073329,-50.87779007332915
2024-08-18 14:00:00,2009.596271,1781.3997,1780.5344,1780.9973409965687,228.59893000343118
2024-08-18 15:00:00,1781.951036,1856.8839,1801.8871,1831.3114534101032,-49.36041741010331
2024-08-18 16:00:00,1837.804402,1858.8221,1831.1356,1845.948447027517,-8.144045027516995
2024-08-18 17:00:00,1947.703894,1860.278,1863.446,1861.7510549003423,85.9528390996577
2024-08-18 18:00:00,1908.093246,1894.4142,1897.6637,1895.9251445080276,12.168101491972266
2024-08-18 19:00:00,1854.878451,1901.0103,1938.6804,1918.5261506387537,-63.64769963875369
2024-08-18 20:00:00,1826.173533,1976.567,1977.781,1977.1314980658967,-150.95796506589681
2024-08-18 21:00:00,1935.366208,1968.3635,2010.4232,1987.9204667662652,-52.55425876626532
2024-08-18 22:00:00,1957.265015,1958.355,2037.2637,1995.0459918488318,-37.78097684883187
2024-08-18 23:00:00,1947.12848,1985.5707,2059.229,2019.8203716131432,-72.69189161314307
2024-08-19 00:00:00,2266.269201,2185.651,2075.5134,2134.439099794166,131.83010120583413
2024-08-19 01:00:00,2108.803994,2244.231,2144.979,2198.0807234295266,-89.27672942952677
2024-08-19 02:00:00,2060.380713,2170.007,2189.9624,2179.2859179766238,-118.90520497662374
2024-08-19 03:00:00,2173.228139,2104.9434,2190.515,2144.732462991008,28.495676008991722
2024-08-19 04:00:00,2234.549202,2104.5793,2164.268,2132.333443402018,102.21575859798213
2024-08-19 05:00:00,1961.160138,2129.5134,2129.123,2129.3319082046673,-168.17177020466738
2024-08-19 06:00:00,1974.861472,2068.988,2095.2976,2081.2214771340127,-106.36000513401268
2024-08-19 07:00:00,1908.701009,2022.96,2059.4377,2039.9214227837676,-131.22041378376753
2024-08-19 08:00:00,1940.68827,2027.4866,2025.9666,2026.7797926583962,-86.09152265839612
2024-08-19 09:00:00,1907.197202,2000.8099,2003.769,2002.1858636402726,-94.98866164027254
2024-08-19 10:00:00,1993.954797,2026.3752,1988.2014,2008.6251542938085,-14.670357293808365
2024-08-19 11:00:00,2098.492366,1984.0398,1981.8539,1983.023387724104,115.468978275896
2024-08-19 12:00:00,1975.960817,2051.9045,1983.9463,2020.3052716405268,-44.34445464052692
2024-08-19 13:00:00,1898.219796,1998.5631,1997.9153,1998.2618832895996,-100.04208728959952
2024-08-19 14:00:00,1973.978578,1973.1439,2014.6025,1992.42137441783,-18.442796417830095
2024-08-19 15:00:00,2023.111189,2021.634,2032.7671,2026.8106886591538,-3.699499659153844
2024-08-19 16:00:00,2037.917928,2065.22,2054.8376,2060.392391265764,-22.474463265764143
2024-08-19 17:00:00,2070.078139,2068.895,2082.3618,2075.156818942547,-5.078679942546842
2024-08-19 18:00:00,1946.314038,2151.9358,2110.3347,2132.5920981931777,-186.27806019317768
2024-08-19 19:00:00,2191.499033,2173.3794,2138.392,2157.110976292777,34.38805670722286
2024-08-19 20:00:00,2158.57266,2169.9937,2159.4766,2165.1034095040136,-6.530749504013784
2024-08-19 21:00:00,2332.207402,2194.8594,2178.2996,2187.15938239179,145.04801960820987
2024-08-19 22:00:00,2217.269655,2231.383,2193.5024,2213.769305102238,3.500349897762135
2024-08-19 23:00:00,2126.105935,2222.2952,2208.2126,2215.7470675086915,-89.6411325086915
2024-08-20 00:00:00,2387.073522,2186.1396,2213.7163,2198.9622606692556,188.11126133074458
2024-08-20 01:00:00,2161.265512,2244.7864,2205.6396,2226.583907290246,-65.31839529024592
2024-08-20 02:00:00,2282.329114,2193.7556,2199.9082,2196.6164492982634,85.71266470173668
2024-08-20 03:00:00,2132.324595,2169.1948,2175.476,2172.1154836686023,-39.79088866860229
2024-08-20 04:00:00,1948.22222,2155.328,2145.8132,2150.9037538351354,-202.68153383513527
2024-08-20 05:00:00,2166.713732,2105.0698,2113.392,2108.9395163567538,57.77421564324641
2024-08-20 06:00:00,2171.537936,2080.7307,2077.3423,2079.1551596993745,92.38277630062566
2024-08-20 07:00:00,1994.642761,2059.5447,2050.9348,2055.5412582630406,-60.898497263040554
2024-08-20 08:00:00,2052.635105,2012.7567,2028.6326,2020.138678356276,32.49642664372391
2024-08-20 09:00:00,2015.884764,1996.3474,2008.1556,2001.8380089408925,14.046755059107454
2024-08-20 10:00:00,2008.313315,2015.4451,1995.7583,2006.2911031830017,2.0222118169983787
2024-08-20 11:00:00,2007.24047,2011.5458,1995.985,2004.3103102852833,2.9301597147166376
2024-08-20 12:00:00,2111.910734,1985.0585,2004.9597,1994.3121647527764,117.59856924722362
2024-08-20 13:00:00,2224.963974,2016.3694,2020.5098,2018.2945815788262,206.6693924211736
2024-08-20 14:00:00,1964.886479,2043.3403,2041.7809,2042.6152188380001,-77.72873983800014
2024-08-20 15:00:00,2091.892142,2080.0908,2074.939,2077.6953074195126,14.196834580487575
2024-08-20 16:00:00,2021.517679,2090.5552,2106.2664,2097.8605705875443,-76.34289158754427
2024-08-20 17:00:00,2237.288517,2136.8928,2136.9841,2136.9352789911472,100.35323800885271
2024-08-20 18:00:00,2091.819976,2140.0718,2166.2273,2152.2335858341503,-60.413609834150066
2024-08-20 19:00:00,2097.451509,2172.068,2193.513,2182.0395426580426,-84.5880336580426
2024-08-20 20:00:00,2204.502535,2200.525,2212.9827,2206.3175208818257,-1.814985881825578
2024-08-20 21:00:00,2199.127307,2218.706,2228.9617,2223.474716904149,-24.347409904148662
2024-08-20 22:00:00,2202.594272,2193.555,2245.7925,2217.844378903826,-15.250106903826236
2024-08-20 23:00:00,2194.963881,2230.603,2246.1216,2237.8188543520837,-42.85497335208356
2024-08-21 00:00:00,2241.20662,2204.5884,2246.306,2223.9862210818374,17.220398918162573
2024-08-21 01:00:00,2213.314064,2205.6309,2236.883,2220.1625250900242,-6.848461090024102
2024-08-21 02:00:00,2132.035293,2176.99,2223.002,2198.3846607574005,-66.34936775740061
2024-08-21 03:00:00,2209.575393,2122.193,2198.178,2157.5246032324826,52.05078976751747
2024-08-21 04:00:00,2081.975006,2160.4626,2163.4622,2161.857361269857,-79.88235526985682
2024-08-21 05:00:00,2112.670265,2097.062,2130.6318,2112.671329025715,-0.001064025714640593
2024-08-21 06:00:00,2074.675988,2077.698,2094.1965,2085.3694969703092,-10.693508970309267
2024-08-21 07:00:00,1975.970921,2022.9393,2063.0203,2041.5761875095777,-65.60526650957763
2024-08-21 08:00:00,1961.91315,2021.4524,2034.4227,2027.483347734475,-65.57019773447496
2024-08-21 09:00:00,2025.724662,2002.9602,2013.3774,2007.8040179693621,17.92064403063796
2024-08-21 10:00:00,1992.52441,1978.0812,1998.4426,1987.5488562683613,4.9755537316386835
2024-08-21 11:00:00,1934.509898,1980.1376,1994.4857,1986.8091822233682,-52.299284223368204
2024-08-21 12:00:00,1930.301819,1985.6212,2000.34,1992.465149158026,-62.16333015802593
2024-08-21 13:00:00,1993.078448,1987.4248,2014.1132,1999.8343720106627,-6.7559240106627385
2024-08-21 14:00:00,2156.301753,2015.2708,2031.9612,2023.0314781125503,133.2702748874499
2024-08-21 15:00:00,2052.04926,2052.1157,2053.7305,2052.8665482781917,-0.8172882781918815
2024-08-21 16:00:00,2118.160759,2102.2256,2082.8323,2093.2080725902124,24.952686409787475
2024-08-21 17:00:00,2073.393432,2112.8137,2116.9277,2114.726657285427,-41.333225285427034
2024-08-21 18:00:00,2221.63206,2149.3926,2151.8225,2150.52244921892,71.10961078107994
2024-08-21 19:00:00,2153.566552,2168.4922,2179.4856,2173.6039091405237,-20.03735714052391
2024-08-21 20:00:00,2110.735951,2200.032,2205.3442,2202.5020783861683,-91.76612738616814
2024-08-21 21:00:00,2124.740806,2197.5525,2221.3103,2208.59941235751,-83.85860635751033
2024-08-21 22:00:00,2081.056286,2190.6775,2228.9326,2208.4653824597985,-127.40909645979855
2024-08-21 23:00:00,2282.80389,2155.3374,2233.154,2191.520635827408,91.28325417259202
2024-08-22 00:00:00,2199.121534,2206.8782,2223.2302,2214.4815603576726,-15.360026357672723
2024-08-22 01:00:00,2225.698524,2213.8245,2202.4126,2208.5181668448986,17.18035715510132
2024-08-22 02:00:00,2109.928019,2187.745,2189.567,2188.592208326135,-78.66418932613487
2024-08-22 03:00:00,2089.599881,2162.7188,2170.234,2166.2131428476896,-76.6132618476895
2024-08-22 04:00:00,2180.577146,2147.9558,2145.0608,2146.609682602365,33.96746339763513
2024-08-22 05:00:00,2131.827763,2084.859,2113.645,2098.243880282695,33.58388271730473
2024-08-22 06:00:00,2177.783685,2057.755,2081.244,2068.6768186928534,109.10686630714645
2024-08-22 07:00:00,2037.17496,1997.956,2050.717,2022.4888902381888,14.686069761811268
2024-08-22 08:00:00,2005.687071,2016.824,2029.7142,2022.8176949904005,-17.13062399040041
2024-08-22 09:00:00,1879.844644,2005.0525,2013.1416,2008.813770145443,-128.96912614544294
2024-08-22 10:00:00,1981.848776,1984.871,2006.1761,1994.7774652878502,-12.928689287850148
2024-08-22 11:00:00,1930.18918,1971.1042,2007.6603,1988.1020932635438,-57.912913263543714
2024-08-22 12:00:00,1905.451748,1981.9818,2012.5529,1996.1967546068895,-90.74500660688955
2024-08-22 13:00:00,2069.378772,2000.7733,2027.2509,2013.0848576659816,56.29391433401838
2024-08-22 14:00:00,2031.944074,2062.1594,2046.5155,2054.88530396269,-22.94122996269016
2024-08-22 15:00:00,2210.957081,2042.3748,2070.8164,2055.5995717770306,155.35750922296938
2024-08-22 16:00:00,2047.683143,2102.4517,2095.3848,2099.165691233853,-51.482548233853095
2024-08-22 17:00:00,2040.244478,2096.8647,2125.6614,2110.2546210459236,-70.01014304592354
2024-08-22 18:00:00,2164.96604,2121.9583,2149.971,2134.9836120773493,29.98242792265046
2024-08-22 19:00:00,2136.467924,2166.3264,2172.239,2169.0756592741964,-32.60773527419633
2024-08-22 20:00:00,2133.189108,2186.9104,2192.199,2189.36948485124,-56.18037685124
2024-08-22 21:00:00,2177.476037,2204.711,2209.1033,2206.753287630686,-29.277250630686012
2024-08-22 22:00:00,2375.873579,2198.4082,2217.2812,2207.183803953334,168.689775046666
2024-08-22 23:00:00,2432.765127,2227.0593,2218.6116,2223.1312844164413,209.63384258355882
2024-08-23 00:00:00,2171.372147,2235.1658,2223.9385,2229.9452970549455,-58.57315005494547
2024-08-23 01:00:00,2131.987421,2212.2495,2226.2424,2218.755948144756,-86.76852714475626
2024-08-23 02:00:00,2203.29464,2149.8547,2205.5754,2175.7637827972903,27.53085720270974
2024-08-23 03:00:00,2120.651,2160.9692,2173.563,2166.8250878249837,-46.17408782498387
2024-08-23 04:00:00,2139.077888,2135.2632,2144.2625,2139.447668512166,-0.3697805121660167
2024-08-23 05:00:00,1889.787979,2060.3123,2114.6208,2085.5646988514745,-195.77671985147458
2024-08-23 06:00:00,2063.182079,2080.6934,2083.496,2081.996576511361,-18.81449751136097
2024-08-23 07:00:00,2007.054698,2063.9128,2057.6196,2060.9866198348554,-53.93192183485553
2024-08-23 08:00:00,2054.380111,2025.5308,2033.6486,2029.3053803069538,25.07473069304615
2024-08-23 09:00:00,1965.495034,2003.1926,2013.2347,2007.8620153556844,-42.3669813556844
2024-08-23 10:00:00,2104.381336,1997.961,1998.6759,1998.2934480524787,106.08788794752127
2024-08-23 11:00:00,1995.549575,2012.5343,1991.5706,2002.7865667877336,-7.2369917877335865
2024-08-23 12:00:00,2004.454961,1994.9796,1997.1431,1995.9855775551875,8.469383444812365
2024-08-23 13:00:00,2068.827335,2005.549,2007.1552,2006.2958025942778,62.531532405722146
2024-08-23 14:00:00,2074.209089,2038.983,2030.0216,2034.8161430099005,39.392945990099406
2024-08-23 15:00:00,2075.630539,2058.7935,2060.6904,2059.67551253208,15.955026467920106
2024-08-23 16:00:00,2020.680088,2078.2915,2089.4514,2083.4806466344917,-62.80055863449161
2024-08-23 17:00:00,2100.243807,2075.8215,2117.4238,2095.1657936288548,5.078013371145062
2024-08-23 18:00:00,2108.185277,2147.1409,2144.9814,2146.136778934082,-37.95150193408199
2024-08-23 19:00:00,2170.370607,2162.18,2170.5442,2166.069149331543,4.3014576684568055
2024-08-23 20:00:00,2299.750264,2169.5627,2191.5247,2179.774608314712,119.97565568528762
2024-08-23 21:00:00,2154.437853,2218.8345,2201.3618,2210.7100263134707,-56.27217331347083
2024-08-23 22:00:00,2237.065847,2204.9478,2210.5825,2207.5678106577498,29.49803634225009
2024-08-23 23:00:00,2227.445655,2221.1013,2210.6975,2216.263749104244,11.18190589575579
2024-08-24 00:00:00,1918.484502,1972.196,2211.9753,2083.6887683920277,-165.20426639202765
2024-08-24 01:00:00,1747.921295,1972.507,2118.086,2040.1983605397456,-292.27706553974554
2024-08-24 02:00:00,1970.295675,1958.872,2031.5615,1992.6711911794905,-22.375516179490432
2024-08-24 03:00:00,1846.941204,1891.3542,1959.5165,1923.04836393046,-76.10715993046006
2024-08-24 04:00:00,1901.768987,1901.7961,1904.3969,1903.0054213712513,-1.2364343712513346
2024-08-24 05:00:00,1855.3084,1815.4225,1863.3236,1837.6955787144107,17.612821285589234
2024-08-24 06:00:00,1775.936869,1798.4247,1829.2354,1812.751046224972,-36.81417722497213
2024-08-24 07:00:00,1759.107531,1765.3986,1801.3235,1782.102953889987,-22.995422889986912
2024-08-24 08:00:00,1835.541441,1773.9856,1777.4048,1775.575452497092,59.965988502907976
2024-08-24 09:00:00,1704.681235,1759.928,1763.8691,1761.7605424731407,-57.079307473140716
2024-08-24 10:00:00,1727.722719,1740.8134,1758.8495,1749.1998065101168,-21.47708751011669
2024-08-24 11:00:00,1873.7665,1782.8615,1761.0309,1772.7106601344103,101.05583986558963
2024-08-24 12:00:00,1824.177401,1781.8633,1768.1698,1775.4960779091634,48.681323090836486
2024-08-24 13:00:00,1840.567126,1761.5492,1781.9614,1771.0404861430338,69.52663985696609
2024-08-24 14:00:00,1786.727892,1798.0739,1796.1592,1797.183566790638,-10.455674790637886
2024-08-24 15:00:00,1921.187186,1807.0739,1818.1722,1812.2343880618716,108.95279793812847
2024-08-24 16:00:00,1824.969255,1849.896,1848.1487,1849.0835287553407,-24.11427375534072
2024-08-24 17:00:00,1830.246003,1891.9175,1880.8564,1886.7743136063818,-56.528310606381865
2024-08-24 18:00:00,1862.216939,1861.7094,1913.8071,1885.9338072733053,-23.71686827330541
2024-08-24 19:00:00,2060.614939,1941.8806,1940.0199,1941.015417551032,119.59952144896806
2024-08-24 20:00:00,1998.25688,1959.3818,1966.8524,1962.8555112653821,35.40136873461779
2024-08-24 21:00:00,1936.429962,1963.378,1990.8652,1976.159058668969,-39.72909666896908
2024-08-24 22:00:00,2008.274981,1981.9028,2008.6138,1994.3229000151368,13.952080984863187
2024-08-24 23:00:00,2044.709927,1988.1857,2022.7144,2004.2408386305924,40.4690883694077
2024-08-25 00:00:00,1948.821356,1968.2523,2036.9347,2000.1882909781477,-51.36693497814781
2024-08-25 01:00:00,1891.625899,1963.9493,2023.1945,1991.4971714863862,-99.87127248638626
2024-08-25 02:00:00,1866.271177,1926.8068,1998.0747,1959.9449748499474,-93.67379784994728
2024-08-25 03:00:00,2052.311549,1913.9376,1961.3394,1935.9785089303361,116.33304006966387
2024-08-25 04:00:00,1871.571897,1898.9579,1923.1118,1910.1889951304574,-38.61709813045741
2024-08-25 05:00:00,1855.754476,1839.9722,1889.4946,1862.9991520112653,-7.2446760112652555
2024-08-25 06:00:00,1871.512761,1821.6282,1856.8506,1838.0059124587856,33.50684854121437
2024-08-25 07:00:00,1728.531377,1749.741,1831.5548,1787.7828172287104,-59.25144022871041
2024-08-25 08:00:00,1937.950837,1762.7954,1809.663,1784.587913819901,153.3629231800992
2024-08-25 09:00:00,1767.421716,1780.8546,1790.8121,1785.4846677529024,-18.062951752902336
2024-08-25 10:00:00,1715.989063,1757.6848,1782.5682,1769.2551235629496,-53.26606056294963
2024-08-25 11:00:00,1649.680015,1743.7479,1777.2133,1759.3086552706795,-109.62864027067963
2024-08-25 12:00:00,1827.235528,1754.5706,1779.2759,1766.0580524315492,61.177475568450745
2024-08-25 13:00:00,1814.557941,1810.1825,1785.6136,1798.7584573732343,15.799483626765777
2024-08-25 14:00:00,1914.491021,1856.0533,1801.4314,1830.6551979718743,83.83582302812579
2024-08-25 15:00:00,1737.469014,1820.7382,1828.4482,1824.3231982715743,-86.85418427157424
2024-08-25 16:00:00,1793.139652,1846.1655,1855.5365,1850.5228474616529,-57.383195461652804
2024-08-25 17:00:00,1853.002667,1866.5956,1885.1396,1875.2182127984183,-22.21554579841836
2024-08-25 18:00:00,1826.997872,1924.4083,1918.7816,1921.7920146254764,-94.79414262547652
2024-08-25 19:00:00,1805.461267,1949.2762,1951.4459,1950.2851031913028,-144.82383619130292
2024-08-25 20:00:00,1976.320085,1911.1924,1982.3175,1944.2641853830955,32.055899616904526
2024-08-25 21:00:00,1962.357317,1964.7362,2006.1022,1983.970578484947,-21.61326148494709
2024-08-25 22:00:00,1994.818219,1987.8715,2029.7577,2007.3477449101504,-12.529525910150369
2024-08-25 23:00:00,1813.66427,2001.5903,2050.2883,2024.2339568168409,-210.56968681684089
2024-08-26 00:00:00,2123.511337,2199.7354,2066.8284,2137.9361819447017,-14.424844944701817
2024-08-26 01:00:00,2226.965108,2180.5806,2133.3115,2158.601378023022,68.363729976978
2024-08-26 02:00:00,2126.624021,2167.0427,2171.714,2169.214828850415,-42.590807850414876
2024-08-26 03:00:00,2174.497592,2136.9434,2175.5117,2154.8768986026844,19.62069339731579
2024-08-26 04:00:00,2056.988828,2146.4963,2155.9656,2150.89935007276,-93.91052207276016
2024-08-26 05:00:00,2110.008502,2088.474,2124.0017,2104.9937605450073,5.014741454992873
2024-08-26 06:00:00,2083.869916,2070.5562,2083.641,2076.6404054483164,7.229510551683688
2024-08-26 07:00:00,1976.86818,2031.8905,2045.8214,2038.3681051089482,-61.49992510894822
2024-08-26 08:00:00,2059.325394,2039.6072,2013.7598,2027.5886323124491,31.736761687550825
2024-08-26 09:00:00,1965.569073,2016.9258,1990.3286,2004.5586138920319,-38.98954089203198
2024-08-26 10:00:00,2014.072984,2032.2432,1978.6005,2007.3003486609427,6.77263533905716
2024-08-26 11:00:00,2005.598849,2015.4915,1975.1476,1996.7323368762086,8.86651212379138
2024-08-26 12:00:00,1910.756038,1966.43,1980.0658,1972.770409416517,-62.01437141651695
2024-08-26 13:00:00,2015.161887,2002.3021,1992.4343,1997.713789369603,17.448097630396887
2024-08-26 14:00:00,2160.997028,2009.3867,2010.1105,2009.7232507361273,151.2737772638725
2024-08-26 15:00:00,2051.96709,2033.0049,2034.9287,2033.8994255855423,18.067664414457795
2024-08-26 16:00:00,2034.606271,2054.5935,2068.218,2060.9286396147563,-26.322368614756215
2024-08-26 17:00:00,2185.481247,2092.63,2100.993,2096.5185329001356,88.96271409986457
2024-08-26 18:00:00,2202.254749,2102.84,2132.4058,2116.5875529107025,85.6671960892977
2024-08-26 19:00:00,2073.714917,2157.265,2158.5513,2157.8630329171046,-84.14811591710486
2024-08-26 20:00:00,2289.514568,2160.7092,2183.4355,2171.276525865143,118.2380421348571
2024-08-26 21:00:00,2200.933421,2238.801,2202.9512,2222.1315386728174,-21.19811767281726
2024-08-26 22:00:00,2189.828793,2207.035,2217.6653,2211.977828533717,-22.14903553371687
2024-08-26 23:00:00,2215.619588,2198.999,2223.7522,2210.508769277094,5.11081872290606
2024-08-27 00:00:00,2263.782626,2218.873,2221.9756,2220.3156673775156,43.466958622484526
2024-08-27 01:00:00,2219.857289,2206.1963,2214.949,2210.2661181178737,9.591170882126335
2024-08-27 02:00:00,2240.895835,2228.5579,2201.0874,2215.784630581937,25.111204418062698
2024-08-27 03:00:00,2161.272479,2171.727,2181.8171,2176.418745992807,-15.146266992806886
2024-08-27 04:00:00,1986.49687,2085.752,2150.7866,2115.99181263878,-129.49494263878023
2024-08-27 05:00:00,2257.832027,2147.8606,2115.434,2132.7828956304443,125.04913136955565
2024-08-27 06:00:00,2272.508681,2071.4106,2080.9167,2075.830798332513,196.67788266748676
2024-08-27 07:00:00,2032.773176,2081.8518,2053.8647,2068.838366185331,-36.06519018533095
2024-08-27 08:00:00,2057.953806,2019.0427,2030.0028,2024.1389506802898,33.814855319710205
2024-08-27 09:00:00,2028.729562,2005.7014,2012.1981,2008.7222574448188,20.007304555181236
2024-08-27 10:00:00,2080.108203,1992.9478,2003.2222,1997.7251572134478,82.38304578655197
2024-08-27 11:00:00,1962.406063,2007.6031,2002.3546,2005.1626823411098,-42.756619341109854
2024-08-27 12:00:00,1889.746754,1995.1649,2011.9347,2002.9625373649683,-113.21578336496827
2024-08-27 13:00:00,2089.935135,2018.5544,2030.98,2024.3320771707959,65.60305782920432
2024-08-27 14:00:00,2051.249061,2040.1299,2055.6133,2047.329362846301,3.9196981536990734
2024-08-27 15:00:00,2147.359443,2056.786,2082.6917,2068.8315655306988,78.52787746930107
2024-08-27 16:00:00,2086.429815,2083.034,2112.4978,2096.7340624532017,-10.304247453201697
2024-08-27 17:00:00,2057.441883,2102.4387,2142.3245,2120.9848173931614,-63.54293439316143
2024-08-27 18:00:00,2213.26723,2151.0537,2174.2148,2161.8231885762043,51.444041423795625
2024-08-27 19:00:00,1981.473406,2166.6887,2199.5461,2181.966784734488,-200.49337873448803
2024-08-27 20:00:00,2113.942517,2180.6414,2222.46,2200.0861971492436,-86.14368014924366
2024-08-27 21:00:00,2214.497957,2215.1506,2237.377,2225.485441810677,-10.98748481067696
2024-08-27 22:00:00,2177.389439,2221.9072,2245.4556,2232.8567479623775,-55.4673089623775
2024-08-27 23:00:00,2120.466405,2234.4827,2250.0845,2241.7372035678172,-121.27079856781711
2024-08-28 00:00:00,2152.519774,2195.6096,2247.8257,2219.889076586056,-67.36930258605616
2024-08-28 01:00:00,2142.983541,2193.8384,2233.718,2212.3816375798747,-69.39809657987462
2024-08-28 02:00:00,2206.505746,2175.1067,2215.0554,2193.682074472533,12.823671527467013
2024-08-28 03:00:00,2210.180258,2165.5247,2184.533,2174.3631494751476,35.8171085248523
2024-08-28 04:00:00,2137.224859,2126.6375,2154.9194,2139.788024580194,-2.5631655801939814
2024-08-28 05:00:00,2086.170747,2103.9832,2120.1194,2111.4861885660966,-25.315441566096524
2024-08-28 06:00:00,2077.191178,2085.208,2089.4082,2087.161017186538,-9.969839186538138
2024-08-28 07:00:00,2104.593909,2048.706,2059.348,2053.6543065826963,50.93960241730383
2024-08-28 08:00:00,1899.775359,2011.4669,2034.5022,2022.1778766856028,-122.40251768560279
2024-08-28 09:00:00,1897.007431,2014.9677,2016.6288,2015.74004591386,-118.73261491386006
2024-08-28 10:00:00,2000.605901,1974.2307,2003.3046,1987.7494905482288,12.856410451771126
2024-08-28 11:00:00,2164.399148,1977.259,1995.4956,1985.7386856800222,178.6604623199778
2024-08-28 12:00:00,1967.431213,1990.4602,1994.6497,1992.4082195432784,-24.97700654327832
2024-08-28 13:00:00,1997.435127,2011.697,2004.9103,2008.5413175152862,-11.106190515286244
2024-08-28 14:00:00,2173.756272,2039.4117,2022.2942,2031.4524126161295,142.30385938387053
2024-08-28 15:00:00,1917.073748,2044.7174,2049.0867,2046.7490296552114,-129.6752816552114
2024-08-28 16:00:00,2124.916257,2073.5554,2081.102,2077.06445693425,47.85180006575001
2024-08-28 17:00:00,2093.250355,2097.011,2111.279,2103.645360533981,-10.39500553398102
2024-08-28 18:00:00,2127.885049,2156.897,2139.5342,2148.8236106088857,-20.93856160888572
2024-08-28 19:00:00,2023.587602,2145.1965,2167.03,2155.348685511905,-131.76108351190487
2024-08-28 20:00:00,2307.262204,2182.1646,2186.7078,2184.2770566776394,122.98514732236072
2024-08-28 21:00:00,2197.17052,2201.2288,2198.9292,2200.159508702264,-2.9889887022636685
2024-08-28 22:00:00,2220.320294,2183.7595,2208.3735,2195.204560549777,25.11573345022316
2024-08-28 23:00:00,2281.492151,2231.05,2211.7664,2222.083506255596,59.40864474440377
2024-08-29 00:00:00,2228.844163,2206.1191,2217.8022,2211.5515581200725,17.292604879927694
2024-08-29 01:00:00,2064.621282,2200.328,2212.218,2205.8565638711407,-141.23528187114061
2024-08-29 02:00:00,2212.420899,2187.7124,2196.6538,2191.869982866581,20.550916133419378
2024-08-29 03:00:00,2245.591859,2155.1394,2170.3909,2162.2310397070223,83.3608192929778
2024-08-29 04:00:00,2226.969755,2150.44,2144.5996,2147.724300261996,79.2454547380039
2024-08-29 05:00:00,2075.615782,2125.6023,2118.3938,2122.250484018721,-46.63470201872133
2024-08-29 06:00:00,2041.708427,2063.3088,2092.191,2076.738445072566,-35.03001807256578
2024-08-29 07:00:00,2071.23874,2020.8467,2067.6255,2042.5979185925214,28.64082140747837
2024-08-29 08:00:00,1947.321859,2020.1602,2043.401,2030.966698383044,-83.6448393830442
2024-08-29 09:00:00,1957.249711,1974.825,2025.9197,1998.583008242105,-41.33329724210512
2024-08-29 10:00:00,2027.051844,1996.5593,2009.2607,2002.465238325115,24.58660567488505
2024-08-29 11:00:00,2063.455914,1967.716,2007.1608,1986.0570207672508,77.39889323274929
2024-08-29 12:00:00,2006.613093,1988.8268,2014.0156,2000.5391056776402,6.073987322359699
2024-08-29 13:00:00,2035.424169,2010.8116,2027.8413,2018.7301086194134,16.694060380586507
2024-08-29 14:00:00,2077.587941,2037.6869,2046.9319,2041.985633107598,35.60230789240177
2024-08-29 15:00:00,2163.593281,2054.979,2074.424,2064.020583632711,99.57269736728904
2024-08-29 16:00:00,1999.074801,2080.719,2105.312,2092.15427042957,-93.07946942956983
2024-08-29 17:00:00,2032.398158,2099.468,2134.8838,2115.9356645687158,-83.5375065687158
2024-08-29 18:00:00,2031.952079,2161.8508,2155.6187,2158.952988280225,-127.00090928022496
2024-08-29 19:00:00,1965.076362,2129.973,2174.499,2150.676684198329,-185.60032219832897
2024-08-29 20:00:00,2346.227948,2177.0461,2186.1914,2181.2985128491146,164.92943515088564
2024-08-29 21:00:00,2219.982604,2191.2441,2192.325,2191.7466965712256,28.235907428774226
2024-08-29 22:00:00,2202.527997,2223.511,2207.3018,2215.9740093826167,-13.446012382616573
2024-08-29 23:00:00,2255.472314,2227.0193,2216.3071,2222.038341265113,33.43397273488699
2024-08-30 00:00:00,2189.96304,2209.4116,2219.9573,2214.3151458502944,-24.352105850294265
2024-08-30 01:00:00,2402.03363,2213.5447,2206.7483,2210.384489699355,191.64914030064483
2024-08-30 02:00:00,2161.637063,2208.4265,2186.8203,2198.380049094276,-36.74298609427569
2024-08-30 03:00:00,2050.448493,2153.687,2169.151,2160.8774101000326,-110.42891710003278
2024-08-30 04:00:00,2135.063794,2176.374,2141.8867,2160.338095503493,-25.274301503493007
2024-08-30 05:00:00,2028.676649,2058.286,2114.2595,2084.312542541151,-55.635893541150836
2024-08-30 06:00:00,2010.500987,2087.6177,2080.615,2084.361562791507,-73.86057579150702
2024-08-30 07:00:00,2111.580958,2048.8088,2055.4927,2051.9166929030084,59.664265096991585
2024-08-30 08:00:00,2061.143287,2043.3413,2030.4071,2037.3271544945585,23.816132505441374
2024-08-30 09:00:00,2000.63785,1996.8718,2013.2491,2004.4869620893683,-3.849112089368191
2024-08-30 10:00:00,1807.930415,2010.5635,2005.1053,2008.0255520059613,-200.0951370059613
2024-08-30 11:00:00,1905.393108,1986.391,2006.0411,1995.5279282888393,-90.13482028883936
2024-08-30 12:00:00,1968.276596,1995.8715,2007.4164,2001.239624764444,-32.96302876444406
2024-08-30 13:00:00,1851.240693,2023.7769,2016.6125,2020.4455918044187,-169.2048988044187
2024-08-30 14:00:00,2104.549912,2009.9479,2032.875,2020.6085440660331,83.94136793396683
2024-08-30 15:00:00,2126.886224,2055.6274,2050.0837,2053.0497278596163,73.83649614038359
2024-08-30 16:00:00,2063.78832,2087.2695,2075.769,2081.9220272059724,-18.133707205972314
2024-08-30 17:00:00,2193.48065,2094.7612,2101.963,2098.1098627935226,95.37078720647742
2024-08-30 18:00:00,2141.704003,2138.6238,2126.6985,2133.0787493105768,8.625253689423062
2024-08-30 19:00:00,2126.021274,2166.9722,2152.7048,2160.3381343248634,-34.31686032486323
2024-08-30 20:00:00,2145.886336,2187.952,2172.8152,2180.913623595272,-35.0272875952719
2024-08-30 21:00:00,2291.598234,2197.3245,2190.5654,2194.1816435160463,97.41659048395377
2024-08-30 22:00:00,2148.175212,2186.1492,2199.1057,2192.173711161134,-43.99849916113408
2024-08-30 23:00:00,2131.873326,2223.0752,2207.453,2215.811122025163,-83.93779602516315
2024-08-31 00:00:00,1992.271682,1926.5479,2205.4927,2056.2517857860807,-63.98010378608069
2024-08-31 01:00:00,1903.688361,1918.6897,2109.4949,2007.410404087711,-103.72204308771097
2024-08-31 02:00:00,1902.636793,1947.3472,2019.2391,1980.7755389213412,-78.1387459213413
2024-08-31 03:00:00,1927.74394,1896.8845,1949.3611,1921.2851054702676,6.458834529732485
2024-08-31 04:00:00,1934.098865,1907.7408,1894.0798,1901.3887396330376,32.7101253669623
2024-08-31 05:00:00,1942.886292,1822.084,1854.0054,1836.9268102094288,105.95948179057109
2024-08-31 06:00:00,1829.304626,1802.4851,1823.4219,1812.220298359413,17.084327640587162
2024-08-31 07:00:00,1892.427255,1813.6562,1801.1726,1807.851598272338,84.57565672766214
2024-08-31 08:00:00,1701.675259,1785.8624,1784.507,1785.2321600730497,-83.55690107304963
2024-08-31 09:00:00,1745.905693,1788.3899,1774.3988,1781.8843075570426,-35.97861455704265
2024-08-31 10:00:00,1703.895737,1760.3636,1766.1405,1763.0497732345075,-59.15403623450743
2024-08-31 11:00:00,1605.56854,1724.9008,1762.4531,1742.3618798516907,-136.7933398516907
2024-08-31 12:00:00,1824.610654,1751.0914,1765.9064,1757.9800911404282,66.63056285957191
2024-08-31 13:00:00,1820.817244,1794.9462,1775.8263,1786.0557967801547,34.76144721984542
2024-08-31 14:00:00,1814.416164,1825.3208,1793.1917,1810.381368868159,4.034795131841065
2024-08-31 15:00:00,1910.543601,1835.1449,1818.124,1827.2305210929699,83.31307990703021
2024-08-31 16:00:00,1745.977766,1842.4839,1847.1145,1844.6370330101581,-98.65926701015815
2024-08-31 17:00:00,1892.380672,1865.7152,1879.4481,1872.100746887795,20.279925112205092
2024-08-31 18:00:00,1922.131931,1883.852,1909.726,1895.8829131944035,26.249017805596395
2024-08-31 19:00:00,1871.363834,1893.2731,1937.2775,1913.7342614538738,-42.370427453873845
2024-08-31 20:00:00,2030.503511,1965.6254,1966.6327,1966.0937524395636,64.40975856043633
2024-08-31 21:00:00,1891.7242,1972.1864,1990.2816,1980.6003253839842,-88.87612538398412
2024-08-31 22:00:00,2126.792642,1958.6034,2010.0114,1982.5070976271782,144.28554437282173
2024-08-31 23:00:00,1904.496189,1974.8167,2023.8605,1997.621077186116,-93.1248881861161
2024-09-01 00:00:00,1851.087726,1940.5972,2037.9447,1985.8618836896208,-134.77415768962078
2024-09-01 01:00:00,1973.562505,1971.1108,2019.816,1993.7578134887067,-20.195308488706587
2024-09-01 02:00:00,1979.512851,1957.2274,1992.0741,1973.4304473325292,6.082403667470771
2024-09-01 03:00:00,1848.307892,1929.7178,1958.6104,1943.1522620076694,-94.84437000766934
2024-09-01 04:00:00,1732.648334,1930.7722,1925.8533,1928.4850026101672,-195.83666861016718
2024-09-01 05:00:00,1897.231261,1845.5612,1890.3577,1866.3906651613152,30.84059583868475
2024-09-01 06:00:00,1852.718767,1802.9021,1853.0543,1826.2219101852738,26.496856814726243
2024-09-01 07:00:00,1828.358149,1766.8757,1818.4891,1790.8749641267914,37.48318487320853
2024-09-01 08:00:00,1741.08705,1819.6051,1787.2977,1804.5828005467429,-63.495750546742784
2024-09-01 09:00:00,1632.408455,1765.0598,1764.4283,1764.766193275146,-132.35773827514595
2024-09-01 10:00:00,1584.407987,1707.4697,1745.8901,1725.3344722723589,-140.92648527235883
2024-09-01 11:00:00,1737.117868,1735.2057,1734.0867,1734.6853665475978,2.432501452402221
2024-09-01 12:00:00,1619.450818,1785.5203,1729.479,1759.462164580755,-140.0113465807549
2024-09-01 13:00:00,1849.765038,1733.5878,1735.2218,1734.3475623084912,115.4174756915088
2024-09-01 14:00:00,1906.720507,1845.3472,1746.8602,1799.552651344099,107.1678556559009
2024-09-01 15:00:00,1880.276526,1809.4104,1766.4901,1789.4532987009018,90.82322729909833
2024-09-01 16:00:00,1729.801607,1817.6014,1791.4652,1805.4486000711488,-75.6469930711487
2024-09-01 17:00:00,1840.053272,1854.1516,1819.2527,1837.9242875672971,2.128984432702964
2024-09-01 18:00:00,1867.342917,1826.5055,1851.6206,1838.183533376884,29.1593836231159
2024-09-01 19:00:00,1949.881014,1876.4133,1887.6664,1881.6457809368126,68.23523306318748
2024-09-01 20:00:00,1963.795356,1921.5823,1922.545,1922.0299440994438,41.76541190055627
2024-09-01 21:00:00,1901.298006,1935.6765,1959.0796,1946.5584902811484,-45.260484281148365
2024-09-01 22:00:00,2045.530187,1949.3818,1992.5,1969.4309461192984,76.0992408807017
2024-09-01 23:00:00,1895.866381,2005.8553,2019.6809,2012.2839646956782,-116.4175836956781
2024-09-02 00:00:00,2455.13576,2247.2742,2039.5173,2150.6712698379324,304.4644901620677
2024-09-02 01:00:00,2356.927662,2206.105,2108.9478,2160.9287540996033,195.99890790039672
2024-09-02 02:00:00,2210.012938,2214.912,2159.3552,2189.079235266331,20.933702733668724
2024-09-02 03:00:00,2176.802953,2165.9038,2172.7336,2169.079548958707,7.723404041292724
2024-09-02 04:00:00,2078.096802,2123.1875,2154.291,2137.6500316352294,-59.5532296352294
2024-09-02 05:00:00,2057.821495,2106.092,2116.7085,2111.028486762548,-53.20699176254766
2024-09-02 06:00:00,2070.922008,2059.224,2077.334,2067.6448563499353,3.277151650064752
2024-09-02 07:00:00,1865.973271,2025.6534,2040.0919,2032.3670540068897,-166.39378300688963
2024-09-02 08:00:00,2119.036946,2073.7368,2007.7979,2043.076476380877,75.96046961912316
2024-09-02 09:00:00,2086.751472,2016.266,1982.8151,2000.7119584636775,86.03951353632237
2024-09-02 10:00:00,1977.89002,2002.6306,1966.5293,1985.8442022403956,-7.954182240395539
2024-09-02 11:00:00,2011.546689,2016.9468,1963.0769,1991.8983309713406,19.64835802865946
2024-09-02 12:00:00,2139.62144,2001.4532,1968.9646,1986.3466559905582,153.27478400944165
2024-09-02 13:00:00,2058.433406,2033.847,1980.8945,2009.225153392742,49.208252607258146
2024-09-02 14:00:00,2117.636563,2064.7349,2005.0961,2037.0039805566062,80.63258244339386
2024-09-02 15:00:00,2257.511635,2084.1155,2037.94,2062.6447491527597,194.86688584724016
2024-09-02 16:00:00,1935.708788,2131.6235,2073.2168,2104.46553442452,-168.75674642451986
2024-09-02 17:00:00,2261.971874,2165.2844,2110.545,2139.8316168773426,122.1402571226572
2024-09-02 18:00:00,2363.733784,2185.7148,2143.3123,2165.998462612337,197.73532138766313
2024-09-02 19:00:00,2223.336038,2185.22,2177.3162,2181.5448529703235,41.7911850296764
2024-09-02 20:00:00,2304.682274,2219.3496,2203.6428,2212.046257940522,92.6360160594777
2024-09-02 21:00:00,2283.461264,2219.8765,2226.6133,2223.008953838589,60.45231016141088
2024-09-02 22:00:00,2418.488842,2253.8894,2246.3157,2250.3677664916313,168.1210755083689
2024-09-02 23:00:00,2273.511296,2280.8289,2261.2776,2271.7378962098464,1.7733997901536895
2024-09-03 00:00:00,2169.454518,2236.2378,2271.8044,2252.775595725044,-83.32107772504378
2024-09-03 01:00:00,2334.400494,2186.6323,2264.6294,2222.8994494675453,111.50104453245467
2024-09-03 02:00:00,2319.046733,2187.3887,2247.3645,2215.2762698659108,103.77046313408937
2024-09-03 03:00:00,2134.783633,2172.4417,2223.4084,2196.140222636861,-61.35658963686092
2024-09-03 04:00:00,2354.252642,2118.3125,2193.6917,2153.3623432493873,200.8902987506126
2024-09-03 05:00:00,2109.504245,2100.9326,2153.6821,2125.460117267334,-15.955872267334144
2024-09-03 06:00:00,2100.960053,2083.0737,2124.1953,2102.1944687218756,-1.2344157218758482
2024-09-03 07:00:00,2111.292198,2063.471,2096.4915,2078.8248430955155,32.46735490448464
2024-09-03 08:00:00,2030.647693,2065.3066,2070.3723,2067.6620807262507,-37.01438772625079
2024-09-03 09:00:00,1962.54766,2053.0466,2051.9514,2052.537377194417,-89.98971719441693
2024-09-03 10:00:00,1965.601008,2056.7957,2040.9403,2049.4232255429306,-83.8222175429305
2024-09-03 11:00:00,2071.100845,2073.962,2034.3035,2055.521505103644,15.579339896356032
2024-09-03 12:00:00,2135.16371,2060.7673,2036.4933,2049.480372433118,85.68333756688162
2024-09-03 13:00:00,2043.556671,2064.831,2048.5962,2057.2821580730615,-13.725487073061458
2024-09-03 14:00:00,2084.801153,2078.8855,2069.2498,2074.4050647770223,10.396088222977596
2024-09-03 15:00:00,2066.587711,2116.9573,2092.243,2105.4655793354113,-38.87786833541122
2024-09-03 16:00:00,2019.087132,2095.3066,2121.2268,2107.3590152025563,-88.27188320255618
2024-09-03 17:00:00,2131.697872,2141.0896,2148.0469,2144.324597757013,-12.626725757012991
2024-09-03 18:00:00,2188.924974,2176.6694,2174.25,2175.544443888058,13.38053011194188
2024-09-03 19:00:00,2236.564811,2181.6396,2203.6199,2191.8600266608228,44.70478433917742
2024-09-03 20:00:00,2225.481328,2192.3406,2226.8145,2208.3702604697755,17.111067530224318
2024-09-03 21:00:00,2182.96025,2224.4773,2248.0146,2235.421707892211,-52.461457892211
2024-09-03 22:00:00,2324.869488,2243.4812,2259.9038,2251.1173951711444,73.75209282885544
2024-09-03 23:00:00,2352.522319,2251.1477,2266.797,2258.4243791583303,94.09793984166981
2024-09-04 00:00:00,2213.784584,2229.762,2268.684,2247.859993549545,-34.07540954954493
2024-09-04 01:00:00,2142.453913,2183.7761,2258.4744,2218.5093571853463,-76.05544418534646
2024-09-04 02:00:00,2283.919325,2188.1487,2239.1797,2211.8771098195148,72.04221518048507
2024-09-04 03:00:00,2085.310909,2190.9263,2211.554,2200.5177433176877,-115.20683431768794
2024-09-04 04:00:00,2140.059478,2136.539,2181.422,2157.408813507474,-17.349335507473825
2024-09-04 05:00:00,1978.57323,2104.751,2144.9587,2123.4468069984305,-144.8735769984305
2024-09-04 06:00:00,2014.763667,2079.6316,2105.3967,2091.6118807575676,-76.84821375756769
2024-09-04 07:00:00,1951.580866,2062.8584,2068.346,2065.410002233144,-113.82913623314403
2024-09-04 08:00:00,1966.722865,2042.9078,2039.2399,2041.202302571145,-74.47943757114513
2024-09-04 09:00:00,1972.961922,2046.7839,2013.2874,2031.2086744368537,-58.24675243685374
2024-09-04 10:00:00,2148.174034,2046.522,1995.026,2022.5773443870992,125.59668961290095
2024-09-04 11:00:00,2046.049394,2024.0612,1987.4755,2007.0495192501319,38.99987474986801
2024-09-04 12:00:00,2029.890503,2015.8824,1992.2617,2004.8992660145395,24.991236985460546
2024-09-04 13:00:00,2051.617523,2025.0857,2003.1149,2014.8696856813267,36.74783731867319
2024-09-04 14:00:00,2035.176274,2050.8186,2022.3062,2037.5608666075912,-2.3845926075912303
2024-09-04 15:00:00,2106.22409,2062.4019,2051.6702,2057.41182797197,48.81226202803009
2024-09-04 16:00:00,2161.916685,2112.7231,2079.5017,2097.2758212010785,64.6408637989216
2024-09-04 17:00:00,2114.394289,2123.661,2114.757,2119.5207903301416,-5.126501330141764
2024-09-04 18:00:00,2198.552485,2163.574,2147.6816,2156.1843474759744,42.36813752402577
2024-09-04 19:00:00,2215.010351,2179.5447,2178.0842,2178.8655971673265,36.14475383267336
2024-09-04 20:00:00,2254.341185,2201.7727,2199.4214,2200.6793876355905,53.66179736440972
2024-09-04 21:00:00,2146.887411,2215.4045,2222.738,2218.814474494895,-71.92706349489481
2024-09-04 22:00:00,2181.633927,2233.0674,2237.7756,2235.256628672668,-53.62270167266797
2024-09-04 23:00:00,2125.813743,2240.8582,2245.2136,2242.883362808433,-117.06961980843289
2024-09-05 00:00:00,2201.268089,2273.9202,2247.3047,2261.544484608421,-60.2763956084209
2024-09-05 01:00:00,2141.292411,2213.1982,2233.55,2222.661437632118,-81.36902663211822
2024-09-05 02:00:00,2178.086316,2182.349,2210.4753,2195.4272683232366,-17.340952323236706
2024-09-05 03:00:00,2236.834009,2202.7908,2184.8235,2194.4363322915724,42.39767670842775
2024-09-05 04:00:00,1977.3541,2129.601,2154.9019,2141.3654468908226,-164.01134689082255
2024-09-05 05:00:00,2215.399629,2094.299,2122.467,2107.396631527369,108.0029974726308
2024-09-05 06:00:00,1888.628957,2097.323,2081.6792,2090.0489349417685,-201.4199779417686
2024-09-05 07:00:00,2172.302664,2104.7512,2047.1158,2077.951888485535,94.35077551446466
2024-09-05 08:00:00,2128.75663,2046.158,2014.9167,2031.6314016988924,97.12522830110743
2024-09-05 09:00:00,2110.478461,2005.5441,1993.7765,2000.0723717405986,110.4060892594016
2024-09-05 10:00:00,2088.376675,2024.2606,1982.6351,2004.9055752290924,83.47109977090759
2024-09-05 11:00:00,2050.220525,2004.9073,1983.3324,1994.8754146992424,55.345110300757824
2024-09-05 12:00:00,2027.018253,2018.4974,1993.8073,2007.016979013215,20.00127398678501
2024-09-05 13:00:00,1988.919113,2029.8846,2010.8505,2021.0341190930783,-32.115006093078364
2024-09-05 14:00:00,2159.288843,2064.185,2033.9838,2050.142042544533,109.14680045546675
2024-09-05 15:00:00,1966.024201,2090.2769,2061.7212,2076.9990254045197,-110.97482440451972
2024-09-05 16:00:00,2144.764973,2104.9023,2095.5203,2100.5398584422273,44.225114557772486
2024-09-05 17:00:00,2282.251132,2101.2585,2124.8835,2112.2437118078865,170.0074201921134
2024-09-05 18:00:00,2157.2545,2164.1868,2154.1472,2159.5185711424588,-2.2640711424587607
2024-09-05 19:00:00,2252.513075,2166.4587,2183.6306,2174.443329128374,78.06974587162586
2024-09-05 20:00:00,2210.279124,2187.6382,2205.739,2196.054718585646,14.22440541435435
2024-09-05 21:00:00,2110.945979,2213.2554,2226.2993,2219.320552728028,-108.37457372802783
2024-09-05 22:00:00,2170.768699,2214.6677,2240.9941,2226.9089975593097,-56.140298559309485
2024-09-05 23:00:00,2271.623571,2222.6238,2244.749,2232.9115887901453,38.711982209854796
2024-09-06 00:00:00,2213.689229,2240.329,2239.4924,2239.940066272752,-26.25083727275205
2024-09-06 01:00:00,2151.747499,2236.309,2226.527,2231.7606498881673,-80.01315088816727
2024-09-06 02:00:00,2200.053881,2191.9995,2213.1277,2201.8237028509666,-1.769821850966764
2024-09-06 03:00:00,2301.893787,2187.285,2191.0168,2189.0201888642896,112.87359813571038
2024-09-06 04:00:00,2025.291918,2136.9624,2158.8306,2147.1306745857496,-121.8387565857497
2024-09-06 05:00:00,2104.553649,2063.9536,2127.6833,2093.5867048861583,10.966944113841691
2024-09-06 06:00:00,2125.280435,2116.5227,2090.8315,2104.576812876345,20.70362212365535
2024-09-06 07:00:00,1848.104969,2099.7214,2059.8472,2081.180674327693,-233.07570532769296
2024-09-06 08:00:00,1918.79919,2053.2227,2038.6246,2046.4348588769149,-127.6356688769149
2024-09-06 09:00:00,2021.313237,2045.0206,2017.0758,2032.0268285010889,-10.713591501088786
2024-09-06 10:00:00,2030.034715,1995.694,2002.501,1998.8590959101389,31.17561908986113
2024-09-06 11:00:00,1952.147975,2003.6343,1992.2023,1998.3186158438643,-46.17064084386425
2024-09-06 12:00:00,2003.618277,2010.6328,1991.7932,2001.8727640016032,1.7455129983968618
2024-09-06 13:00:00,2030.109488,2009.4932,1997.8154,2004.0632440218697,26.046243978130406
2024-09-06 14:00:00,2041.48907,2032.9424,2011.8398,2023.1301113492136,18.358958650786462
2024-09-06 15:00:00,2090.011265,2052.9526,2037.8864,2045.9471067265408,44.06415827345927
2024-09-06 16:00:00,2257.5864,2107.8093,2066.7578,2088.7211683471587,168.86523165284143
2024-09-06 17:00:00,2284.01741,2130.6106,2096.9065,2114.938842035098,169.07856796490205
2024-09-06 18:00:00,2159.029844,2173.7651,2132.1274,2154.404415797831,4.625428202169132
2024-09-06 19:00:00,2150.267962,2183.772,2160.7021,2173.0449517430684,-22.776989743068498
2024-09-06 20:00:00,2270.76588,2215.5237,2181.666,2199.7805234796733,70.9853565203266
2024-09-06 21:00:00,2287.257241,2232.9773,2198.2327,2216.821716215941,70.435524784059
2024-09-06 22:00:00,2394.524437,2223.628,2214.5044,2219.385662754937,175.1387742450629
2024-09-06 23:00:00,2310.431953,2247.4377,2222.2498,2235.7258180118447,74.7061349881551
2024-09-07 00:00:00,2138.39487,1979.132,2220.4744,2091.3514974810623,47.04337251893776
2024-09-07 01:00:00,1853.809712,1992.9749,2134.827,2058.9333064661014,-205.1235944661014
2024-09-07 02:00:00,1971.995826,1957.6575,2053.7083,2002.3192214571159,-30.323395457115794
2024-09-07 03:00:00,1959.109684,1950.4882,1984.8179,1966.4508095299382,-7.341125529938154
2024-09-07 04:00:00,1948.55313,1939.1503,1930.7935,1935.2645132437922,13.28861675620783
2024-09-07 05:00:00,1881.064562,1896.549,1889.251,1893.1555339715599,-12.090971971559838
2024-09-07 06:00:00,1871.018873,1878.9116,1855.742,1868.1381702320691,2.8807027679308703
2024-09-07 07:00:00,1810.250337,1853.6658,1827.3427,1841.4260310633028,-31.1756940633029
2024-09-07 08:00:00,1790.70742,1799.365,1806.095,1802.4943006508329,-11.786880650832927
2024-09-07 09:00:00,1813.38234,1776.4247,1788.5469,1782.0612670129349,31.321072987065236
2024-09-07 10:00:00,1755.159597,1757.0133,1778.2535,1766.889602777602,-11.730005777601946
2024-09-07 11:00:00,1813.721969,1786.8062,1776.7385,1782.1249010325887,31.59706796741125
2024-09-07 12:00:00,1703.398255,1801.1227,1779.1016,1790.8832877307796,-87.4850327307795
2024-09-07 13:00:00,1893.217597,1802.75,1788.5549,1796.1495684704305,97.06802852956957
2024-09-07 14:00:00,1807.239995,1828.2286,1802.2961,1816.1705303246044,-8.930535324604534
2024-09-07 15:00:00,1755.534447,1834.5845,1823.2678,1829.32244966655,-73.78800266655003
2024-09-07 16:00:00,1878.655157,1831.0693,1849.404,1839.5946237183011,39.06053328169878
2024-09-07 17:00:00,1841.184284,1916.908,1876.4929,1898.1157495110951,-56.93146551109521
2024-09-07 18:00:00,1826.296764,1940.116,1905.096,1923.8323367904345,-97.53557279043457
2024-09-07 19:00:00,1994.115711,1899.703,1933.0062,1915.1883556797786,78.9273553202213
2024-09-07 20:00:00,1848.025703,1980.895,1956.87,1969.7238490496002,-121.69814604960015
2024-09-07 21:00:00,2072.80202,1968.5621,1982.3285,1974.9632230458574,97.83879695414271
2024-09-07 22:00:00,1872.658442,2017.9742,2001.2175,2010.1826961464035,-137.52425414640356
2024-09-07 23:00:00,1773.535109,2015.7986,2023.7467,2019.4943057163273,-245.95919671632737
2024-09-08 00:00:00,1990.565296,1966.4517,2031.0359,1996.4820740588295,-5.91677805882955
2024-09-08 01:00:00,1959.558616,2009.7687,2007.9636,2008.9293617841463,-49.370745784146266
2024-09-08 02:00:00,1879.432083,1982.9407,1982.9651,1982.9520258937728,-103.51994289377285
2024-09-08 03:00:00,1901.70276,1892.9963,1951.4852,1920.19253832326,-18.489778323259998
2024-09-08 04:00:00,1755.667844,1848.9963,1914.9413,1879.6594591720816,-123.99161517208154
2024-09-08 05:00:00,1804.2481,1815.3877,1873.0488,1842.199003959348,-37.9509039593479
2024-09-08 06:00:00,1819.156628,1830.0592,1834.345,1832.0520024656962,-12.89537446569625
2024-09-08 07:00:00,1823.780457,1789.0878,1801.7435,1794.9724523451664,28.808004654833667
2024-09-08 08:00:00,1718.120335,1753.323,1772.2782,1762.1367985761137,-44.016463576113665
2024-09-08 09:00:00,1804.335309,1712.422,1748.026,1728.9771684870475,75.35814051295256
2024-09-08 10:00:00,1761.44264,1777.1702,1728.0056,1754.3096032555059,7.13303674449412
2024-09-08 11:00:00,1767.479777,1754.2296,1714.3315,1735.677784774624,31.801992225376125
2024-09-08 12:00:00,1789.116208,1714.8452,1709.953,1712.5704311689262,76.54577683107368
2024-09-08 13:00:00,1770.364212,1804.5103,1714.3601,1762.5921838986633,7.772028101336673
2024-09-08 14:00:00,1691.212313,1796.5355,1729.1914,1765.2218142972085,-74.00950129720854
2024-09-08 15:00:00,1934.336606,1767.0486,1752.9851,1760.5093400886471,173.82726591135292
2024-09-08 16:00:00,1793.612925,1815.2458,1780.5122,1799.0953793329822,-5.482454332982343
2024-09-08 17:00:00,1768.334896,1842.3641,1817.1111,1830.621956358456,-62.28706035845585
2024-09-08 18:00:00,1803.503716,1865.1411,1854.2281,1860.0667966970354,-56.5630806970355
2024-09-08 19:00:00,2033.422448,1905.1295,1894.3613,1900.1225177666392,133.29993023336078
2024-09-08 20:00:00,1960.61735,1963.4232,1932.1726,1948.8922899426807,11.725060057319297
2024-09-08 21:00:00,2039.988189,2016.8245,1972.9784,1996.4368908715392,43.55129812846076
2024-09-08 22:00:00,1964.618586,1931.8932,2009.057,1967.7728677248,-3.1542817248000574
2024-09-08 23:00:00,2010.970362,2018.7512,2041.0211,2029.1062911853583,-18.135929185358236
2024-09-09 00:00:00,2293.586996,2237.331,2062.702,2156.1318860016418,137.45510999835824
2024-09-09 01:00:00,2294.271085,2239.6895,2141.7017,2194.127029482517,100.14405551748268
2024-09-09 02:00:00,2134.207906,2204.7563,2190.2158,2197.9952843977653,-63.787378397765224
2024-09-09 03:00:00,2141.84625,2157.0154,2197.3354,2175.763430797285,-33.9171807972848
2024-09-09 04:00:00,2173.450241,2126.233,2171.7915,2147.416772820197,26.033468179803094
2024-09-09 05:00:00,2100.771003,2113.8677,2131.761,2122.18771821514,-21.416715215140357
2024-09-09 06:00:00,2122.627489,2055.648,2089.8853,2071.567632000524,51.05985699947587
2024-09-09 07:00:00,2119.911331,2053.477,2048.2734,2051.0574715090893,68.85385949091051
2024-09-09 08:00:00,2106.570987,2043.0645,2014.9098,2029.9730807390338,76.59790626096628
2024-09-09 09:00:00,2102.534108,2049.236,1994.1575,2023.6255968417456,78.90851115825421
2024-09-09 10:00:00,2121.362741,2034.7993,1985.0646,2011.6736261529277,109.68911484707223
2024-09-09 11:00:00,2201.873504,2057.7407,1982.664,2022.8314747399104,179.04202926008975
2024-09-09 12:00:00,1962.232373,2093.59,1992.1667,2046.4302015701912,-84.19782857019118
2024-09-09 13:00:00,1961.130061,2045.5896,2012.2218,2030.0742206456455,-68.94415964564541
2024-09-09 14:00:00,2144.579349,2107.3088,2034.8447,2073.6144312795786,70.96491772042145
2024-09-09 15:00:00,1974.509569,2097.7852,2060.0388,2080.2338410726757,-105.7242720726756
2024-09-09 16:00:00,2106.551156,2077.0754,2094.75,2085.293767378811,21.257388621188966
2024-09-09 17:00:00,2165.327548,2169.999,2121.1396,2147.2803614979775,18.04718650202267
2024-09-09 18:00:00,1985.216544,2197.6782,2154.7075,2177.697678950964,-192.4811349509639
2024-09-09 19:00:00,2195.868066,2166.4648,2188.6145,2176.764005308918,19.10406069108194
2024-09-09 20:00:00,2172.45119,2198.1343,2214.0476,2205.5336672536077,-33.08247725360752
2024-09-09 21:00:00,2109.652374,2265.5059,2236.9968,2252.249711756157,-142.59733775615723
2024-09-09 22:00:00,2179.21567,2254.577,2252.0203,2253.388115982243,-74.17244598224306
2024-09-09 23:00:00,2063.098207,2278.186,2260.549,2269.9851894116614,-206.8869824116614
2024-09-10 00:00:00,2243.238243,2182.7861,2264.175,2220.6304005417364,22.60784245826335
2024-09-10 01:00:00,2047.748693,2216.7183,2248.464,2231.4794662011714,-183.73077320117136
2024-09-10 02:00:00,2120.845246,2182.1738,2231.1675,2204.9549264255847,-84.10968042558488
2024-09-10 03:00:00,2186.287434,2211.003,2204.5725,2208.01290911654,-21.72547511654011
2024-09-10 04:00:00,2150.465588,2132.199,2168.4543,2149.057019137592,1.408568862408174
2024-09-10 05:00:00,2152.484204,2155.6704,2133.7998,2145.501002707686,6.983201292313879
2024-09-10 06:00:00,2060.99967,2091.5396,2093.0715,2092.251892900646,-31.252222900645847
2024-09-10 07:00:00,2020.247687,2101.5916,2059.247,2081.9021895129536,-61.65450251295351
2024-09-10 08:00:00,2129.141803,2005.989,2028.9586,2016.6694343555728,112.4723686444272
2024-09-10 09:00:00,2069.794039,2012.2228,2003.2297,2008.0411881786367,61.752850821363154
2024-09-10 10:00:00,2015.033027,1999.8417,1987.2017,1993.9643130965515,21.068713903448497
2024-09-10 11:00:00,2089.478977,2013.1191,1982.0815,1998.6872595670197,90.79171743298048
2024-09-10 12:00:00,1957.633215,2045.1882,1989.4393,2019.2660743168867,-61.63285931688665
2024-09-10 13:00:00,2070.897825,2022.6902,2006.371,2015.1020675456234,55.7957574543766
2024-09-10 14:00:00,2128.083786,2065.7124,2028.3069,2048.319562002868,79.76422399713192
2024-09-10 15:00:00,2105.701565,2101.6963,2058.7212,2081.7137019853976,23.987863014602226
2024-09-10 16:00:00,2049.851567,2105.3035,2090.3728,2098.3609975293393,-48.50943052933917
2024-09-10 17:00:00,2261.314992,2213.385,2123.5317,2171.604980876315,89.71001112368504
2024-09-10 18:00:00,2269.617107,2181.9487,2156.893,2170.2983325357804,99.31877446421959
2024-09-10 19:00:00,2155.318163,2161.841,2189.9036,2174.889582791271,-19.571419791271182
2024-09-10 20:00:00,2321.900389,2181.2651,2221.095,2199.785237178453,122.11515182154699
2024-09-10 21:00:00,2304.46791,2211.2473,2241.9866,2225.5404732688894,78.92743673111045
2024-09-10 22:00:00,2107.918852,2209.361,2261.1467,2233.440404512436,-125.5215525124363
2024-09-10 23:00:00,2275.535668,2229.2793,2272.6252,2249.4343218292915,26.10134617070844
2024-09-11 00:00:00,2298.225072,2245.0251,2274.2317,2258.6056226187743,39.61944938122588
2024-09-11 01:00:00,2287.49289,2244.962,2264.0364,2253.831169432428,33.66172056757205
2024-09-11 02:00:00,2327.934821,2243.1335,2243.6353,2243.3668298709363,84.56799112906356
2024-09-11 03:00:00,2367.674443,2190.5164,2220.9187,2204.6528577317013,163.02158526829862
2024-09-11 04:00:00,2179.056364,2132.033,2188.2668,2158.180625873456,20.875738126544093
2024-09-11 05:00:00,2138.104127,2088.8003,2155.8718,2119.987255319522,18.116871680478198
2024-09-11 06:00:00,1996.246475,2098.8472,2117.4304,2107.4880197778452,-111.24154477784532
2024-09-11 07:00:00,2008.223994,2068.7695,2080.7922,2074.3598559782326,-66.1358619782327
2024-09-11 08:00:00,2126.494808,2085.0447,2047.3914,2067.536613927168,58.9581940728317
2024-09-11 09:00:00,1926.321032,2036.4456,2024.3059,2030.8008555179395,-104.4798235179394
2024-09-11 10:00:00,1948.947869,2055.6118,2010.294,2034.5398851095897,-85.59201610958962
2024-09-11 11:00:00,2014.616302,2040.2223,2005.8391,2024.234778665043,-9.61847666504309
2024-09-11 12:00:00,2100.065761,2023.7855,2010.4084,2017.565441890896,82.50031910910388
2024-09-11 13:00:00,2036.280492,2042.2708,2024.2504,2033.8916220175383,2.388869982461756
2024-09-11 14:00:00,2103.530256,2065.8726,2047.0425,2057.116937400956,46.41331859904403
2024-09-11 15:00:00,2105.673094,2101.029,2075.9258,2089.356518273393,16.316575726607425
2024-09-11 16:00:00,2107.760234,2120.341,2109.8413,2115.458881579999,-7.698647579999033
2024-09-11 17:00:00,2019.196308,2155.0337,2145.258,2150.4882108002357,-131.29190280023568
2024-09-11 18:00:00,2141.50434,2165.1409,2176.691,2170.5114178779177,-29.00707787791771
2024-09-11 19:00:00,2193.122423,2195.3357,2203.8333,2199.2868933287295,-6.164470328729749
2024-09-11 20:00:00,2177.862922,2192.6465,2226.817,2208.535062496899,-30.672140496899374
2024-09-11 21:00:00,2144.899519,2221.9954,2246.1719,2233.2369713771186,-88.33745237711855
2024-09-11 22:00:00,2321.20049,2231.3167,2252.8853,2241.3456327871268,79.85485721287341
2024-09-11 23:00:00,2174.978869,2239.7346,2254.0774,2246.4037306673636,-71.42486166736353
2024-09-12 00:00:00,2238.148817,2203.136,2250.7515,2225.2762605228945,12.872556477105263
2024-09-12 01:00:00,2123.281011,2213.7905,2234.4365,2223.3905151794233,-100.10950417942331
2024-09-12 02:00:00,2120.521316,2202.3633,2216.7346,2209.045674693546,-88.52435869354622
2024-09-12 03:00:00,1992.930873,2152.7935,2190.234,2170.202530826008,-177.2716578260081
2024-09-12 04:00:00,2131.092239,2101.6577,2159.7244,2128.6575813010068,2.4346576989933055
2024-09-12 05:00:00,2108.842305,2104.192,2119.7434,2111.423046828208,-2.5807418282079198
2024-09-12 06:00:00,2105.230078,2035.5664,2089.1648,2060.4886176524064,44.7414603475936
2024-09-12 07:00:00,2099.985183,2055.858,2054.91,2055.417109447148,44.56807355285173
2024-09-12 08:00:00,1999.100083,2062.2385,2028.8712,2046.7233734682086,-47.62329046820855
2024-09-12 09:00:00,2084.031639,2026.6636,2011.1965,2019.4717000689332,64.55993893106665
2024-09-12 10:00:00,2063.530001,2027.613,1999.9106,2014.7319617395335,48.79803926046657
2024-09-12 11:00:00,1999.003747,2070.527,1995.53,2035.654916187375,-36.65116918737499
2024-09-12 12:00:00,2034.950468,2047.2327,2000.733,2025.6112379812857,9.339230018714261
2024-09-12 13:00:00,2095.650166,2025.6348,2011.0804,2018.8672884494242,76.78287755057568
2024-09-12 14:00:00,2051.955034,2091.9426,2028.2141,2062.310102951499,-10.355068951499106
2024-09-12 15:00:00,2115.463697,2075.4856,2054.9487,2065.936351600897,49.52734539910307
2024-09-12 16:00:00,2149.880916,2119.7693,2080.928,2101.7088317877487,48.17208421225132
2024-09-12 17:00:00,2139.685892,2154.155,2113.7793,2135.3810966492883,4.304795350711629
2024-09-12 18:00:00,2297.791555,2184.9583,2147.0378,2167.325996547732,130.46555845226794
2024-09-12 19:00:00,2224.799231,2190.155,2174.8171,2183.0232075743347,41.776023425665244
2024-09-12 20:00:00,2141.656076,2196.4822,2202.9365,2199.48332332967,-57.82724732966972
2024-09-12 21:00:00,2322.338561,2204.2397,2225.4102,2214.083576299537,108.25498470046296
2024-09-12 22:00:00,2252.586472,2269.246,2235.5076,2253.5583336694094,-0.9718616694094635
2024-09-12 23:00:00,2224.995989,2244.7776,2247.2217,2245.914043182621,-20.918054182620835
2024-09-13 00:00:00,2183.212775,2232.9858,2253.527,2242.5371273177943,-59.324352317794364
2024-09-13 01:00:00,2125.031797,2200.5852,2238.2253,2218.0871387698817,-93.05534176988158
2024-09-13 02:00:00,2264.44217,2177.0618,2215.596,2194.979413913902,69.46275608609767
2024-09-13 03:00:00,2357.195394,2178.0837,2189.68,2183.4757443757417,173.71964962425818
2024-09-13 04:00:00,2100.071665,2163.1624,2161.3643,2162.3262738806684,-62.25460888066846
2024-09-13 05:00:00,2166.463585,2107.7751,2133.6646,2119.8132174592147,46.65036754078528
2024-09-13 06:00:00,2149.460606,2066.8938,2101.0598,2082.780333578208,66.68027242179232
2024-09-13 07:00:00,2025.183588,2040.7823,2073.8955,2056.179325551836,-30.995737551835873
2024-09-13 08:00:00,2176.401,2032.065,2048.841,2039.8655133160992,136.53548668390067
2024-09-13 09:00:00,1909.287095,2029.4324,2028.6129,2029.0513409634084,-119.76424596340848
2024-09-13 10:00:00,2034.040115,2039.895,2021.1747,2031.1904258735426,2.849689126457406
2024-09-13 11:00:00,2117.853683,2015.6232,2016.9624,2016.2458865064198,101.60779649358005
2024-09-13 12:00:00,2049.011511,2020.1766,2016.3693,2018.4062811044214,30.60522989557876
2024-09-13 13:00:00,2015.821875,2029.6938,2027.2625,2028.563295438391,-12.741420438390833
2024-09-13 14:00:00,2034.347263,2055.763,2045.2673,2050.8826864311586,-16.535423431158506
2024-09-13 15:00:00,2062.345071,2082.1064,2069.8147,2076.391020820829,-14.04594982082881
2024-09-13 16:00:00,2032.368754,2131.2231,2100.068,2116.736660037504,-84.36790603750387
2024-09-13 17:00:00,2223.698818,2144.6907,2133.769,2139.6123272606055,84.08649073939432
2024-09-13 18:00:00,2201.499455,2169.221,2159.7085,2164.7978419272936,36.70161307270655
2024-09-13 19:00:00,2188.887517,2186.1465,2185.9387,2186.0498782963377,2.8376387036623782
2024-09-13 20:00:00,2152.77592,2210.5073,2205.522,2208.18923241348,-55.41331241348007
2024-09-13 21:00:00,2391.133671,2239.9966,2218.4595,2229.9822437994335,161.15142720056656
2024-09-13 22:00:00,2256.894861,2266.1572,2227.1208,2248.0060682363483,8.888792763651963
2024-09-13 23:00:00,2150.33329,2287.026,2234.6667,2262.679898356123,-112.34660835612294
2024-09-14 00:00:00,1941.361108,1988.688,2237.816,2104.527644729238,-163.16653672923803
2024-09-14 01:00:00,2008.753968,2015.0406,2149.4207,2077.5247459127177,-68.77077791271768
2024-09-14 02:00:00,1802.709835,1993.1127,2062.5364,2025.3933480140417,-222.68351301404164
2024-09-14 03:00:00,1961.21514,1947.5483,1995.7244,1969.9492574657918,-8.734117465791769
2024-09-14 04:00:00,1917.183111,1932.0985,1938.2776,1934.971661797304,-17.78855079730397
2024-09-14 05:00:00,1842.151204,1873.1671,1892.584,1882.19558234845,-40.04437834844998
2024-09-14 06:00:00,1751.902891,1877.4036,1855.6426,1867.285127779319,-115.3822367793191
2024-09-14 07:00:00,1674.768023,1802.2936,1827.4005,1813.9678163723922,-139.19979337239215
2024-09-14 08:00:00,1891.807414,1816.547,1801.7645,1809.6734348412583,82.1339791587418
2024-09-14 09:00:00,1903.256191,1790.6697,1781.5975,1786.4513069000006,116.8048840999993
2024-09-14 10:00:00,1760.936826,1791.938,1769.9233,1781.7016036453638,-20.764777645363665
2024-09-14 11:00:00,1807.607804,1767.2872,1768.1772,1767.701070998501,39.90673300149888
2024-09-14 12:00:00,1797.264043,1778.4407,1773.3248,1776.061905231968,21.20213776803189
2024-09-14 13:00:00,1778.738788,1804.8224,1780.9858,1793.7388551604633,-15.000067160463232
2024-09-14 14:00:00,1666.480406,1827.5198,1796.017,1812.8715807217268,-146.39117472172688
2024-09-14 15:00:00,1867.553854,1807.5795,1817.7247,1812.2968186533585,55.25703534664149
2024-09-14 16:00:00,1892.681397,1820.2305,1837.4901,1828.2558683200027,64.42552867999734
2024-09-14 17:00:00,1937.964442,1874.7115,1861.4382,1868.539713560524,69.42472843947598
2024-09-14 18:00:00,1872.869472,1901.1655,1888.4839,1895.2688103636845,-22.399338363684365
2024-09-14 19:00:00,1956.117407,1943.0084,1918.2598,1931.5007771441137,24.61662985588623
2024-09-14 20:00:00,1970.477693,1922.5016,1948.3857,1934.5372171947881,35.94047580521192
2024-09-14 21:00:00,2092.671986,1954.1252,1973.2087,1962.9986997748424,129.67328622515743
2024-09-14 22:00:00,2004.550876,1942.484,1997.0834,1967.8716548830266,36.679221116973395
2024-09-14 23:00:00,1977.979722,2007.5028,2015.1754,2011.070421288305,-33.090699288304904
2024-09-15 00:00:00,2069.365191,1996.8923,2023.0214,2009.0418254835477,60.32336551645221
2024-09-15 01:00:00,1950.967502,1936.0023,2009.1628,1970.0205436195856,-19.053041619585656
2024-09-15 02:00:00,2086.854392,1982.1079,1988.0234,1984.8585156626991,101.99587633730107
2024-09-15 03:00:00,1829.460308,1940.3309,1959.0612,1949.0401238614822,-119.5798158614823
2024-09-15 04:00:00,1894.723413,1838.8085,1929.1337,1880.8079359979686,13.915477002031366
2024-09-15 05:00:00,2024.898518,1868.772,1890.4113,1878.8338192828019,146.0646987171981
2024-09-15 06:00:00,1888.643037,1864.2366,1855.2529,1860.0593526692237,28.58368433077635
2024-09-15 07:00:00,1825.56536,1841.0411,1822.872,1832.5928169196031,-7.0274569196030825
2024-09-15 08:00:00,1790.442932,1813.0645,1797.4446,1805.8015150442282,-15.358583044228226
2024-09-15 09:00:00,1715.640408,1814.8073,1778.0558,1797.7185324743837,-82.07812447438369
2024-09-15 10:00:00,1900.405627,1752.7252,1762.3384,1757.195152335691,143.210474664309
2024-09-15 11:00:00,1780.52486,1762.519,1750.5948,1756.9745238254059,23.550336174594122
2024-09-15 12:00:00,1687.420449,1768.9994,1752.1041,1761.1434196582272,-73.72297065822727
2024-09-15 13:00:00,1725.180029,1771.4563,1757.8176,1765.1145808746678,-39.934551874667704
2024-09-15 14:00:00,1772.811651,1771.9738,1769.9353,1771.0259141615538,1.7857368384461552
2024-09-15 15:00:00,1647.480577,1784.755,1786.4802,1785.5571986018106,-138.07662160181053
2024-09-15 16:00:00,1918.414928,1803.4934,1813.8916,1808.3283664831567,110.08656151684318
2024-09-15 17:00:00,1921.863564,1908.4583,1843.6079,1878.304100534985,43.559463465014915
2024-09-15 18:00:00,2126.698711,1897.4358,1880.2903,1889.4634623525255,237.23524864747446
2024-09-15 19:00:00,1857.632665,1991.4059,1915.5481,1956.1334832926514,-98.50081829265127
2024-09-15 20:00:00,2003.910036,1972.4355,1959.8593,1966.5878140582045,37.32222194179553
2024-09-15 21:00:00,2067.917192,2000.3785,1995.8517,1998.2736400266572,69.64355197334271
2024-09-15 22:00:00,2064.141253,1994.19,2031.0459,2011.3272467494012,52.814006250598595
2024-09-15 23:00:00,2038.131251,2028.4297,2058.2212,2042.2821591273193,-4.150908127319326
2024-09-16 00:00:00,2305.72258,2197.9077,2078.447,2142.3608089021045,163.3617710978956
2024-09-16 01:00:00,2112.890477,2251.2358,2152.5112,2205.330810860018,-92.4403338600182
2024-09-16 02:00:00,2125.590955,2196.2778,2199.7637,2197.8986799644354,-72.30772496443524
2024-09-16 03:00:00,2300.777058,2151.7273,2200.5527,2174.430177490147,126.34688050985324
2024-09-16 04:00:00,2139.124345,2136.8157,2176.369,2155.2071553840397,-16.082810384039476
2024-09-16 05:00:00,2003.182333,2129.8984,2143.2324,2136.0984816741734,-132.91614867417343
2024-09-16 06:00:00,2074.312255,2066.3943,2103.9055,2083.8362818945116,-9.524026894511735
2024-09-16 07:00:00,2068.530787,2092.9995,2065.3213,2080.1296748939,-11.5988878938997
2024-09-16 08:00:00,2103.615022,2074.4263,2034.7633,2055.983760440249,47.63126155975078
2024-09-16 09:00:00,2184.533739,2061.1785,2012.1306,2038.372166910552,146.16157208944787
2024-09-16 10:00:00,1976.283489,2048.9658,1999.5416,2025.984528334217,-49.70103933421706
2024-09-16 11:00:00,2018.326537,2054.0217,1999.1942,2028.5279973681827,-10.20146036818278
2024-09-16 12:00:00,1947.80431,2001.0343,2004.772,2002.7722462481543,-54.967936248154274
2024-09-16 13:00:00,2099.239224,2044.3407,2014.7817,2030.596355040163,68.64286895983696
2024-09-16 14:00:00,2005.792377,2071.3794,2031.0934,2052.6471807249186,-46.85480372491861
2024-09-16 15:00:00,2027.591082,2062.7742,2059.2527,2061.136747972844,-33.54566597284429
2024-09-16 16:00:00,2038.952818,2115.5583,2087.9722,2102.7313100720166,-63.77849207201666
2024-09-16 17:00:00,2077.335744,2170.829,2120.677,2147.5093477469295,-70.17360374692953
2024-09-16 18:00:00,2197.599729,2129.3083,2155.0308,2141.2687724551843,56.33095654481576
2024-09-16 19:00:00,2209.732607,2183.2002,2180.5208,2181.9543061076597,27.778300892340212
2024-09-16 20:00:00,2219.273281,2201.222,2207.4812,2204.1323664188944,15.14091458110579
2024-09-16 21:00:00,2165.810309,2223.401,2231.4788,2227.15693686712,-61.34662786711988
2024-09-16 22:00:00,2300.215949,2235.5503,2242.385,2238.728303746837,61.48764525316301
2024-09-16 23:00:00,2354.560323,2250.4517,2249.3137,2249.9225403764085,104.63778262359165
2024-09-17 00:00:00,2347.806997,2204.6106,2251.457,2226.3932798299907,121.41371717000948
2024-09-17 01:00:00,2368.700495,2210.127,2246.2856,2226.9400434732515,141.7604515267485
2024-09-17 02:00:00,2193.091985,2211.6272,2231.2622,2220.7570960628254,-27.665111062825417
2024-09-17 03:00:00,2185.870174,2178.519,2208.9875,2192.686307376481,-6.816133376481048
2024-09-17 04:00:00,2065.835902,2136.9727,2181.3604,2157.612073845481,-91.77617184548126
2024-09-17 05:00:00,2068.344001,2128.9182,2148.4473,2137.998843722914,-69.65484272291405
2024-09-17 06:00:00,2046.895417,2073.6355,2112.6921,2091.796078587514,-44.90066158751392
2024-09-17 07:00:00,2089.886757,2042.665,2076.641,2058.4632547418432,31.423502258156986
2024-09-17 08:00:00,2108.841222,2051.8242,2043.844,2048.1135690517212,60.727652948278774
2024-09-17 09:00:00,1956.149281,2042.4696,2025.1334,2034.4086161963792,-78.2593351963792
2024-09-17 10:00:00,2246.205723,2054.8657,2014.3688,2036.0354270027221,210.1702959972779
2024-09-17 11:00:00,2015.248417,2080.9133,2009.0377,2047.4925650095179,-32.24414800951786
2024-09-17 12:00:00,2090.801633,2028.3192,2017.0096,2023.0604829765252,67.7411500234748
2024-09-17 13:00:00,2071.047782,2068.3508,2028.7544,2049.939255366014,21.108526633986003
2024-09-17 14:00:00,1963.349441,2057.4075,2049.739,2053.8417868831675,-90.49234588316745
2024-09-17 15:00:00,2046.688146,2100.9106,2076.4639,2089.5433671155356,-42.85522111553564
2024-09-17 16:00:00,2070.768517,2118.0486,2103.7134,2111.3829915979877,-40.61447459798774
2024-09-17 17:00:00,2127.472958,2156.27,2132.654,2145.2890529095284,-17.8160949095286
2024-09-17 18:00:00,2145.560577,2170.0857,2163.5486,2167.0460642615344,-21.485487261534217
2024-09-17 19:00:00,2161.407847,2205.5894,2194.9067,2200.622145623922,-39.21429862392188
2024-09-17 20:00:00,2203.943017,2222.924,2220.4219,2221.7605990573875,-17.817582057387426
2024-09-17 21:00:00,2467.227072,2255.7065,2241.1301,2248.928792173763,218.29827982623692
2024-09-17 22:00:00,2328.70242,2266.544,2259.064,2263.0658994393434,65.63652056065666
2024-09-17 23:00:00,2151.417911,2248.1504,2269.648,2258.1463385104666,-106.72842751046664
2024-09-18 00:00:00,2272.758411,2220.248,2276.7756,2246.5322791138233,26.226131886176518
2024-09-18 01:00:00,2255.460434,2232.81,2264.6775,2247.6277963630973,7.832637636902746
2024-09-18 02:00:00,2121.85186,2197.018,2246.3508,2219.956844898682,-98.10498489868178
2024-09-18 03:00:00,2176.414045,2166.5347,2223.1013,2192.8370635126093,-16.42301851260936
2024-09-18 04:00:00,2078.714369,2117.651,2191.5452,2152.010289522941,-73.29592052294129
2024-09-18 05:00:00,1959.138208,2111.985,2154.318,2131.6691351724417,-172.53092717244158
2024-09-18 06:00:00,1933.170057,2096.0127,2114.4468,2104.5841860004875,-171.4141290004875
2024-09-18 07:00:00,2114.64693,2074.9504,2073.1697,2074.1224197847782,40.52451021522165
2024-09-18 08:00:00,1909.843346,2060.1978,2037.8158,2049.7905774426936,-139.94723144269346
2024-09-18 09:00:00,2110.920553,2016.7931,2015.0739,2015.9936783573983,94.92687464260166
2024-09-18 10:00:00,2000.674868,2029.6842,1995.6868,2013.8760553647776,-13.201187364777525
2024-09-18 11:00:00,2104.775558,2027.1636,1991.928,2010.7797054726398,93.99585252736006
2024-09-18 12:00:00,2049.12653,2034.4011,1995.7538,2016.4308598868204,32.69567011317963
2024-09-18 13:00:00,1955.736605,2009.8696,2011.2666,2010.5191941026142,-54.78258910261411
2024-09-18 14:00:00,2066.106749,2043.1901,2031.9581,2037.9674321546602,28.139316845339863
2024-09-18 15:00:00,1986.354654,2072.5796,2055.443,2064.6114614449402,-78.25680744494025
2024-09-18 16:00:00,2116.439708,2118.0972,2085.194,2102.7978755746253,13.64183242537456
2024-09-18 17:00:00,2054.370401,2133.9065,2114.5168,2124.8906836031847,-70.52028260318457
2024-09-18 18:00:00,2182.658612,2155.06,2142.0073,2148.990790215839,33.66782178416133
2024-09-18 19:00:00,2222.159375,2179.4429,2165.9973,2173.1909479795668,48.96842702043341
2024-09-18 20:00:00,2330.758837,2192.6333,2188.2993,2190.618082087462,140.1407549125379
2024-09-18 21:00:00,2115.89943,2220.0728,2207.2786,2214.1237039035486,-98.22427390354869
2024-09-18 22:00:00,2255.166007,2220.8252,2221.7043,2221.2339831964755,33.93202380352432
2024-09-18 23:00:00,2264.286836,2256.851,2230.307,2244.508540843238,19.778295156762397
2024-09-19 00:00:00,2314.515873,2203.9036,2231.003,2216.504243801467,98.01162919853277
2024-09-19 01:00:00,2181.450924,2223.6926,2222.9075,2223.3275445218933,-41.876620521893074
2024-09-19 02:00:00,2259.812578,2204.0586,2205.0916,2204.5388996475563,55.27367835244377
2024-09-19 03:00:00,2082.819148,2138.7412,2178.937,2157.431478861263,-74.61233086126276
2024-09-19 04:00:00,2194.013808,2144.2761,2150.6704,2147.2493425606763,46.764465439323885
2024-09-19 05:00:00,2051.919362,2108.5378,2117.7446,2112.818819273297,-60.899457273296775
2024-09-19 06:00:00,2116.714585,2050.3738,2083.6104,2065.8281409077476,50.88644409225253
2024-09-19 07:00:00,1995.920143,2079.1064,2053.7664,2067.3237958147342,-71.40365281473419
2024-09-19 08:00:00,1934.206821,2040.8333,2029.7942,2035.7003019498397,-101.49348094983975
2024-09-19 09:00:00,1976.092235,2050.5217,2008.1051,2030.7988199402148,-54.706584940214725
2024-09-19 10:00:00,1914.018013,2029.0212,1996.0189,2013.6758016933923,-99.65778869339215
2024-09-19 11:00:00,2001.455479,2004.7218,1991.7104,1998.6717751311742,2.7837038688257962
2024-09-19 12:00:00,2199.910441,2061.75,1993.5642,2030.044929373065,169.8655116269349
2024-09-19 13:00:00,1959.657822,2056.796,2004.1385,2032.311252405486,-72.653430405486
2024-09-19 14:00:00,2169.319954,2060.339,2026.2034,2044.4666531394455,124.85330086055455
2024-09-19 15:00:00,2161.324086,2099.8813,2050.2231,2076.7912461287333,84.53283987126679
2024-09-19 16:00:00,2006.167437,2121.432,2081.2646,2102.7548987586697,-96.58746175866963
2024-09-19 17:00:00,2036.860496,2140.859,2114.6555,2128.67482817968,-91.81433217967992
2024-09-19 18:00:00,2151.256066,2154.2388,2142.1738,2148.628805729447,2.6272602705530517
2024-09-19 19:00:00,2188.920838,2185.2793,2168.4766,2177.466351213595,11.454486786405141
2024-09-19 20:00:00,2211.556572,2195.627,2191.7903,2193.842976008457,17.713595991543116
2024-09-19 21:00:00,2158.267486,2212.3816,2207.8289,2210.2646585948833,-51.99717259488307
2024-09-19 22:00:00,2150.174534,2234.8518,2224.1868,2229.8927702830633,-79.7182362830631
2024-09-19 23:00:00,2285.547572,2244.1533,2227.853,2236.5740001621252,48.973571837874715
2024-09-20 00:00:00,2239.596832,2211.4333,2225.5437,2217.994389471147,21.602442528853317
2024-09-20 01:00:00,2183.413938,2219.2092,2217.1877,2218.2692774799916,-34.85533947999147
2024-09-20 02:00:00,2187.95458,2194.8345,2203.0095,2198.6357118383976,-10.681131838397505
2024-09-20 03:00:00,2145.084372,2163.2324,2180.5024,2171.262646072903,-26.17827407290315
2024-09-20 04:00:00,2086.067347,2164.7102,2155.7861,2160.5606845219045,-74.49333752190432
2024-09-20 05:00:00,2144.077628,2108.486,2120.3555,2114.00511774034,30.072510259659794
2024-09-20 06:00:00,2086.787202,2048.9734,2088.919,2067.5472979227484,19.239904077251595
2024-09-20 07:00:00,2072.06501,2042.6698,2058.4001,2049.9841059825153,22.0809040174845
2024-09-20 08:00:00,2139.321536,2019.1389,2029.3746,2023.898326298771,115.42320970122887
2024-09-20 09:00:00,1947.280411,2011.6947,2010.2074,2011.0031343091769,-63.7227233091769
2024-09-20 10:00:00,1960.946954,2031.5065,1996.9619,2015.4439211986116,-54.49696719861163
2024-09-20 11:00:00,1997.19764,2053.8958,1992.3319,2025.2697588521564,-28.072118852156336
2024-09-20 12:00:00,1990.621275,2026.105,1998.8068,2013.4118385457068,-22.790563545706846
2024-09-20 13:00:00,2111.458712,2018.4607,2011.6985,2015.3163982162623,96.14231378373779
2024-09-20 14:00:00,2128.346703,2031.6317,2028.8025,2030.3161797395985,98.03052326040165
2024-09-20 15:00:00,2003.249491,2072.7375,2053.0457,2063.5811997179653,-60.331708717965284
2024-09-20 16:00:00,2131.977229,2102.4114,2081.9146,2092.8807502385594,39.09647876144072
2024-09-20 17:00:00,2009.207904,2126.0537,2110.5798,2118.8586582093017,-109.65075420930157
2024-09-20 18:00:00,2115.667939,2106.971,2141.1577,2122.8671312715082,-7.199192271508309
2024-09-20 19:00:00,2200.043641,2151.8733,2165.0955,2158.021342729132,42.022298270868305
2024-09-20 20:00:00,2095.314243,2167.223,2185.228,2175.5949352851817,-80.28069228518189
2024-09-20 21:00:00,2224.477296,2217.7207,2201.7441,2210.2919113651146,14.185384634885395
2024-09-20 22:00:00,2292.071301,2226.4539,2212.855,2220.130643335424,71.94065766457607
2024-09-20 23:00:00,2272.930045,2268.7493,2219.9739,2246.069656744431,26.860388255568978
2024-09-21 00:00:00,2096.550566,2007.5465,2224.4453,2108.400246615132,-11.849680615132002
2024-09-21 01:00:00,2024.884617,1986.3185,2133.7944,2054.8919394780755,-30.007322478075594
2024-09-21 02:00:00,1968.016649,1986.3015,2052.68,2017.1661908789074,-49.149541878907485
2024-09-21 03:00:00,1865.037567,1944.3589,1982.8435,1962.2534883612625,-97.21592136126242
2024-09-21 04:00:00,1949.692935,1895.645,1927.1067,1910.2740859695318,39.41884903046821
2024-09-21 05:00:00,1815.852616,1873.8691,1880.4641,1876.9356741184256,-61.0830581184257
2024-09-21 06:00:00,1806.81479,1792.7299,1843.6342,1816.3993693566151,-9.584579356615222
2024-09-21 07:00:00,1783.584442,1794.0851,1811.0889,1801.991512929827,-18.407070929826887
2024-09-21 08:00:00,1813.889097,1810.5272,1786.1208,1799.17873193262,14.710365067380053
2024-09-21 09:00:00,1704.353782,1839.8882,1772.3896,1808.5026736147988,-104.14889161479891
2024-09-21 10:00:00,1770.455783,1764.389,1764.9832,1764.6652906034756,5.790492396524542
2024-09-21 11:00:00,1782.578285,1783.7319,1758.1981,1771.8592054550695,10.719079544930537
2024-09-21 12:00:00,1815.48179,1794.1157,1757.2441,1776.9711519910843,38.51063800891575
2024-09-21 13:00:00,1865.837442,1816.6578,1764.2396,1792.284384365068,73.55305763493197
2024-09-21 14:00:00,1737.167269,1801.4288,1780.2515,1791.5817674633158,-54.414498463315795
2024-09-21 15:00:00,1950.191042,1808.8998,1800.8569,1805.1600125267719,145.03102947322805
2024-09-21 16:00:00,1787.675617,1897.0743,1826.4828,1864.2506376444485,-76.57502064444839
2024-09-21 17:00:00,1916.296523,1869.3656,1860.5936,1865.2868033987022,51.009719601297775
2024-09-21 18:00:00,1962.473947,1890.1682,1895.8477,1892.8090439222601,69.66490307773984
2024-09-21 19:00:00,2000.785008,1924.9249,1930.3096,1927.4286815967512,73.35632640324889
2024-09-21 20:00:00,2070.890724,1969.5635,1965.3112,1967.5862305283038,103.3044934716961
2024-09-21 21:00:00,1971.459162,1992.4233,1996.4403,1994.291151965102,-22.83198996510191
2024-09-21 22:00:00,1971.410093,2000.3333,2024.5203,2011.5797433903476,-40.16965039034767
2024-09-21 23:00:00,2245.664914,2015.4489,2042.2438,2027.9079716287774,217.75694237122252
2024-09-22 00:00:00,2001.249529,1986.9736,2054.023,2018.1502647835323,-16.900735783532355
2024-09-22 01:00:00,1971.923885,2014.8314,2044.9435,2028.8329451477116,-56.90906014771167
2024-09-22 02:00:00,1865.072637,1987.1893,2018.6605,2001.8228247985717,-136.7501877985717
2024-09-22 03:00:00,1970.404955,1930.33,1985.9255,1956.180823187408,14.224131812592077
2024-09-22 04:00:00,1846.963472,1918.4833,1944.3027,1930.4888236739466,-83.52535167394672
2024-09-22 05:00:00,1854.130977,1898.0374,1905.133,1901.336717875486,-47.20574087548607
2024-09-22 06:00:00,1817.331644,1847.8768,1868.3384,1857.3910540343923,-40.05941003439216
2024-09-22 07:00:00,1708.526461,1819.6603,1837.1307,1827.7837029771836,-119.25724197718364
2024-09-22 08:00:00,1877.728575,1760.8943,1809.6022,1783.5425094815532,94.18606551844687
2024-09-22 09:00:00,1749.498068,1776.7454,1785.9373,1781.0194140445017,-31.52134604450157
2024-09-22 10:00:00,1852.051288,1754.9913,1768.4788,1761.262724914582,90.78856308541822
2024-09-22 11:00:00,1686.696513,1798.3417,1762.5905,1781.7180504320968,-95.0215374320967
2024-09-22 12:00:00,1745.447654,1728.2688,1763.3918,1744.6003345515992,0.8473194484008673
2024-09-22 13:00:00,1720.152754,1777.935,1770.8713,1774.6505654398875,-54.49781143988753
2024-09-22 14:00:00,1825.431888,1783.6671,1781.5701,1782.6920285789993,42.7398594210008
2024-09-22 15:00:00,1606.959809,1814.654,1799.7115,1807.706077715,-200.74626871500004
2024-09-22 16:00:00,1969.162942,1801.2762,1820.5549,1810.240460516259,158.92248148374097
2024-09-22 17:00:00,1866.635384,1906.2838,1845.8087,1878.1640657431553,-11.528681743155403
2024-09-22 18:00:00,1961.880852,1931.6486,1879.1377,1907.232025932185,54.64882606781498
2024-09-22 19:00:00,1778.984568,1941.3712,1918.1981,1930.596175669441,-151.6116076694409
2024-09-22 20:00:00,2011.080192,1954.3086,1953.1426,1953.7664190946637,57.313772905336236
2024-09-22 21:00:00,2061.544591,1978.961,1982.5359,1980.623285782784,80.92130521721583
2024-09-22 22:00:00,2128.56324,1961.7855,2011.7668,1985.025868577302,143.53737142269802
2024-09-22 23:00:00,1967.130262,2023.4756,2036.7438,2029.6450362947526,-62.51477429475267
2024-09-23 00:00:00,2160.601385,2196.192,2059.059,2132.4277958704834,28.173589129516586
2024-09-23 01:00:00,2111.870456,2177.8923,2133.011,2157.0233776214964,-45.15292162149626
2024-09-23 02:00:00,2202.934671,2182.3828,2176.8625,2179.8159969363883,23.118674063611707
2024-09-23 03:00:00,2209.143419,2240.7598,2179.187,2212.12962902007,-2.986210020069848
2024-09-23 04:00:00,2081.230428,2136.5547,2160.4307,2147.6565536208705,-66.42612562087061
2024-09-23 05:00:00,2040.853975,2105.2007,2126.4187,2115.06665032755,-74.21267532755019
2024-09-23 06:00:00,2235.641118,2052.8694,2083.9849,2067.3374789130216,168.30363908697836
2024-09-23 07:00:00,2046.345357,2114.2053,2043.4258,2081.2942081842734,-34.94885118427351
2024-09-23 08:00:00,2095.302991,2051.3877,2014.1627,2034.0788034970828,61.224187502917175
2024-09-23 09:00:00,2075.93884,2048.5881,1992.0604,2022.3038457664736,53.634994233526186
2024-09-23 10:00:00,2079.079611,2019.6714,1985.5183,2003.7908685634607,75.28874243653945
2024-09-23 11:00:00,1938.203818,2023.88,1986.1034,2006.314613144085,-68.11079514408493
2024-09-23 12:00:00,2076.552179,2026.2294,1992.4347,2010.5155002856072,66.03667871439256
2024-09-23 13:00:00,2072.964727,2079.2253,2002.4407,2043.5219601281472,29.442766871852882
2024-09-23 14:00:00,2054.257943,2067.828,2025.0598,2047.9415592989653,6.316383701034738
2024-09-23 15:00:00,1955.294405,2036.6074,2054.1086,2044.7451501345872,-89.45074513458712
2024-09-23 16:00:00,2003.798426,2117.492,2083.0806,2101.4913203495325,-97.69289434953248
2024-09-23 17:00:00,2175.328503,2142.8508,2112.7334,2128.8468083744083,46.4816946255919
2024-09-23 18:00:00,2060.441772,2183.2104,2142.627,2164.339910492501,-103.89813849250095
2024-09-23 19:00:00,2230.075642,2190.0522,2172.0798,2181.6954229671614,48.38021903283834
2024-09-23 20:00:00,2148.88842,2221.3772,2197.0664,2210.073150855568,-61.18473085556798
2024-09-23 21:00:00,2212.99547,2229.2183,2219.8743,2224.8734856333876,-11.878015633387804
2024-09-23 22:00:00,2237.788487,2261.3914,2231.3901,2247.4413715506416,-9.65288455064183
2024-09-23 23:00:00,2225.804137,2279.7407,2242.9429,2262.63043522934,-36.826298229339955
2024-09-24 00:00:00,2203.929072,2229.8845,2250.916,2239.6637584366263,-35.73468643662636
2024-09-24 01:00:00,2187.371933,2221.3408,2244.556,2232.135386016286,-44.763453016285894
2024-09-24 02:00:00,2206.946695,2182.1865,2227.9297,2203.456207717744,3.490487282256254
2024-09-24 03:00:00,2148.433094,2169.7896,2201.178,2184.3845610225885,-35.95146702258853
2024-09-24 04:00:00,2168.80744,2135.479,2166.3577,2149.8369830168635,18.9704569831365
2024-09-24 05:00:00,1939.100129,2091.0872,2129.149,2108.7851420686184,-169.68501306861845
2024-09-24 06:00:00,2032.536853,2069.617,2094.5818,2081.2251116081347,-48.688258608134674
2024-09-24 07:00:00,1989.478112,2057.8918,2059.423,2058.603847260552,-69.12573526055189
2024-09-24 08:00:00,1908.83203,2066.6802,2028.5481,2048.949497966691,-140.11746796669104
2024-09-24 09:00:00,1931.48802,2015.7701,2005.4501,2010.9715099316036,-79.48348993160357
2024-09-24 10:00:00,1984.483125,1994.1278,1987.0114,1990.818794001526,-6.335669001525957
2024-09-24 11:00:00,1920.654343,2014.7997,1981.1376,1999.1474545020747,-78.49311150207473
2024-09-24 12:00:00,1976.873999,2016.0376,1983.65,2000.9780041282775,-24.10400512827755
2024-09-24 13:00:00,1967.675147,2049.3098,1991.6882,2022.5168961526265,-54.84174915262656
2024-09-24 14:00:00,1940.258917,2035.1853,2009.1011,2023.056642275666,-82.79772527566593
2024-09-24 15:00:00,2150.543618,2059.9626,2030.6879,2046.3504413264902,104.19317667350992
2024-09-24 16:00:00,2131.867277,2118.5837,2058.2244,2090.517801292138,41.349475707861984
2024-09-24 17:00:00,2180.996277,2135.9631,2091.8877,2115.4689100897785,65.52736691022164
2024-09-24 18:00:00,2131.952858,2139.621,2127.1086,2133.8030465848733,-1.8501885848731945
2024-09-24 19:00:00,2113.180545,2188.9775,2160.7585,2175.856253983552,-62.675708983551885
2024-09-24 20:00:00,2171.226467,2201.596,2188.069,2195.3062217728343,-24.07975477283435
2024-09-24 21:00:00,2315.189868,2244.621,2209.145,2228.1254071572594,87.06446084274057
2024-09-24 22:00:00,2300.800662,2226.9102,2229.639,2228.1789766274487,72.62168537255138
2024-09-24 23:00:00,2283.983299,2220.8694,2241.496,2230.460404469437,53.52289453056301
2024-09-25 00:00:00,2342.28346,2253.7087,2243.9333,2249.1633731490174,93.12008685098272
2024-09-25 01:00:00,2218.975964,2196.5781,2235.1094,2214.4944090879,4.481554912100364
2024-09-25 02:00:00,2238.481301,2224.8005,2219.218,2222.2047737783614,16.27652722163839
2024-09-25 03:00:00,2156.750798,2206.996,2191.2827,2199.6896772577975,-42.93887925779745
2024-09-25 04:00:00,2214.737891,2146.814,2160.1763,2153.0271774140747,61.71071358592553
2024-09-25 05:00:00,2098.938557,2100.8796,2126.1875,2112.6473034429855,-13.708746442985557
2024-09-25 06:00:00,2015.264206,2093.4592,2089.5896,2091.659926110457,-76.39572011045698
2024-09-25 07:00:00,2010.965438,2053.473,2057.0095,2055.1173606203574,-44.15192262035748
2024-09-25 08:00:00,2136.478734,2029.6262,2032.3555,2030.8952681218866,105.5834658781132
2024-09-25 09:00:00,1976.432641,2052.8542,2009.1772,2032.5452890823997,-56.11264808239957
2024-09-25 10:00:00,1984.550593,2025.4312,1998.8492,2013.0710800268116,-28.52048702681168
2024-09-25 11:00:00,2040.060254,2026.7233,1995.5256,2012.2169727532612,27.843281246738798
2024-09-25 12:00:00,2038.131761,2017.9497,2000.9967,2010.066889405783,28.06487159421704
2024-09-25 13:00:00,2065.642449,2039.4801,2016.4061,2028.7511517747207,36.89129722527923
2024-09-25 14:00:00,1955.233659,2029.489,2036.4539,2032.727530959864,-77.49387195986401
2024-09-25 15:00:00,2280.116605,2081.1711,2061.5022,2072.0254644096744,208.09114059032572
2024-09-25 16:00:00,2215.338759,2129.7053,2089.2288,2110.884505586913,104.45425341308737
2024-09-25 17:00:00,1957.512712,2115.435,2124.9014,2119.836708528007,-162.323996528007
2024-09-25 18:00:00,2221.869622,2152.0115,2158.4045,2154.984126519894,66.88549548010633
2024-09-25 19:00:00,2321.276992,2185.9243,2182.9934,2184.561500925238,136.7154910747622
2024-09-25 20:00:00,2195.445108,2189.862,2209.408,2198.950524304461,-3.5054163044610505
2024-09-25 21:00:00,2229.725673,2252.445,2233.4216,2243.599538806651,-13.873865806650883
2024-09-25 22:00:00,2138.358819,2228.656,2246.7705,2237.0788980080333,-98.72007900803328
2024-09-25 23:00:00,2194.427309,2256.7935,2250.4617,2253.849298805507,-59.421989805506655
2024-09-26 00:00:00,2308.391376,2230.0132,2254.9143,2241.591722951169,66.79965304883126
2024-09-26 01:00:00,2211.943622,2213.0342,2244.2188,2227.5344001806798,-15.59077818067999
2024-09-26 02:00:00,2225.845251,2198.9077,2228.2139,2212.534507405992,13.310743594008272
2024-09-26 03:00:00,2223.588795,2189.7456,2205.2256,2196.94349621336,26.64529878664007
2024-09-26 04:00:00,2123.522779,2144.546,2170.8882,2156.794550230106,-33.27177123010597
2024-09-26 05:00:00,2190.523235,2118.4036,2137.3816,2127.2279791637443,63.29525583625582
2024-09-26 06:00:00,2064.871361,2096.1057,2102.7356,2099.188479837927,-34.317118837926955
2024-09-26 07:00:00,2047.303191,2054.7212,2074.2964,2063.823277642613,-16.520086642613023
2024-09-26 08:00:00,2066.754777,2020.78,2049.107,2033.951490505986,32.80328649401417
2024-09-26 09:00:00,1916.16669,2023.9835,2027.6652,2025.6954120074927,-109.52872200749266
2024-09-26 10:00:00,2089.403166,2043.6738,2015.8884,2030.754155731956,58.649010268044094
2024-09-26 11:00:00,2117.386087,2019.1445,2009.1945,2014.5179401349326,102.86814686506727
2024-09-26 12:00:00,2149.869877,2042.7886,2014.1721,2029.4824775110567,120.3873994889434
2024-09-26 13:00:00,2167.31538,2012.7749,2030.6733,2021.097328711426,146.2180512885741
2024-09-26 14:00:00,1993.832157,2059.9917,2046.8535,2053.8826986110716,-60.050541611071594
2024-09-26 15:00:00,1976.676929,2081.4868,2072.846,2077.4689798115432,-100.79205081154328
2024-09-26 16:00:00,2082.197455,2116.6812,2100.7744,2109.2848274916173,-27.087372491617316
2024-09-26 17:00:00,2342.140059,2125.3867,2127.265,2126.260033160281,215.88002583971866
2024-09-26 18:00:00,2247.01665,2164.2605,2153.3813,2159.2019040735827,87.81474592641734
2024-09-26 19:00:00,2224.825326,2182.6975,2183.9136,2183.2629561555395,41.56236984446059
2024-09-26 20:00:00,2243.079814,2182.6694,2212.467,2196.5247432374813,46.55507076251888
2024-09-26 21:00:00,2311.14008,2246.3665,2229.6868,2238.6107238275845,72.52935617241565
2024-09-26 22:00:00,2190.605477,2242.864,2241.916,2242.423212962773,-51.817735962772986
2024-09-26 23:00:00,2355.063828,2262.1174,2245.9585,2254.6038399503514,100.45998804964847
2024-09-27 00:00:00,2267.406409,2247.7554,2249.2502,2248.450458073362,18.955950926638252
2024-09-27 01:00:00,2359.390479,2212.983,2244.7932,2227.7740840919814,131.61639490801872
2024-09-27 02:00:00,2261.957,2203.95,2227.5012,2214.9008348196303,47.05616518036959
2024-09-27 03:00:00,2242.841652,2189.4348,2203.562,2196.0036872401934,46.83796475980671
2024-09-27 04:00:00,2046.051802,2167.795,2174.9119,2171.104162531975,-125.05236053197495
2024-09-27 05:00:00,2153.436107,2075.0017,2145.3743,2107.7235841313786,45.71252286862136
2024-09-27 06:00:00,2231.572848,2097.2493,2113.9631,2105.0208917205723,126.55195627942749
2024-09-27 07:00:00,2043.1823,2107.0864,2083.3542,2096.051423327045,-52.869123327045145
2024-09-27 08:00:00,2080.920462,2054.3826,2059.4595,2056.743230410824,24.177231589176245
2024-09-27 09:00:00,2047.13168,2062.006,2041.7592,2052.591665192964,-5.4599851929638135
2024-09-27 10:00:00,2020.483617,2028.6859,2028.8911,2028.781327197707,-8.29771019770692
2024-09-27 11:00:00,1906.198554,2031.522,2023.1007,2027.6062478920446,-121.40769389204456
2024-09-27 12:00:00,1997.784952,2038.0345,2025.3041,2032.1151247870766,-34.33017278707666
2024-09-27 13:00:00,1969.451594,2055.4402,2033.4218,2045.2020413408136,-75.75044734081371
2024-09-27 14:00:00,2028.169495,2073.5627,2052.5972,2063.8141577656224,-35.64466276562234
2024-09-27 15:00:00,2018.193638,2086.3013,2074.5303,2080.8279845998454,-62.63434659984546
2024-09-27 16:00:00,2052.375676,2105.4321,2099.7725,2102.800493047789,-50.42481704778902
2024-09-27 17:00:00,2074.873377,2133.2222,2125.325,2129.550115293673,-54.676738293673225
2024-09-27 18:00:00,2308.769669,2168.4106,2149.494,2159.614723505407,149.154945494593
2024-09-27 19:00:00,2416.503779,2149.3093,2171.6833,2159.712813214096,256.79096578590406
2024-09-27 20:00:00,2259.490488,2212.8093,2192.24,2203.2449838223356,56.245504177664316
2024-09-27 21:00:00,2113.010676,2218.4778,2210.3892,2214.71673033337,-101.70605433337005
2024-09-27 22:00:00,2135.953586,2235.0588,2221.476,2228.7431161675013,-92.7895301675012
2024-09-27 23:00:00,2197.63728,2263.413,2230.2612,2247.9981159944246,-50.36083599442463
2024-09-28 00:00:00,2001.390229,2002.4382,2226.8542,2106.787328021214,-105.39709902121376
2024-09-28 01:00:00,1959.164473,2007.9279,2138.5051,2068.6437551986746,-109.47928219867458
2024-09-28 02:00:00,2072.383198,1977.2424,2056.4158,2014.0564994123283,58.32669858767167
2024-09-28 03:00:00,1901.73892,1955.1343,1986.2883,1969.6203077548698,-67.88138775486982
2024-09-28 04:00:00,1938.979864,1898.9977,1932.3732,1914.516635528471,24.463228471528964
2024-09-28 05:00:00,1831.708136,1860.2535,1888.1382,1873.2193585789646,-41.511222578964635
2024-09-28 06:00:00,1882.522308,1814.5253,1852.9021,1832.3697508273651,50.15255717263494
2024-09-28 07:00:00,1792.147233,1828.6411,1824.6996,1826.8083790427495,-34.66114604274958
2024-09-28 08:00:00,1825.493466,1827.8649,1803.8582,1816.7022117316487,8.791254268351167
2024-09-28 09:00:00,1646.749011,1773.1482,1789.2742,1780.6464597610247,-133.89744876102463
2024-09-28 10:00:00,1738.485592,1770.9984,1776.8842,1773.7351690722962,-35.24957707229623
2024-09-28 11:00:00,1744.072354,1756.3812,1767.5616,1761.579904049323,-17.507550049323072
2024-09-28 12:00:00,1827.53174,1813.7115,1766.8279,1791.911551824584,35.62018817541593
2024-09-28 13:00:00,1780.538984,1794.9022,1773.5383,1784.9684263536421,-4.429442353642116
2024-09-28 14:00:00,1797.733569,1812.2909,1786.7994,1800.4378612499058,-2.7042922499058477
2024-09-28 15:00:00,1832.634491,1837.3065,1804.8904,1822.2336431099072,10.400847890092791
2024-09-28 16:00:00,1770.777827,1880.3662,1829.9971,1856.945537258321,-86.16771025832122
2024-09-28 17:00:00,1705.461248,1858.1647,1856.5934,1857.4340539064735,-151.97280590647347
2024-09-28 18:00:00,1893.899514,1888.497,1884.8481,1886.8003252708036,7.099188729196385
2024-09-28 19:00:00,1992.208018,1923.457,1915.1675,1919.6025508799642,72.60546712003588
2024-09-28 20:00:00,2003.010832,1984.3324,1945.2509,1966.1602378133375,36.85059418666242
2024-09-28 21:00:00,2038.589315,1986.5372,1974.1119,1980.7597111545483,57.82960384545163
2024-09-28 22:00:00,2094.387224,1997.3099,1996.0784,1996.7372815718368,97.64994242816329
2024-09-28 23:00:00,2066.643943,2076.448,2013.5568,2047.2047931366385,19.439149863361536
2024-09-29 00:00:00,1907.220876,1950.5352,2033.7574,1989.231907349054,-82.01103134905384
2024-09-29 01:00:00,1922.59355,1968.9648,2022.9705,1994.0764076074106,-71.48285760741055
2024-09-29 02:00:00,1930.342427,1957.735,1998.2097,1976.554950625351,-46.21252362535097
2024-09-29 03:00:00,1956.453457,1929.461,1964.0297,1945.5347898829264,10.91866711707371
2024-09-29 04:00:00,2031.080183,1892.0406,1927.9261,1908.726710147716,122.35347285228409
2024-09-29 05:00:00,1779.309435,1894.0364,1890.998,1892.6236123832628,-113.31417738326286
2024-09-29 06:00:00,1822.799429,1811.185,1857.4999,1832.7205514911361,-9.921122491136202
2024-09-29 07:00:00,1655.232597,1778.7615,1824.3938,1799.979620511578,-144.74702351157816
2024-09-29 08:00:00,1642.981372,1766.9036,1793.8173,1779.417911342216,-136.43653934221607
2024-09-29 09:00:00,1849.554354,1781.5408,1770.7062,1776.5028950308897,73.0514589691104
2024-09-29 10:00:00,1824.166009,1772.6401,1751.4603,1762.7919359676887,61.374073032311344
2024-09-29 11:00:00,1726.524951,1748.8732,1741.2063,1745.3082230096225,-18.78327200962235
2024-09-29 12:00:00,1876.676475,1740.22,1739.3324,1739.8072663565013,136.86920864349872
2024-09-29 13:00:00,1986.89407,1797.4034,1744.6207,1772.8605034936973,214.0335665063028
2024-09-29 14:00:00,1942.941038,1854.0342,1761.2771,1810.9039361100467,132.0371018899532
2024-09-29 15:00:00,1908.152469,1816.7491,1788.4973,1803.6125919005683,104.5398770994318
2024-09-29 16:00:00,1873.59875,1870.8867,1814.812,1844.8130673289425,28.785682671057657
2024-09-29 17:00:00,1850.319166,1884.6481,1851.8694,1869.4066176694132,-19.087451669413213
2024-09-29 18:00:00,1940.584114,1930.9703,1887.9792,1910.9803142339608,29.603799766039174
2024-09-29 19:00:00,1986.749629,1900.7794,1927.6321,1913.2653856702843,73.48424332971558
2024-09-29 20:00:00,1895.005903,1968.8945,1962.8092,1966.0649721269708,-71.05906912697083
2024-09-29 21:00:00,2031.178958,1954.795,1997.0791,1974.4563108042555,56.72264719574446
2024-09-29 22:00:00,1913.348136,2010.7667,2026.6932,2018.17224365812,-104.82410765811983
2024-09-29 23:00:00,2071.631938,2014.0133,2056.0664,2033.567181981978,38.06475601802208
2024-09-30 00:00:00,2403.681474,2225.7778,2074.2217,2155.3071600271073,248.37431397289265
2024-09-30 01:00:00,2209.958501,2245.5933,2144.976,2198.808220606005,11.150280393995217
2024-09-30 02:00:00,2334.744952,2204.5864,2190.46,2198.0178935561507,136.72705844384927
2024-09-30 03:00:00,1922.097817,2192.7827,2198.0122,2195.214327305497,-273.11651030549706
2024-09-30 04:00:00,2149.417688,2137.2522,2183.795,2158.8936616958326,-9.475973695832636
2024-09-30 05:00:00,2086.708489,2088.9177,2144.145,2114.597345831799,-27.888856831798876
2024-09-30 06:00:00,2108.266116,2073.5706,2099.5586,2085.6544899606815,22.611626039318253
2024-09-30 07:00:00,2059.797928,2047.7217,2061.147,2053.964180587196,5.833747412803859
2024-09-30 08:00:00,2021.947622,2024.402,2030.0779,2027.0411625211789,-5.093540521178966
2024-09-30 09:00:00,1891.981794,2050.704,2008.7637,2031.202615027549,-139.22082102754894
2024-09-30 10:00:00,2083.562745,2040.3402,1998.6989,2020.9777862301717,62.58495876982852
2024-09-30 11:00:00,1933.112509,2065.972,1995.711,2033.3019843814598,-100.18947538145972
2024-09-30 12:00:00,1900.618645,2065.9697,2001.4515,2035.9700199974977,-135.35137499749771
2024-09-30 13:00:00,2005.503977,2074.2217,2017.0804,2047.6521132786206,-42.14813627862054
2024-09-30 14:00:00,1989.457163,2063.0623,2038.2809,2051.539398383958,-62.08223538395805
2024-09-30 15:00:00,2112.787041,2069.8232,2062.509,2066.4222768400914,46.364764159908646
2024-09-30 16:00:00,2225.170281,2086.699,2087.1802,2086.922723823292,138.24755717670814
2024-09-30 17:00:00,2015.972026,2162.4622,2115.946,2140.8330675244733,-124.86104152447342
2024-09-30 18:00:00,2226.643788,2151.3765,2149.3972,2150.456152881687,76.18763511831276
2024-09-30 19:00:00,2170.3764,2194.7375,2173.5015,2184.8631815657454,-14.486781565745332
2024-09-30 20:00:00,2337.088667,2203.508,2198.6025,2201.2270860900235,135.8615809099765
2024-09-30 21:00:00,2237.750711,2221.2686,2218.0862,2219.7888129303165,17.961898069683684
2024-09-30 22:00:00,2202.789174,2232.9521,2234.6377,2233.7358950498206,-30.946721049820553
2024-09-30 23:00:00,2211.456996,2250.471,2243.8445,2247.3897696075137,-35.93277360751381
2024-10-01 00:00:00,2190.504691,2216.4895,2248.8818,2231.551309133899,-41.046618133898846
2024-10-01 01:00:00,2341.293097,2190.668,2240.5557,2213.864779694605,127.42831730539501
2024-10-01 02:00:00,2241.391451,2196.2979,2220.1877,2207.4061883607897,33.985262639210305
2024-10-01 03:00:00,2076.158316,2196.0476,2195.9858,2196.018886695786,-119.86057069578601
2024-10-01 04:00:00,2173.074953,2110.9434,2165.3596,2136.245864976606,36.82908802339398
2024-10-01 05:00:00,2284.690615,2086.6987,2134.2175,2108.7940504835547,175.89656451644532
2024-10-01 06:00:00,2166.795889,2156.0862,2100.8127,2130.3851050141266,36.41078398587342
2024-10-01 07:00:00,2158.699355,2076.3691,2075.707,2076.061272604633,82.63808239536729
2024-10-01 08:00:00,1968.580355,2048.2869,2052.6057,2050.2950456474614,-81.71469064746134
2024-10-01 09:00:00,1856.839152,2029.0895,2037.5767,2033.0358528805168,-176.1967008805168
2024-10-01 10:00:00,1902.075845,2056.3848,2026.045,2042.2773833635606,-140.20153836356053
2024-10-01 11:00:00,2112.441562,2004.1079,2025.2941,2013.9590624443797,98.48249955562028
2024-10-01 12:00:00,1960.929185,2057.3953,2030.4429,2044.8629237587322,-83.93373875873226
2024-10-01 13:00:00,1944.387791,2043.1157,2044.875,2043.9337525068267,-99.54596150682664
2024-10-01 14:00:00,1915.738462,2063.8381,2064.307,2064.0560944260615,-148.31763242606144
2024-10-01 15:00:00,2115.275994,2078.414,2089.1814,2083.420664012626,31.85532998737426
2024-10-01 16:00:00,2051.341928,2142.0227,2117.9985,2130.8519319187726,-79.51000391877278
2024-10-01 17:00:00,2117.165244,2149.323,2150.3625,2149.806369002156,-32.64112500215606
2024-10-01 18:00:00,2242.556745,2181.6025,2179.8481,2180.786779625053,61.76996537494688
2024-10-01 19:00:00,2210.207107,2180.975,2203.5344,2191.464746876737,18.742360123263097
2024-10-01 20:00:00,2238.465458,2201.5898,2222.1533,2211.151461603784,27.313996396216226
2024-10-01 21:00:00,2298.643348,2197.334,2239.2183,2216.809361158961,81.83398684103895
2024-10-01 22:00:00,2174.279133,2214.1938,2245.2888,2228.6524060685024,-54.373273068502385
2024-10-01 23:00:00,2103.754318,2142.5847,2248.681,2191.9173884822876,-88.16307048228782
2024-10-02 00:00:00,1664.952667,2008.2018,2260.84,2125.6736954337116,-460.7210284337116
2024-10-02 01:00:00,2188.803871,2242.1377,2286.3425,2262.6920859362795,-73.88821493627938
2024-10-02 02:00:00,2311.625316,2277.8909,2302.742,2289.4461367634663,22.179179236533855
2024-10-02 03:00:00,2434.59571,2221.4612,2312.171,2263.639440992858,170.95626900714205
2024-10-02 04:00:00,2150.333249,2199.6282,2305.4043,2248.8120199328955,-98.47877093289571
2024-10-02 05:00:00,2361.41306,2221.1687,2291.5762,2253.906809772755,107.50625022724489
2024-10-02 06:00:00,2202.486721,2160.618,2269.358,2211.179906796282,-8.693185796281796
2024-10-02 07:00:00,2290.867551,2169.2456,2246.9343,2205.3693541284138,85.49819687158606
2024-10-02 08:00:00,2157.361576,2165.7402,2228.0896,2194.731480188185,-37.369904188185046
2024-10-02 09:00:00,2212.963308,2145.787,2218.567,2179.6282981948716,33.335009805128266
2024-10-02 10:00:00,2268.4656,2134.1648,2208.2844,2168.628985104495,99.83661489550514
2024-10-02 11:00:00,2090.050397,2148.5774,2205.6394,2175.1101215339772,-85.05972453397726
2024-10-02 12:00:00,2178.417938,2112.0146,2215.6785,2160.2163138224278,18.201624177572285
2024-10-02 13:00:00,2296.961389,2136.488,2225.9824,2178.1011906336635,118.86019836633659
2024-10-02 14:00:00,2176.37207,2162.1301,2243.974,2200.185997186036,-23.813927186035926
2024-10-02 15:00:00,2164.457867,2205.248,2262.448,2231.8449150017623,-67.3870480017622
2024-10-02 16:00:00,2249.122993,2155.9507,2289.7468,2218.1632954424394,30.959697557560503
2024-10-02 17:00:00,2138.711075,2213.9104,2316.1792,2261.46340874444,-122.75233374443997
2024-10-02 18:00:00,2252.940266,2249.879,2333.7085,2288.8580399820416,-35.91777398204158
2024-10-02 19:00:00,2320.978759,2236.1858,2355.8896,2291.845763531122,29.132995468878107
2024-10-02 20:00:00,2299.908264,2288.7493,2373.7615,2328.2782953701435,-28.37003137014335
2024-10-02 21:00:00,2428.28172,2297.9895,2387.3167,2339.5248938277264,88.75682617227358
2024-10-02 22:00:00,2207.366064,2399.4187,2399.191,2399.3127863993814,-191.94672239938154
2024-10-02 23:00:00,2535.907222,2388.9402,2408.6956,2398.1260500277185,137.7811719722813
2024-10-03 00:00:00,2823.054646,2653.9512,2393.341,2532.7725254322204,290.28212056777966
2024-10-03 01:00:00,2286.775219,2219.2854,2352.5723,2281.2612081499024,5.514010850097748
2024-10-03 02:00:00,2307.908804,2233.18,2306.888,2267.452725996424,40.456078003576295
2024-10-03 03:00:00,2125.6627,2216.9998,2259.7393,2236.8727955029767,-111.21009550297686
2024-10-03 04:00:00,2166.776821,2162.3103,2225.6316,2191.7534742809967,-24.976653280996743
2024-10-03 05:00:00,2169.044476,2142.9973,2185.7495,2162.8762571708635,6.168218829136549
2024-10-03 06:00:00,2253.622496,2149.3538,2149.4307,2149.3895187724156,104.23297722758434
2024-10-03 07:00:00,1867.132978,2132.5322,2119.221,2126.342739809379,-259.20976180937896
2024-10-03 08:00:00,2081.806601,2078.8284,2099.5188,2088.4490177357775,-6.642416735777715
2024-10-03 09:00:00,2044.906032,2068.2825,2079.5466,2073.5200867516824,-28.61405475168226
2024-10-03 10:00:00,2037.947628,2053.5159,2067.824,2060.1688607341434,-22.22123273414354
2024-10-03 11:00:00,1883.29408,2043.5925,2064.6501,2053.3839129593694,-170.08983295936946
2024-10-03 12:00:00,2093.15778,1996.022,2070.3567,2030.5861745372265,62.571605462773505
2024-10-03 13:00:00,2055.038996,2072.313,2079.3022,2075.5628576348868,-20.523861634886543
2024-10-03 14:00:00,2131.224682,2057.4119,2098.157,2076.357554635212,54.86712736478785
2024-10-03 15:00:00,2185.843681,2106.3948,2118.9038,2112.211233266561,73.63244773343877
2024-10-03 16:00:00,2210.391777,2123.2722,2137.4355,2129.857890641102,80.53388635889769
2024-10-03 17:00:00,2136.449444,2196.3337,2162.6228,2180.6588079879666,-44.20936398796675
2024-10-03 18:00:00,2210.834584,2187.8252,2189.7087,2188.701007177224,22.133576822776377
2024-10-03 19:00:00,2231.197507,2239.758,2210.8022,2226.294166220428,4.903340779571863
2024-10-03 20:00:00,2331.611958,2238.4265,2223.7947,2231.622993687867,99.9889643121328
2024-10-03 21:00:00,2253.018927,2256.5547,2237.7917,2247.830284487737,5.188642512262959
2024-10-03 22:00:00,2337.20595,2243.728,2250.135,2246.707149931688,90.498800068312
2024-10-03 23:00:00,2256.539061,2287.7537,2253.2598,2271.714669117643,-15.17560811764315
2024-10-04 00:00:00,2252.456528,2232.771,2252.805,2242.086387643634,10.370140356365937
2024-10-04 01:00:00,2170.600874,2215.1687,2241.3145,2227.3259688360163,-56.72509483601607
2024-10-04 02:00:00,2227.034038,2214.6396,2223.484,2218.7520477390526,8.281990260947168
2024-10-04 03:00:00,2310.162962,2185.1619,2200.8057,2192.4359283394815,117.72703366051837
2024-10-04 04:00:00,2063.092307,2160.718,2173.566,2166.6920421252516,-103.59973512525175
2024-10-04 05:00:00,2011.246686,2116.5115,2147.881,2131.0977437601646,-119.85105776016462
2024-10-04 06:00:00,2192.484488,2075.1243,2120.4546,2096.2019884282654,96.28249957173466
2024-10-04 07:00:00,2019.093649,2076.7156,2095.136,2085.2807097031,-66.18706070310009
2024-10-04 08:00:00,2071.749008,2047.4935,2069.4023,2057.6807037047406,14.068304295259168
2024-10-04 09:00:00,1906.705278,2030.2526,2048.665,2038.814007586452,-132.108729586452
2024-10-04 10:00:00,2002.765551,2032.9137,2038.5845,2035.5504973373927,-32.78494633739274
2024-10-04 11:00:00,2145.322909,2031.8623,2030.8907,2031.410549235048,113.91235976495204
2024-10-04 12:00:00,2082.208218,2032.7628,2031.1246,2032.0010937778486,50.207124222151606
2024-10-04 13:00:00,2075.79423,2046.3271,2043.6472,2045.0810321913468,30.71319780865315
2024-10-04 14:00:00,2101.7054,2058.6003,2062.759,2060.5340526593122,41.17134734068759
2024-10-04 15:00:00,2068.889951,2093.797,2088.3562,2091.2671977903683,-22.37724679036819
2024-10-04 16:00:00,2193.185721,2134.3364,2112.1956,2124.041350965965,69.14437003403464
2024-10-04 17:00:00,2202.563633,2143.1501,2136.0237,2139.8364785217977,62.727154478202465
2024-10-04 18:00:00,2152.717542,2154.2207,2161.6921,2157.6947757751796,-4.977233775179684
2024-10-04 19:00:00,2059.277787,2190.768,2189.68,2190.26210484033,-130.98431784032982
2024-10-04 20:00:00,2066.310084,2220.7827,2211.5632,2216.4958342931914,-150.18575029319118
2024-10-04 21:00:00,2313.801175,2222.6985,2217.5662,2220.3120550876556,93.48911991234445
2024-10-04 22:00:00,2270.22495,2220.4102,2219.8606,2220.1546212522694,50.0703287477304
2024-10-04 23:00:00,2263.964797,2253.506,2221.2126,2238.4902722007246,25.474524799275514
2024-10-05 00:00:00,1997.826091,1993.1431,2218.841,2098.0882589727516,-100.26216797275174
2024-10-05 01:00:00,1890.722439,1983.0267,2125.689,2049.361904647434,-158.63946564743424
2024-10-05 02:00:00,1959.656362,1982.34,2040.6196,2009.4388790503463,-49.782517050346314
2024-10-05 03:00:00,2006.671534,1939.6492,1972.4436,1954.8979456238671,51.77358837613292
2024-10-05 04:00:00,1894.773305,1922.4021,1917.1621,1919.9656057593993,-25.19230075939936
2024-10-05 05:00:00,1942.893244,1847.6174,1877.4478,1861.4879530523242,81.4052909476759
2024-10-05 06:00:00,1831.770405,1870.1326,1844.7073,1858.3103001524987,-26.53989515249873
2024-10-05 07:00:00,1879.950062,1823.7013,1824.1593,1823.9142586968642,56.03580330313571
2024-10-05 08:00:00,1790.826928,1829.5857,1808.2277,1819.654622529085,-28.827694529084965
2024-10-05 09:00:00,2050.088733,1783.608,1796.6626,1789.6781520093973,260.41058099060274
2024-10-05 10:00:00,1817.673374,1850.8175,1786.7598,1821.0318982759268,-3.3585242759268112
2024-10-05 11:00:00,1710.979067,1792.3203,1788.4553,1790.523166987305,-79.54409998730512
2024-10-05 12:00:00,1747.18207,1779.3055,1792.9636,1785.6562848378346,-38.47421483783455
2024-10-05 13:00:00,1716.452006,1803.5443,1804.8733,1804.1622612169726,-87.71025521697266
2024-10-05 14:00:00,1931.919069,1829.8939,1822.7773,1826.5848505224476,105.33421847755244
2024-10-05 15:00:00,1952.575806,1839.4548,1842.5659,1840.9014277098674,111.67437829013261
2024-10-05 16:00:00,1766.081144,1861.9124,1869.0778,1865.2441280229104,-99.16298402291045
2024-10-05 17:00:00,1910.597091,1898.1404,1897.8074,1897.9855386839397,12.611552316060397
2024-10-05 18:00:00,1925.025242,1917.714,1923.417,1920.365775032798,4.659466967201979
2024-10-05 19:00:00,1951.610202,1961.3488,1950.844,1956.4642448362283,-4.8540428362282455
2024-10-05 20:00:00,1979.348997,1954.0063,1979.6644,1965.9368578090775,13.412139190922517
2024-10-05 21:00:00,1988.057576,1980.8446,2005.3961,1992.260582269531,-4.203006269530988
2024-10-05 22:00:00,2059.129157,2027.1453,2026.0667,2026.6437294115576,32.485427588442235
2024-10-05 23:00:00,1927.79152,2018.2322,2041.1074,2028.868722684344,-101.077202684344
2024-10-06 00:00:00,2019.965483,1997.9663,2053.105,2023.6047218178728,-3.639238817872865
2024-10-06 01:00:00,1811.255531,1993.6345,2032.8334,2011.8612278074122,-200.6056968074122
2024-10-06 02:00:00,2038.916485,1958.2692,2004.8962,1979.9498508560832,58.966634143916735
2024-10-06 03:00:00,1988.197153,1970.7184,1969.567,1970.1830203731147,18.014132626885385
2024-10-06 04:00:00,1936.825188,1949.762,1938.2178,1944.3941386490878,-7.56895064908781
2024-10-06 05:00:00,1939.025407,1851.0979,1907.923,1877.5204575493658,61.504949450634285
2024-10-06 06:00:00,1848.071477,1847.505,1871.1692,1858.5083918341886,-10.436914834188656
2024-10-06 07:00:00,1791.654271,1803.5731,1838.3904,1819.7624712184238,-28.10820021842369
2024-10-06 08:00:00,1798.415829,1787.2482,1807.7413,1796.7770928500308,1.6387361499691906
2024-10-06 09:00:00,1837.12625,1831.435,1782.3275,1808.6010029069184,28.52524709308159
2024-10-06 10:00:00,1819.327138,1802.4377,1768.5203,1786.6667734188366,32.66036458116355
2024-10-06 11:00:00,1630.536486,1771.8541,1763.3916,1767.9192162214122,-137.3827302214122
2024-10-06 12:00:00,1719.320946,1726.5569,1764.4824,1744.191524104804,-24.870578104804054
2024-10-06 13:00:00,1804.96455,1745.7866,1773.613,1758.725364957082,46.239185042917825
2024-10-06 14:00:00,1781.306189,1810.5597,1789.4739,1800.755197084495,-19.449008084495063
2024-10-06 15:00:00,1933.310887,1838.4243,1815.6085,1827.815413736133,105.4954732638671
2024-10-06 16:00:00,1919.88531,1865.8715,1847.2789,1857.2262943668961,62.65901563310376
2024-10-06 17:00:00,1776.705892,1897.2239,1881.342,1889.839131207953,-113.13323920795301
2024-10-06 18:00:00,2023.152962,1944.4625,1917.5059,1931.9281978894314,91.22476411056846
2024-10-06 19:00:00,1991.254022,1971.5079,1954.6261,1963.6582082162085,27.595813783791527
2024-10-06 20:00:00,1982.879936,1972.9185,1991.3658,1981.4961345950155,1.3838014049845242
2024-10-06 21:00:00,1863.306254,2010.3079,2023.3665,2016.3798542017917,-153.07360020179158
2024-10-06 22:00:00,2195.468112,1982.1143,2051.412,2014.3364150296898,181.13169697031026
2024-10-06 23:00:00,2128.353227,2035.6471,2069.647,2051.456378669912,76.89684833008823
2024-10-07 00:00:00,2170.383256,2274.3835,2089.0537,2188.208765862609,-17.825509862609124
2024-10-07 01:00:00,2311.856034,2185.477,2174.2966,2180.2783723178645,131.57766168213539
2024-10-07 02:00:00,2379.841751,2231.3457,2220.489,2226.2975530521035,153.54419794789646
2024-10-07 03:00:00,2306.653031,2171.8323,2232.382,2199.9867604449146,106.66627055508525
2024-10-07 04:00:00,2097.142954,2154.7212,2210.1304,2180.48538551775,-83.3424315177499
2024-10-07 05:00:00,2171.682414,2096.0056,2177.8982,2134.0840760779242,37.59833792207564
2024-10-07 06:00:00,2226.009367,2091.309,2136.4893,2112.316987677657,113.69237932234319
2024-10-07 07:00:00,2137.934649,2103.066,2095.2432,2099.428489093899,38.50615990610095
2024-10-07 08:00:00,2005.673726,2050.538,2061.6604,2055.709746484644,-50.036020484643814
2024-10-07 09:00:00,2083.371043,2001.5476,2038.4261,2018.6954134257503,64.6756295742498
2024-10-07 10:00:00,1916.097895,2054.4033,2021.6584,2039.177589303773,-123.07969430377284
2024-10-07 11:00:00,1989.432823,1980.809,2019.6201,1998.8553954814884,-9.42257248148826
2024-10-07 12:00:00,2208.561272,2029.8407,2023.1207,2026.7160421726453,181.84522982735461
2024-10-07 13:00:00,2052.197584,2084.3633,2034.4971,2061.1764601231644,-8.978876123164355
2024-10-07 14:00:00,2034.075242,2040.0566,2058.2007,2048.4932687730925,-14.418026773092606
2024-10-07 15:00:00,2073.286909,2098.1768,2084.7935,2091.953782465718,-18.666873465718254
2024-10-07 16:00:00,2110.928358,2139.319,2115.1765,2128.0932611191315,-17.164903119131395
2024-10-07 17:00:00,2117.105925,2132.258,2148.7058,2139.905943267512,-22.800018267512314
2024-10-07 18:00:00,2242.819573,2191.5337,2179.7793,2186.068125879486,56.75144712051406
2024-10-07 19:00:00,2193.708487,2219.544,2207.174,2213.7921942107564,-20.08370721075653
2024-10-07 20:00:00,2213.505675,2203.2888,2229.9282,2215.6756247909134,-2.169949790913506
2024-10-07 21:00:00,2210.139555,2224.3833,2247.6301,2235.1926241703777,-25.053069170377512
2024-10-07 22:00:00,2214.846453,2250.3638,2259.4253,2254.5772022170677,-39.73074921706757
2024-10-07 23:00:00,2358.63977,2248.1846,2266.275,2256.596223916167,102.04354608383301
2024-10-08 00:00:00,2210.407852,2235.8066,2270.5415,2251.9576785046747,-41.54982650467491
2024-10-08 01:00:00,2304.04815,2201.448,2262.5151,2229.84303337224,74.20511662776016
2024-10-08 02:00:00,2249.567779,2204.494,2253.7146,2227.380568995484,22.187210004516146
2024-10-08 03:00:00,2309.854229,2173.4277,2230.9412,2200.1703630246793,109.68386597532071
2024-10-08 04:00:00,2168.043285,2155.9849,2195.3906,2174.307778360652,-6.264493360651613
2024-10-08 05:00:00,2039.163732,2119.912,2163.3564,2140.112883153852,-100.9491511538522
2024-10-08 06:00:00,2054.647925,2085.4934,2131.506,2106.88841928812,-52.24049428811986
2024-10-08 07:00:00,2083.620683,2056.2214,2101.3376,2077.1995987812847,6.42108421871535
2024-10-08 08:00:00,2049.392083,2048.8892,2074.7502,2060.9140627349384,-11.521979734938213
2024-10-08 09:00:00,2233.041046,2057.1333,2051.3157,2054.428217058048,178.61282894195165
2024-10-08 10:00:00,2091.562733,2079.1104,2037.0798,2059.566975905309,31.99575709469127
2024-10-08 11:00:00,2004.114156,2056.302,2035.5759,2046.664779342127,-42.55062334212698
2024-10-08 12:00:00,2087.070933,2024.9441,2045.2838,2034.4016679689973,52.669265031002624
2024-10-08 13:00:00,1991.904892,2052.0828,2059.7095,2055.629035459575,-63.72414345957486
2024-10-08 14:00:00,2100.457738,2080.6067,2078.9324,2079.8281647910026,20.6295732089975
2024-10-08 15:00:00,2183.716687,2104.3997,2102.0762,2103.319282115429,80.39740488457119
2024-10-08 16:00:00,2038.589087,2123.378,2133.7395,2128.1958598690603,-89.60677286906025
2024-10-08 17:00:00,2038.594959,2138.5164,2163.4656,2150.11726034862,-111.5223013486202
2024-10-08 18:00:00,2183.141694,2147.682,2189.9285,2167.3257262037987,15.815967796201221
2024-10-08 19:00:00,2124.86318,2209.1829,2218.8916,2213.6972372742644,-88.83405727426452
2024-10-08 20:00:00,2318.303317,2244.4353,2240.3477,2242.5346263829724,75.76869061702746
2024-10-08 21:00:00,2331.787216,2246.1682,2257.6426,2251.5035702244095,80.28364577559068
2024-10-08 22:00:00,2317.903296,2240.1501,2269.5405,2253.8161036731017,64.08719232689828
2024-10-08 23:00:00,2269.237946,2243.6309,2274.3953,2257.935710818382,11.302235181618016
2024-10-09 00:00:00,2258.489322,2245.9387,2274.44,2259.191235660961,-0.7019136609610541
2024-10-09 01:00:00,2258.638068,2216.9072,2252.0942,2233.2685046979714,25.369563302028837
2024-10-09 02:00:00,2267.531347,2227.1917,2232.6055,2229.708970948013,37.82237605198725
2024-10-09 03:00:00,2238.95035,2198.5466,2214.7615,2206.0862187799826,32.8641312200175
2024-10-09 04:00:00,2160.801648,2161.826,2195.3801,2177.427979719325,-16.626331719324753
2024-10-09 05:00:00,2127.567414,2131.0288,2165.0886,2146.8659618582647,-19.298547858264556
2024-10-09 06:00:00,2021.146087,2089.741,2137.458,2111.928465584739,-90.78237858473904
2024-10-09 07:00:00,2102.587573,2059.7751,2106.9175,2081.695417646891,20.892155353108592
2024-10-09 08:00:00,2194.295408,2055.7021,2082.6555,2068.2349424332688,126.06046556673118
2024-10-09 09:00:00,1962.030416,2055.6858,2063.0366,2059.103784461505,-97.07336846150474
2024-10-09 10:00:00,1824.54659,2026.5989,2055.4265,2040.0031690286714,-215.4565790286715
2024-10-09 11:00:00,2072.399293,2021.4106,2054.085,2036.6035680702553,35.795724929744665
2024-10-09 12:00:00,2188.227861,2043.2034,2054.8066,2048.5986653810296,139.62919561897024
2024-10-09 13:00:00,1935.364648,2076.451,2067.571,2072.3219544169765,-136.9573064169765
2024-10-09 14:00:00,2017.064853,2075.5366,2088.4094,2081.5222247478373,-64.45737174783721
2024-10-09 15:00:00,2180.614521,2095.5464,2107.7476,2101.219695046868,79.39482595313211
2024-10-09 16:00:00,2204.825742,2117.8591,2131.434,2124.1712199214917,80.65452207850831
2024-10-09 17:00:00,2137.021196,2154.7512,2161.9927,2158.118356894903,-21.097160894903027
2024-10-09 18:00:00,2110.336977,2170.1023,2193.2605,2180.8704103127016,-70.53343331270162
2024-10-09 19:00:00,2116.982336,2178.1628,2218.648,2196.9876316985637,-80.00529569856371
2024-10-09 20:00:00,2298.322211,2237.2336,2238.1885,2237.6776218656087,60.64458913439148
2024-10-09 21:00:00,2399.224098,2265.978,2249.3953,2258.267363793831,140.95673420616913
2024-10-09 22:00:00,2414.295379,2248.8818,2262.0144,2254.9882255700795,159.30715342992062
2024-10-09 23:00:00,2323.955625,2252.8755,2268.4692,2260.1262796517785,63.82934534822152
2024-10-10 00:00:00,2242.369848,2256.855,2278.412,2266.8786273943974,-24.508779394397607
2024-10-10 01:00:00,2218.664709,2236.2402,2279.8025,2256.495838630931,-37.83112963093072
2024-10-10 02:00:00,2374.986675,2213.8262,2256.5562,2233.694784212999,141.2918907870012
2024-10-10 03:00:00,2116.575534,2190.867,2233.1707,2210.5373486311646,-93.96181463116454
2024-10-10 04:00:00,2352.025293,2176.0986,2200.4531,2187.422999420066,164.6022935799342
2024-10-10 05:00:00,2176.428273,2110.8923,2164.2952,2135.723615340943,40.70465765905692
2024-10-10 06:00:00,1963.044399,2087.1748,2135.7705,2109.7708643180267,-146.7264653180266
2024-10-10 07:00:00,2099.289295,2071.9343,2111.308,2090.242370045278,9.046924954721817
2024-10-10 08:00:00,1966.201237,2082.498,2079.6216,2081.1605465003827,-114.95930950038269
2024-10-10 09:00:00,1995.584292,2051.0159,2061.9495,2056.0997782203117,-60.515486220311686
2024-10-10 10:00:00,1897.540872,2052.6257,2047.9922,2050.471223882589,-152.9303518825891
2024-10-10 11:00:00,2007.365236,2029.2766,2040.691,2034.5840993407442,-27.218863340744065
2024-10-10 12:00:00,1943.483128,2030.2638,2040.2083,2034.8877740852809,-91.40464608528077
2024-10-10 13:00:00,2077.060728,2019.3159,2050.001,2033.583875198777,43.476852801223004
2024-10-10 14:00:00,2118.478308,2065.9492,2065.2917,2065.6435076221064,52.83480037789377
2024-10-10 15:00:00,2008.285541,2095.6067,2089.094,2092.578412420932,-84.29287142093222
2024-10-10 16:00:00,2186.705861,2114.1267,2118.3733,2116.1012872831443,70.60457371685561
2024-10-10 17:00:00,2149.253773,2129.1587,2146.2861,2137.1226195407703,12.131153459229608
2024-10-10 18:00:00,2056.394528,2164.9773,2172.3445,2168.402894251739,-112.00836625173906
2024-10-10 19:00:00,2268.190661,2203.8833,2194.3328,2199.442486220508,68.74817477949227
2024-10-10 20:00:00,2206.253805,2218.5283,2211.4475,2215.235880712684,-8.982075712684036
2024-10-10 21:00:00,2291.206127,2209.8682,2227.9778,2218.288785798029,72.91734120197088
2024-10-10 22:00:00,2255.050325,2263.628,2236.2903,2250.9164541784357,4.133870821564415
2024-10-10 23:00:00,2229.701534,2243.4756,2236.7747,2240.359784479163,-10.658250479163144
2024-10-11 00:00:00,2347.916051,2243.6526,2236.4158,2240.28760859132,107.62844240868026
2024-10-11 01:00:00,2273.560414,2210.0764,2222.586,2215.893100932874,57.66731306712609
2024-10-11 02:00:00,2246.377952,2207.6296,2207.9656,2207.7858430951883,38.59210890481154
2024-10-11 03:00:00,2158.034918,2188.0835,2188.2566,2188.1639822391926,-30.129064239192758
2024-10-11 04:00:00,2104.34666,2130.2234,2161.9534,2144.977214311625,-40.63055431162502
2024-10-11 05:00:00,2143.521723,2065.3113,2130.7734,2095.7499134801474,47.77180951985247
2024-10-11 06:00:00,1958.149503,2089.813,2099.2957,2094.222244099491,-136.07274109949094
2024-10-11 07:00:00,2088.165644,2048.5544,2074.7231,2060.7223819652254,27.44326203477476
2024-10-11 08:00:00,2050.271784,2051.6565,2047.207,2049.587580176323,0.6842038236768531
2024-10-11 09:00:00,1971.290524,2033.3558,2028.6929,2031.1876471825462,-59.89712318254624
2024-10-11 10:00:00,1983.158839,2038.9286,2017.6282,2029.0243089118262,-45.86546991182627
2024-10-11 11:00:00,2029.99156,2045.9875,2012.822,2030.566221728287,-0.574661728287083
2024-10-11 12:00:00,2130.080487,2029.2994,2018.5509,2024.3015780544856,105.77890894551456
2024-10-11 13:00:00,1925.300609,2058.4272,2031.8636,2046.0756878260477,-120.77507882604777
2024-10-11 14:00:00,2093.422559,2072.0837,2052.1592,2062.8192059385924,30.603353061407688
2024-10-11 15:00:00,2113.487497,2074.4211,2072.2632,2073.4177334955207,40.0697635044794
2024-10-11 16:00:00,2154.365008,2118.993,2098.6514,2109.5344923448292,44.830515655170984
2024-10-11 17:00:00,2197.628287,2122.0525,2123.8235,2122.8759690764628,74.75231792353725
2024-10-11 18:00:00,2147.328569,2163.0916,2152.5654,2158.197109630349,-10.868540630349344
2024-10-11 19:00:00,2196.74696,2196.7908,2174.8862,2186.6055846645604,10.141375335439534
2024-10-11 20:00:00,2300.969758,2191.3699,2190.3564,2190.898648801837,110.07110919816296
2024-10-11 21:00:00,2276.481648,2232.7615,2205.7185,2220.187018532679,56.2946294673211
2024-10-11 22:00:00,2254.763524,2260.0579,2217.7092,2240.366568255544,14.396955744456136
2024-10-11 23:00:00,2436.829676,2262.4636,2226.4773,2245.7306782820965,191.09899771790333
2024-10-12 00:00:00,2077.929593,2011.1757,2224.1501,2110.204665973538,-32.275072973538045
2024-10-12 01:00:00,2000.685058,1988.2122,2136.7864,2057.296288909052,-56.611230909051756
2024-10-12 02:00:00,1966.302417,1993.9697,2056.7102,2023.1428324673616,-56.84041546736148
2024-10-12 03:00:00,1882.111113,1936.4918,1992.7225,1962.638012409609,-80.52689940960909
2024-10-12 04:00:00,2002.554753,1930.7347,1940.9291,1935.4749097428107,67.07984325718917
2024-10-12 05:00:00,1679.610244,1929.5648,1896.0913,1914.0002859279534,-234.39004192795346
2024-10-12 06:00:00,1799.884967,1796.5918,1863.7993,1827.84199023143,-27.957023231429957
2024-10-12 07:00:00,1793.978046,1817.2839,1831.6204,1823.9500955365447,-29.972049536544773
2024-10-12 08:00:00,1754.558032,1813.8866,1810.6532,1812.3831291053,-57.825097105300074
2024-10-12 09:00:00,1890.566094,1839.5331,1793.4236,1818.0930590293992,72.47303497060079
2024-10-12 10:00:00,1680.861688,1789.6432,1787.6886,1788.734342100804,-107.87265410080408
2024-10-12 11:00:00,1767.852373,1771.6914,1786.6879,1778.6644693344565,-10.812096334456555
2024-10-12 12:00:00,1788.829308,1754.0732,1790.432,1770.9793627137349,17.84994528626521
2024-10-12 13:00:00,1801.506075,1771.1395,1798.7222,1783.964919855027,17.541155144973118
2024-10-12 14:00:00,1803.402311,1843.9907,1809.8997,1828.139038747706,-24.736727747706027
2024-10-12 15:00:00,1784.882885,1836.9711,1832.0983,1834.7053105533037,-49.822425553303674
2024-10-12 16:00:00,1934.810512,1871.6432,1859.5024,1865.9979765109229,68.81253548907716
2024-10-12 17:00:00,1908.75515,1931.47,1887.0004,1910.7924669273957,-2.03731692739575
2024-10-12 18:00:00,1918.256773,1921.1699,1916.6877,1919.0857961427303,-0.8290231427301933
2024-10-12 19:00:00,1966.875128,1924.2941,1945.0349,1933.9381579935273,32.93697000647262
2024-10-12 20:00:00,1853.291129,1970.9884,1970.7118,1970.8597844165233,-117.56865541652337
2024-10-12 21:00:00,1961.993373,1970.7059,1992.025,1980.6188969027692,-18.625523902769146
2024-10-12 22:00:00,2049.897413,2001.1389,2007.8842,2004.2753214731124,45.62209152688774
2024-10-12 23:00:00,1988.195613,2013.4088,2017.7363,2015.4210238729538,-27.225410872953717
2024-10-13 00:00:00,2007.793559,2009.4276,2023.8204,2016.1199955660036,-8.326436566003622
2024-10-13 01:00:00,1800.034901,1963.7202,2006.7039,1983.7067751438292,-183.6718741438292
2024-10-13 02:00:00,2050.463503,1927.1394,1977.2112,1950.4218098164642,100.0416931835357
2024-10-13 03:00:00,2025.720663,1962.6423,1941.6681,1952.8897176260675,72.83094537393254
2024-10-13 04:00:00,1844.154401,1925.5875,1910.7766,1918.7007370285287,-74.54633602852869
2024-10-13 05:00:00,1845.356243,1864.141,1880.5387,1871.7656061032465,-26.409363103246505
2024-10-13 06:00:00,1878.934027,1837.1648,1848.2432,1842.316021750853,36.61800524914702
2024-10-13 07:00:00,1880.036818,1810.555,1818.2131,1814.1159129029943,65.92090509700574
2024-10-13 08:00:00,1780.46151,1794.5154,1791.1034,1792.9288729247742,-12.46736292477408
2024-10-13 09:00:00,1765.695459,1787.7544,1771.1937,1780.0540046007422,-14.358545600742218
2024-10-13 10:00:00,1765.207698,1806.785,1760.3859,1785.2103198954885,-20.002621895488574
2024-10-13 11:00:00,1774.366941,1709.6746,1755.261,1730.8713645656603,43.49557643433968
2024-10-13 12:00:00,1938.582021,1770.1644,1754.0034,1762.6498720950833,175.93214890491663
2024-10-13 13:00:00,1817.778545,1825.9481,1766.3147,1798.2197348469863,19.55881015301361
2024-10-13 14:00:00,1916.610258,1821.9496,1790.2258,1807.1986540979274,109.41160390207256
2024-10-13 15:00:00,1745.090416,1841.0752,1817.2477,1829.9958630419405,-84.90544704194053
2024-10-13 16:00:00,1997.51365,1828.4563,1851.8372,1839.327945057659,158.1857049423411
2024-10-13 17:00:00,1944.375222,1913.8364,1886.7148,1901.2254160531684,43.14980594683152
2024-10-13 18:00:00,1875.343685,1900.0911,1922.7523,1910.6281085476917,-35.28442354769163
2024-10-13 19:00:00,1903.610754,1934.2568,1959.4304,1945.962064347548,-42.35131034754795
2024-10-13 20:00:00,2029.232735,1975.8289,1993.3232,1983.9634071030807,45.26932789691932
2024-10-13 21:00:00,1869.554897,1971.8821,2024.2546,1996.2343042643581,-126.67940726435813
2024-10-13 22:00:00,2096.201257,2015.8916,2050.776,2032.112114083939,64.08914291606106
2024-10-13 23:00:00,2068.972111,2056.6792,2074.0923,2064.775946521349,4.196164478651099
2024-10-14 00:00:00,2263.937592,2205.9348,2095.4792,2154.575117925651,109.3624740743494
2024-10-14 01:00:00,2288.260289,2224.2014,2173.7397,2200.737718007641,87.52257099235885
2024-10-14 02:00:00,2123.899919,2225.3394,2219.5679,2222.6557271496226,-98.75580814962268
2024-10-14 03:00:00,2252.854553,2175.6462,2234.067,2202.8107116435244,50.043841356475696
2024-10-14 04:00:00,2229.364553,2138.601,2215.1523,2174.1959301398856,55.16862286011428
2024-10-14 05:00:00,2152.58672,2136.2036,2177.9766,2155.6272246458575,-3.040504645857709
2024-10-14 06:00:00,2085.449074,2064.9207,2136.0457,2097.992400107142,-12.543326107142093
2024-10-14 07:00:00,2061.396653,2078.7703,2099.403,2088.3641213920987,-26.96746839209891
2024-10-14 08:00:00,2054.099496,2011.6852,2067.3835,2037.58383999316,16.51565600683989
2024-10-14 09:00:00,1902.756643,2044.139,2040.8624,2042.6154773553535,-139.85883435535357
2024-10-14 10:00:00,1996.354117,1990.7256,2024.5154,2006.4371853559505,-10.083068355950445
2024-10-14 11:00:00,1971.728542,2018.1832,2012.6631,2015.6164687357787,-43.88792673577859
2024-10-14 12:00:00,2045.612801,2031.448,2013.9668,2023.3195784811192,22.29322251888084
2024-10-14 13:00:00,1993.503147,2051.287,2026.1969,2039.620648269139,-46.11750126913921
2024-10-14 14:00:00,1975.83056,2052.5554,2045.7913,2049.4102166135103,-73.57965661351022
2024-10-14 15:00:00,2249.931267,2089.4404,2070.9207,2080.829093249089,169.10217375091088
2024-10-14 16:00:00,2191.038267,2171.01,2099.954,2137.970390301141,53.06787669885898
2024-10-14 17:00:00,2222.43415,2168.2437,2134.8945,2152.736957710241,69.69719228975919
2024-10-14 18:00:00,2196.027594,2184.5544,2167.0898,2176.4337431982594,19.5938508017407
2024-10-14 19:00:00,2195.521772,2199.5803,2200.196,2199.8666213612614,-4.3448493612613674
2024-10-14 20:00:00,2296.077899,2222.886,2226.8481,2224.728313062098,71.3495859379018
2024-10-14 21:00:00,2294.181538,2230.971,2245.051,2237.5179105659936,56.66362743400623
2024-10-14 22:00:00,2114.160368,2245.4685,2256.2837,2250.4973574206706,-136.33698942067076
2024-10-14 23:00:00,2339.496783,2283.0227,2265.877,2275.050262894369,64.44652010563095
2024-10-15 00:00:00,2258.736277,2199.3286,2263.481,2229.1582091425207,29.578067857479255
2024-10-15 01:00:00,2123.576097,2228.372,2255.729,2241.092513953426,-117.51641695342596
2024-10-15 02:00:00,2254.74755,2200.3152,2243.1423,2220.228979106152,34.51857089384794
2024-10-15 03:00:00,2328.99308,2218.1392,2218.868,2218.478019315835,110.51506068416529
2024-10-15 04:00:00,2311.020498,2159.469,2190.8984,2174.0830758522516,136.9374221477483
2024-10-15 05:00:00,2190.157708,2104.6062,2161.8655,2131.2306548181614,58.9270531818388
2024-10-15 06:00:00,1993.220746,2106.4915,2129.1533,2117.028782974333,-123.80803697433294
2024-10-15 07:00:00,2108.048159,2097.2334,2098.5005,2097.8225706446183,10.22558835538166
2024-10-15 08:00:00,2077.665422,2057.061,2071.7107,2063.8728421481806,13.792579851819482
2024-10-15 09:00:00,2093.656577,2061.3833,2053.9348,2057.919899072779,35.73667792722108
2024-10-15 10:00:00,2035.007582,2062.0137,2045.147,2054.1709838015977,-19.16340180159773
2024-10-15 11:00:00,1874.551125,2026.7029,2045.3461,2035.3716019896356,-160.8204769896356
2024-10-15 12:00:00,2072.281617,2041.0387,2050.3271,2045.357646425076,26.92397057492417
2024-10-15 13:00:00,2020.285882,2049.2393,2062.723,2055.508890149094,-35.223008149094085
2024-10-15 14:00:00,2033.242187,2039.4595,2081.2893,2058.9095343338167,-25.66734733381668
2024-10-15 15:00:00,2136.363856,2070.1055,2104.5908,2086.140488518755,50.22336748124508
2024-10-15 16:00:00,2173.62866,2113.736,2133.4653,2122.9098017549754,50.71885824502442
2024-10-15 17:00:00,2193.317919,2145.3318,2160.4724,2152.3718841414816,40.94603485851849
2024-10-15 18:00:00,2149.458272,2162.3147,2189.7178,2175.0565963106255,-25.598324310625685
2024-10-15 19:00:00,2115.891385,2198.789,2216.862,2207.1926561370574,-91.30127113705748
2024-10-15 20:00:00,2143.625556,2226.5159,2236.6611,2231.233220020546,-87.60766402054605
2024-10-15 21:00:00,2332.200762,2260.1292,2252.7798,2256.711838068684,75.4889239313161
2024-10-15 22:00:00,2217.916301,2272.764,2259.447,2266.571818287405,-48.65551728740502
2024-10-15 23:00:00,2167.310321,2250.8638,2268.065,2258.8619809040265,-91.55165990402656
2024-10-16 00:00:00,2234.988039,2233.3137,2270.8506,2250.7676351571918,-15.779596157191918
2024-10-16 01:00:00,2273.410478,2224.6663,2260.9697,2241.546667863168,31.863810136831944
2024-10-16 02:00:00,2306.824735,2223.018,2236.593,2229.3301554683667,77.49457953163346
2024-10-16 03:00:00,2217.858923,2168.631,2211.542,2188.583834660074,29.275088339925787
2024-10-16 04:00:00,2151.30249,2143.834,2186.802,2163.8132793530644,-12.51078935306441
2024-10-16 05:00:00,2119.373872,2120.755,2155.705,2137.0060459111883,-17.632173911188147
2024-10-16 06:00:00,2132.810635,2066.7048,2123.179,2092.9642051994297,39.84642980057015
2024-10-16 07:00:00,2085.303569,2081.1982,2088.355,2084.5259867114805,0.7775822885196249
2024-10-16 08:00:00,2045.432328,2062.4998,2063.054,2062.7574477495787,-17.325119749578562
2024-10-16 09:00:00,2011.548564,2045.347,2048.3728,2046.7539641544909,-35.20540015449092
2024-10-16 10:00:00,2051.033998,2016.0383,2036.051,2025.3438453308959,25.69015266910401
2024-10-16 11:00:00,2109.035385,2033.3461,2028.5731,2031.126740501803,77.90864449819719
2024-10-16 12:00:00,2187.189585,2038.7903,2033.7598,2036.4511900764069,150.7383949235932
2024-10-16 13:00:00,1982.860938,2035.5264,2050.565,2042.5190125851989,-59.65807458519885
2024-10-16 14:00:00,2022.078602,2074.7966,2070.446,2072.7736927609467,-50.69509076094664
2024-10-16 15:00:00,1899.406942,2090.4272,2095.1655,2092.6304549946644,-193.22351299466436
2024-10-16 16:00:00,2146.867034,2079.455,2125.3997,2100.8184169468377,46.04861705316216
2024-10-16 17:00:00,2144.730109,2141.738,2155.3838,2148.08304716187,-3.3529381618700427
2024-10-16 18:00:00,2228.094575,2161.464,2184.6147,2172.2287075786007,55.865867421399344
2024-10-16 19:00:00,2179.539042,2188.8682,2204.4915,2196.1326914324627,-16.593649432462826
2024-10-16 20:00:00,2304.008659,2227.5002,2225.5935,2226.613647813536,77.39501118646422
2024-10-16 21:00:00,2118.939782,2223.4497,2241.4512,2231.82003911596,-112.88025711595992
2024-10-16 22:00:00,2325.792889,2284.5662,2256.274,2271.4108208334837,54.38206816651609
2024-10-16 23:00:00,2298.930398,2254.484,2261.1396,2257.578686855639,41.35171114436116
2024-10-17 00:00:00,2371.896693,2248.0752,2255.8384,2251.6849251471704,120.21176785282978
2024-10-17 01:00:00,2083.423506,2211.7124,2245.8215,2227.572486780873,-144.148980780873
2024-10-17 02:00:00,2164.729025,2222.4827,2229.1475,2225.5816664168033,-60.85264141680318
2024-10-17 03:00:00,2230.29061,2183.5427,2202.171,2192.2044642192623,38.08614578073775
2024-10-17 04:00:00,2168.065065,2148.4404,2169.1406,2158.0656191089115,9.999445891088271
2024-10-17 05:00:00,2087.846203,2109.8796,2141.1736,2124.430716419157,-36.58451341915679
2024-10-17 06:00:00,2044.927293,2060.5923,2110.7168,2083.8992111376383,-38.97191813763834
2024-10-17 07:00:00,2120.459916,2111.474,2079.8499,2096.7694498982546,23.690466101745187
2024-10-17 08:00:00,2250.037051,2038.2659,2055.775,2046.4072300612195,203.6298209387803
2024-10-17 09:00:00,2170.651399,2082.1282,2036.2513,2060.7963369884596,109.85506201154021
2024-10-17 10:00:00,2010.114316,2032.6425,2026.9185,2029.9809075032451,-19.866591503245218
2024-10-17 11:00:00,1975.203152,2029.4926,2026.7217,2028.2041510202464,-53.000999020246354
2024-10-17 12:00:00,2172.271938,2043.8376,2034.6056,2039.544919620008,132.72701837999193
2024-10-17 13:00:00,2178.811851,2041.6931,2048.1467,2044.6939202677004,134.11793073229956
2024-10-17 14:00:00,2054.999767,2073.204,2069.926,2071.679859707977,-16.68009270797711
2024-10-17 15:00:00,2071.888367,2071.9976,2099.7896,2084.920296044519,-13.031929044519075
2024-10-17 16:00:00,2242.937798,2115.9727,2127.3462,2121.2611295526594,121.67666844734049
2024-10-17 17:00:00,2149.185981,2156.1938,2160.7874,2158.3297388078736,-9.143757807873499
2024-10-17 18:00:00,2201.868174,2151.1272,2191.6592,2169.9737831333578,31.894390866642425
2024-10-17 19:00:00,2293.427347,2208.6406,2212.094,2210.246374685874,83.18097231412594
2024-10-17 20:00:00,2119.125121,2203.3616,2234.0837,2217.6467846354362,-98.5216636354362
2024-10-17 21:00:00,2298.970228,2255.213,2248.1855,2251.9453120489525,47.02491595104766
2024-10-17 22:00:00,2326.284671,2251.6497,2258.6396,2254.8998681187313,71.38480288126857
2024-10-17 23:00:00,2244.171576,2247.8289,2261.918,2254.380020986533,-10.208444986532868
2024-10-18 00:00:00,2284.391077,2236.2727,2258.2258,2246.480482508579,37.91059449142131
2024-10-18 01:00:00,2329.971589,2246.3435,2246.988,2246.6432003924756,83.32838860752463
2024-10-18 02:00:00,2218.76106,2219.1528,2229.1477,2223.800254186781,-5.03919418678106
2024-10-18 03:00:00,2188.881031,2167.494,2209.5386,2187.043856339642,1.8371746603579595
2024-10-18 04:00:00,2063.011669,2134.985,2181.9524,2156.8239842736966,-93.81231527369664
2024-10-18 05:00:00,2372.200845,2075.6694,2151.3733,2110.870259316252,261.3305856837478
2024-10-18 06:00:00,2187.488314,2092.2253,2120.2449,2105.253880499481,82.23443350051912
2024-10-18 07:00:00,2139.511727,2095.7756,2096.1216,2095.9364935358535,43.57523346414655
2024-10-18 08:00:00,1960.89679,2049.2512,2076.4478,2061.8970812727453,-101.00029127274524
2024-10-18 09:00:00,2110.376356,2067.412,2059.6182,2063.7880759376135,46.58828006238673
2024-10-18 10:00:00,2038.140049,2033.9668,2042.6937,2038.0246495011152,0.11539949888492629
2024-10-18 11:00:00,2014.48423,2028.5424,2035.5795,2031.814477800744,-17.33024780074402
2024-10-18 12:00:00,1889.425912,2043.6549,2040.8457,2042.3486817928047,-152.92276979280473
2024-10-18 13:00:00,2082.549532,2049.3884,2057.5964,2053.2049922051474,29.344539794852608
2024-10-18 14:00:00,1966.306915,2043.3807,2073.038,2057.170829331272,-90.86391433127233
2024-10-18 15:00:00,2003.657822,2100.0222,2093.8179,2097.1373163538133,-93.47949435381338
2024-10-18 16:00:00,2212.614256,2131.3494,2118.428,2125.341170969649,87.27308503035101
2024-10-18 17:00:00,2113.376926,2127.8005,2138.686,2132.8620826197357,-19.48515661973579
2024-10-18 18:00:00,2310.489294,2177.7126,2164.8174,2171.716598929892,138.77269507010806
2024-10-18 19:00:00,2085.820298,2181.548,2182.9446,2182.197433858176,-96.37713585817573
2024-10-18 20:00:00,2292.968032,2218.0698,2208.123,2213.4447656325447,79.52326636745556
2024-10-18 21:00:00,2265.537025,2257.5835,2222.9507,2241.4799098484827,24.057115151517337
2024-10-18 22:00:00,2290.23975,2241.4143,2229.0686,2235.6737940838725,54.56595591612768
2024-10-18 23:00:00,2338.865456,2263.9346,2230.75,2248.5043886014573,90.36106739854267
2024-10-19 00:00:00,2027.117106,1965.562,2237.7827,2092.1393600216284,-65.02225402162844
2024-10-19 01:00:00,2017.857412,1988.0425,2144.449,2060.7684673551303,-42.9110553551302
2024-10-19 02:00:00,1940.445206,1991.6212,2062.4353,2024.5483930745559,-84.10318707455576
2024-10-19 03:00:00,2061.609851,1943.5698,1993.1035,1966.6020302114632,95.00782078853695
2024-10-19 04:00:00,1895.201055,1943.4669,1935.7799,1939.892607555463,-44.69155255546298
2024-10-19 05:00:00,1912.527433,1855.6443,1893.8171,1873.3939228735658,39.1335101264342
2024-10-19 06:00:00,1991.811883,1838.3649,1856.0271,1846.5774632965965,145.23441970340355
2024-10-19 07:00:00,1893.199397,1897.464,1830.534,1866.3428688877975,26.856528112202568
2024-10-19 08:00:00,1731.89885,1799.9948,1813.2162,1806.1424621280996,-74.24361212809958
2024-10-19 09:00:00,1713.136239,1784.3429,1800.779,1791.9853899035168,-78.84915090351683
2024-10-19 10:00:00,1933.123666,1752.0659,1795.5092,1772.266180904648,160.85748509535188
2024-10-19 11:00:00,1953.885198,1811.7603,1790.3289,1801.7950701186887,152.09012788131122
2024-10-19 12:00:00,1813.174201,1806.0979,1794.6547,1800.7770169405414,12.397184059458596
2024-10-19 13:00:00,1777.600472,1807.3986,1806.844,1807.1406973991238,-29.540225399123756
2024-10-19 14:00:00,1742.879357,1831.9569,1828.5726,1830.3832858395967,-87.50392883959671
2024-10-19 15:00:00,1858.93629,1841.6274,1852.6511,1846.753239608177,12.183050391823144
2024-10-19 16:00:00,1819.025165,1880.681,1877.327,1879.12148349475,-60.096318494749994
2024-10-19 17:00:00,1936.156915,1895.0571,1910.2113,1902.103526334791,34.05338866520901
2024-10-19 18:00:00,2043.78747,1975.0928,1938.5067,1958.0809651800846,85.70650481991538
2024-10-19 19:00:00,1983.691143,2022.3324,1966.528,1996.3844134066007,-12.693270406600732
2024-10-19 20:00:00,2033.248492,2027.4796,1993.1816,2011.531721592904,21.716770407095964
2024-10-19 21:00:00,1870.578758,2023.0978,2014.1296,2018.9277672855974,-148.34900928559728
2024-10-19 22:00:00,1908.26438,1985.5499,2032.7177,2007.4820040686027,-99.21762406860262
2024-10-19 23:00:00,1853.542799,1999.8082,2041.5221,2019.2043669048023,-165.66156790480227
2024-10-20 00:00:00,2090.134395,2013.4097,2045.452,2028.3087432884631,61.82565171153692
2024-10-20 01:00:00,1855.379903,1961.6306,2024.8827,1991.0416036748852,-135.6617006748852
2024-10-20 02:00:00,2176.594266,1963.1191,1998.8931,1979.7533224186432,196.8409435813569
2024-10-20 03:00:00,1926.46946,1985.7482,1968.0907,1977.5377874655799,-51.06832746557984
2024-10-20 04:00:00,1757.919486,1884.8275,1938.5852,1909.8237982791957,-151.90431227919566
2024-10-20 05:00:00,1821.937733,1813.2511,1902.4478,1854.7258137165265,-32.788080716526565
2024-10-20 06:00:00,1946.591707,1867.8323,1865.5131,1866.7538859144174,79.83782108558262
2024-10-20 07:00:00,1803.609645,1844.289,1835.4143,1840.1624078064033,-36.55276280640328
2024-10-20 08:00:00,1824.853155,1797.9465,1811.0923,1804.0590529511542,20.794102048845843
2024-10-20 09:00:00,1930.189266,1815.1804,1787.5652,1802.3398714263958,127.84939457360429
2024-10-20 10:00:00,1870.113574,1810.1296,1770.6913,1791.7915685848334,78.32200541516659
2024-10-20 11:00:00,1843.045086,1790.5142,1768.1475,1780.1140787337235,62.93100726627654
2024-10-20 12:00:00,1783.008257,1785.6199,1773.3496,1779.914438372974,3.0938186270259393
2024-10-20 13:00:00,1815.338483,1808.7202,1786.8973,1798.573000683527,16.765482316473026
2024-10-20 14:00:00,1817.48681,1830.2344,1803.5076,1817.8069281734424,-0.3201181734423244
2024-10-20 15:00:00,1898.907198,1836.7728,1826.6152,1832.0497434753643,66.85745452463584
2024-10-20 16:00:00,1898.333673,1856.5978,1853.8889,1855.3382098763668,42.99546312363327
2024-10-20 17:00:00,1977.696426,1940.2087,1885.2297,1914.6445695195885,63.051856480411516
2024-10-20 18:00:00,2073.486734,1944.6646,1922.5657,1934.3890015188792,139.09773248112083
2024-10-20 19:00:00,2073.549459,1963.0249,1960.6642,1961.927214355941,111.62224464405881
2024-10-20 20:00:00,2111.615812,2026.2002,1997.5221,2012.865434639046,98.75037736095396
2024-10-20 21:00:00,2051.640644,1966.045,2032.7866,1997.0785831288551,54.56206087114492
2024-10-20 22:00:00,2012.223497,2016.01,2059.086,2036.0394808738527,-23.8159838738527
2024-10-20 23:00:00,2059.467752,2004.2428,2086.7983,2042.6295240377765,16.838227962223527
2024-10-21 00:00:00,2245.336617,2234.023,2105.9062,2174.451168401696,70.88544859830381
2024-10-21 01:00:00,2128.386326,2223.1677,2184.6338,2205.250191794254,-76.86386579425425
2024-10-21 02:00:00,2206.848475,2188.8533,2230.9824,2208.442509486783,-1.59403448678313
2024-10-21 03:00:00,2136.352123,2184.9211,2233.8606,2207.677039292972,-71.32491629297192
2024-10-21 04:00:00,2120.727039,2160.649,2213.9565,2185.435934081792,-64.70889508179198
2024-10-21 05:00:00,2075.087809,2101.4385,2178.7214,2137.3735538910983,-62.28574489109815
2024-10-21 06:00:00,2091.608895,2106.6655,2138.712,2121.5664757542954,-29.957580754295577
2024-10-21 07:00:00,2041.430494,2053.3362,2101.2615,2075.6205135484647,-34.19001954846476
2024-10-21 08:00:00,1832.011894,2023.7123,2067.5593,2044.1003063751493,-212.08841237514935
2024-10-21 09:00:00,2026.476213,1963.9069,2043.2743,2000.8111770451656,25.665035954834366
2024-10-21 10:00:00,2071.561654,2008.8617,2024.3157,2016.0474951306328,55.51415886936729
2024-10-21 11:00:00,2023.998572,2038.5902,2017.1112,2028.6028896453631,-4.604317645363153
2024-10-21 12:00:00,2162.993674,2033.2717,2021.1345,2027.6281625995043,135.3655114004955
2024-10-21 13:00:00,1927.883508,2046.6097,2033.5795,2040.5509167334221,-112.66740873342223
2024-10-21 14:00:00,2033.782949,2048.038,2057.6812,2052.521924827047,-18.738975827046943
2024-10-21 15:00:00,2064.470512,2090.343,2084.481,2087.6172730954445,-23.146761095444617
2024-10-21 16:00:00,2245.523789,2154.282,2115.84,2136.4072468942463,109.11654210575352
2024-10-21 17:00:00,2118.730928,2187.0635,2150.018,2169.838079189922,-51.107151189922206
2024-10-21 18:00:00,2363.718023,2185.9954,2181.7734,2184.03224861566,179.68577438433977
2024-10-21 19:00:00,2313.671413,2238.3398,2208.8257,2224.616331588439,89.05508141156088
2024-10-21 20:00:00,2216.950579,2197.97,2236.3667,2215.8237049093054,1.1268740906944004
2024-10-21 21:00:00,2291.993672,2262.7988,2258.8606,2260.9676264153622,31.026045584637814
2024-10-21 22:00:00,2198.713566,2246.3684,2272.45,2258.495819934613,-59.78225393461298
2024-10-21 23:00:00,2219.437528,2269.4944,2273.9185,2271.5514925816533,-52.11396458165336
2024-10-22 00:00:00,2164.27102,2209.297,2274.955,2239.8267968903924,-75.55577689039228
2024-10-22 01:00:00,2343.327544,2192.996,2267.4395,2227.610812323109,115.71673167689141
2024-10-22 02:00:00,2224.743919,2208.4717,2240.888,2223.5446118926084,1.1993071073916326
2024-10-22 03:00:00,2121.391496,2200.366,2217.7485,2208.448524017414,-87.05702801741381
2024-10-22 04:00:00,2237.099222,2137.255,2189.678,2161.630605774624,75.46861622537563
2024-10-22 05:00:00,2124.244478,2130.8171,2157.723,2143.3277961396307,-19.08331813963059
2024-10-22 06:00:00,2165.142277,2100.4988,2125.2542,2112.009546822377,53.13273017762276
2024-10-22 07:00:00,2040.755012,2089.1404,2092.1614,2090.545085462627,-49.79007346262688
2024-10-22 08:00:00,2104.859714,2056.0981,2067.5383,2061.4176089731272,43.44210502687292
2024-10-22 09:00:00,2060.747009,2069.3982,2048.3118,2059.593414259416,1.1535947405841398
2024-10-22 10:00:00,1944.61085,2041.6493,2040.5942,2041.15871247522,-96.54786247521997
2024-10-22 11:00:00,2016.17407,2039.6306,2039.9923,2039.7987960869464,-23.62472608694634
2024-10-22 12:00:00,2010.001346,2047.128,2043.3398,2045.3666084915799,-35.36526249157987
2024-10-22 13:00:00,2063.339852,2030.2106,2057.6902,2042.9880590598684,20.351792940131645
2024-10-22 14:00:00,1953.349951,2059.5405,2076.819,2067.5747247646295,-114.22477376462962
2024-10-22 15:00:00,1988.118611,2094.1426,2100.8687,2097.270072210954,-109.15146121095381
2024-10-22 16:00:00,2119.1395,2126.6924,2130.4873,2128.456947896786,-9.31744789678578
2024-10-22 17:00:00,2250.188909,2142.6865,2163.431,2152.3322600977335,97.85664890226644
2024-10-22 18:00:00,2125.873539,2190.4255,2192.6523,2191.460959017106,-65.58742001710561
2024-10-22 19:00:00,2200.289143,2196.7573,2216.2527,2205.822289200445,-5.533146200445117
2024-10-22 20:00:00,2228.183814,2220.0964,2236.7163,2227.8243542365785,0.35945976342145514
2024-10-22 21:00:00,2072.483294,2242.1348,2253.9358,2247.622013597151,-175.13871959715107
2024-10-22 22:00:00,2317.49226,2248.6592,2268.805,2258.026563698051,59.46569630194881
2024-10-22 23:00:00,2195.460229,2233.818,2269.4329,2250.378281559995,-54.918052559994976
2024-10-23 00:00:00,2266.645718,2237.0242,2264.5298,2249.8137476425954,16.83197035740477
2024-10-23 01:00:00,2141.850105,2216.5386,2250.0032,2232.0989641227725,-90.2488591227725
2024-10-23 02:00:00,2161.706956,2205.85,2232.8743,2218.415812642397,-56.70885664239722
2024-10-23 03:00:00,2225.481039,2181.3433,2210.5632,2194.9299814892556,30.551057510744158
2024-10-23 04:00:00,2314.563256,2166.2422,2180.0151,2172.6463418145195,141.91691418548044
2024-10-23 05:00:00,2033.104737,2130.078,2147.5598,2138.2066409871004,-105.10190398710051
2024-10-23 06:00:00,2228.324532,2076.268,2113.4841,2093.5728147177056,134.75171728229452
2024-10-23 07:00:00,2067.343574,2100.846,2082.0083,2092.08680693248,-24.74323293248017
2024-10-23 08:00:00,1893.564922,2072.0718,2058.9873,2065.9877512804965,-172.42282928049644
2024-10-23 09:00:00,1981.29728,2024.5383,2042.9131,2033.0822352465887,-51.78495524658865
2024-10-23 10:00:00,1950.162813,2007.4255,2028.592,2017.2675509846583,-67.10473798465841
2024-10-23 11:00:00,2097.411071,2035.5347,2022.4346,2029.4433765834822,67.96769441651782
2024-10-23 12:00:00,1990.975546,2029.6686,2027.9647,2028.8763184400063,-37.90077244000645
2024-10-23 13:00:00,2018.351389,2027.6732,2044.7339,2035.6060980084112,-17.254709008411282
2024-10-23 14:00:00,2097.455463,2040.4368,2063.58,2051.197958208906,46.25750479109365
2024-10-23 15:00:00,2007.323596,2061.2715,2088.4844,2073.9249508286043,-66.60135482860437
2024-10-23 16:00:00,2166.648389,2118.8723,2112.7126,2116.0081882901986,50.64020070980132
2024-10-23 17:00:00,2141.066573,2150.3022,2138.9429,2145.0203569891664,-3.953783989166368
2024-10-23 18:00:00,2157.683989,2156.85,2168.0466,2162.056268482963,-4.372279482962767
2024-10-23 19:00:00,2185.90182,2172.9775,2195.3308,2183.37137684892,2.5304431510799077
2024-10-23 20:00:00,2165.871502,2193.1484,2215.5872,2203.5820075161873,-37.71050551618737
2024-10-23 21:00:00,2277.338539,2215.3303,2230.6892,2222.4719067646224,54.86663223537744
2024-10-23 22:00:00,2005.171691,2241.645,2240.3735,2241.0538039523153,-235.8821129523153
2024-10-23 23:00:00,2306.214723,2246.3428,2245.282,2245.8495261851053,60.365196814894716
2024-10-24 00:00:00,2378.636551,2218.196,2235.7314,2226.349666073369,152.28688492663105
2024-10-24 01:00:00,2226.901918,2191.7039,2224.8486,2207.1155352659125,19.78638273408751
2024-10-24 02:00:00,2204.445233,2217.2366,2209.0278,2213.4196672328835,-8.974434232883596
2024-10-24 03:00:00,2265.276997,2193.339,2185.7595,2189.814749027126,75.46224797287414
2024-10-24 04:00:00,2144.167657,2158.8728,2159.0645,2158.96191644971,-14.794259449709898
2024-10-24 05:00:00,2053.672216,2108.9307,2133.3516,2120.285908288628,-66.61369228862804
2024-10-24 06:00:00,2172.309569,2067.587,2101.7122,2083.4544908629505,88.85507813704953
2024-10-24 07:00:00,2140.065544,2099.2727,2071.9124,2086.5506721480083,53.51487185199176
2024-10-24 08:00:00,2009.240464,2048.6694,2050.1619,2049.3633853667966,-40.12292136679662
2024-10-24 09:00:00,2079.543482,2042.1967,2033.3387,2038.0778988151221,41.465583184877914
2024-10-24 10:00:00,1914.183012,2022.5719,2024.6863,2023.5550450594856,-109.3720330594856
2024-10-24 11:00:00,1988.738193,2030.9758,2022.154,2026.8738746769682,-38.13568167696826
2024-10-24 12:00:00,2018.733936,2036.5873,2024.9529,2031.1775101493322,-12.443574149332107
2024-10-24 13:00:00,2106.212306,2034.5188,2037.8523,2036.0688098716682,70.14349612833166
2024-10-24 14:00:00,1994.186789,2050.7034,2058.3281,2054.248732763073,-60.061943763072804
2024-10-24 15:00:00,2060.318433,2095.8818,2081.3342,2089.1174805799774,-28.79904757997747
2024-10-24 16:00:00,2110.970194,2122.8806,2107.5217,2115.7390307353776,-4.76883673537759
2024-10-24 17:00:00,2206.951124,2148.6584,2140.6663,2144.9422350551786,62.00888894482159
2024-10-24 18:00:00,2200.891571,2173.241,2168.8315,2171.1906702202355,29.700900779764652
2024-10-24 19:00:00,2265.931957,2184.7585,2192.3398,2188.28370186747,77.64825513252981
2024-10-24 20:00:00,2222.939591,2205.0422,2217.4458,2210.8096532804625,12.129937719537338
2024-10-24 21:00:00,2301.575187,2250.0813,2231.9187,2241.6360431101402,59.93914388985968
2024-10-24 22:00:00,2228.558181,2237.097,2240.8618,2238.847525871664,-10.28934487166407
2024-10-24 23:00:00,2207.294347,2249.001,2243.4346,2246.412705594814,-39.1183585948138
2024-10-25 00:00:00,2348.38023,2241.5276,2245.062,2243.1710264344492,105.20920356555098
2024-10-25 01:00:00,2118.714202,2210.3792,2234.3103,2221.5066721798594,-102.79247017985927
2024-10-25 02:00:00,2263.23113,2198.4998,2221.1826,2209.04684653204,54.184283467960086
2024-10-25 03:00:00,2218.858674,2169.4453,2194.4204,2181.058248616332,37.80042538366797
2024-10-25 04:00:00,2207.719127,2149.739,2168.607,2158.5122305664227,49.206896433577185
2024-10-25 05:00:00,2219.889988,2129.094,2139.0388,2133.718144561578,86.171843438422
2024-10-25 06:00:00,2136.001658,2103.6106,2115.9124,2109.3306745417117,26.670983458288447
2024-10-25 07:00:00,2085.950737,2065.1763,2090.8994,2077.137032939029,8.813704060971304
2024-10-25 08:00:00,2165.055585,2033.4011,2071.1025,2050.9315504234078,114.1240345765923
2024-10-25 09:00:00,2106.948975,2081.1982,2049.3423,2066.385839889007,40.56313511099279
2024-10-25 10:00:00,2051.455269,2038.5139,2040.1594,2039.279045240283,12.176223759717004
2024-10-25 11:00:00,2153.695036,2051.0596,2035.1725,2043.6723838732137,110.0226521267864
2024-10-25 12:00:00,2133.261201,2027.7396,2039.0541,2033.0006253272293,100.26057567277053
2024-10-25 13:00:00,2083.634688,2070.495,2048.508,2060.271560385796,23.36312761420413
2024-10-25 14:00:00,2108.869225,2063.9536,2071.0874,2067.2706868635214,41.59853813647851
2024-10-25 15:00:00,2035.083629,2100.47,2095.2634,2098.0490291830865,-62.96540018308656
2024-10-25 16:00:00,2178.18186,2148.035,2122.7407,2136.273604495027,41.90825550497311
2024-10-25 17:00:00,2207.824826,2175.3499,2154.4895,2165.6501945435643,42.17463145643569
2024-10-25 18:00:00,2160.127925,2190.6848,2185.33,2188.1949658946046,-28.067040894604816
2024-10-25 19:00:00,2251.826101,2188.7185,2218.4946,2202.5638256853363,49.26227531466384
2024-10-25 20:00:00,2126.569861,2209.5579,2238.1921,2222.872245043741,-96.30238404374086
2024-10-25 21:00:00,2283.046476,2268.6453,2254.562,2262.0968246029724,20.949651397027537
2024-10-25 22:00:00,2241.32146,2259.3508,2256.5608,2258.0535160159006,-16.732056015900525
2024-10-25 23:00:00,2219.811446,2261.6726,2257.6335,2259.7945216811117,-39.983075681111586
2024-10-26 00:00:00,1969.694079,2048.093,2252.8345,2143.293824033914,-173.5997450339139
2024-10-26 01:00:00,1932.878021,1993.3243,2160.629,2071.1177195308624,-138.23969853086237
2024-10-26 02:00:00,1889.896796,1975.9534,2072.8384,2021.003019977799,-131.10622397779912
2024-10-26 03:00:00,1975.056237,1957.5133,2000.5856,1977.541073962443,-2.484836962443069
2024-10-26 04:00:00,1802.531236,1966.0085,1947.0149,1957.1768648892412,-154.64562888924115
2024-10-26 05:00:00,1905.575055,1911.7013,1902.8158,1907.5697096528152,-1.994654652815143
2024-10-26 06:00:00,1916.070204,1873.3491,1866.4692,1870.150108994215,45.920095005785015
2024-10-26 07:00:00,1720.604578,1843.2384,1841.1498,1842.2672341041477,-121.6626561041478
2024-10-26 08:00:00,1684.521897,1774.2697,1824.188,1797.480711107306,-112.9588141073059
2024-10-26 09:00:00,1866.330055,1757.6262,1807.6401,1780.8817218271292,85.44833317287066
2024-10-26 10:00:00,1642.604129,1812.8723,1796.3143,1805.1731732498386,-162.5690442498385
2024-10-26 11:00:00,1805.009615,1808.3738,1795.7169,1802.488584663442,2.521030336557942
2024-10-26 12:00:00,1771.575892,1804.1528,1799.8412,1802.1480004775299,-30.57210847752981
2024-10-26 13:00:00,1801.487675,1807.5541,1808.8379,1808.1510255205244,-6.663350520524318
2024-10-26 14:00:00,1737.323202,1817.1443,1822.2006,1819.4953566653517,-82.17215466535163
2024-10-26 15:00:00,1898.544612,1821.4491,1837.3435,1828.8396887386682,69.70492326133171
2024-10-26 16:00:00,1887.113204,1870.5496,1856.3212,1863.9336334476966,23.179570552303403
2024-10-26 17:00:00,1910.427257,1879.993,1878.516,1879.3062420204988,31.121014979501297
2024-10-26 18:00:00,1885.444041,1921.2565,1905.0571,1913.7240903676416,-28.280049367641595
2024-10-26 19:00:00,1844.898071,1927.7921,1934.6716,1930.9909560763629,-86.09288507636279
2024-10-26 20:00:00,1974.655215,1940.9178,1959.4324,1949.5267424239844,25.12847257601561
2024-10-26 21:00:00,1873.423196,1975.8843,1976.1007,1975.9849134057172,-102.56171740571722
2024-10-26 22:00:00,2015.325861,1990.759,1991.0437,1990.8913982885779,24.434462711422157
2024-10-26 23:00:00,1980.659796,2009.4496,1999.2507,2004.7073162969195,-24.04752029691963
2024-10-27 00:00:00,1977.132151,2017.4011,2004.0316,2011.184561617184,-34.05241061718402
2024-10-27 01:00:00,1938.791453,1985.9077,1989.7324,1987.686129448126,-48.89467644812589
2024-10-27 02:00:00,1939.206464,1986.2185,1963.9259,1975.8528779560893,-36.64641395608919
2024-10-27 03:00:00,2025.286482,1953.5167,1937.8821,1946.2469175523238,79.03956444767618
2024-10-27 04:00:00,1916.544682,1894.1556,1907.9042,1900.5484418973097,15.996240102690308
2024-10-27 05:00:00,1884.659564,1871.7543,1874.6964,1873.1223098921473,11.537254107852732
2024-10-27 06:00:00,1829.62709,1854.4174,1842.4861,1848.8695471560554,-19.24245715605548
2024-10-27 07:00:00,1739.925926,1818.2289,1816.2797,1817.3225329146212,-77.39660691462132
2024-10-27 08:00:00,1815.779138,1779.8358,1791.0314,1785.0415321737746,30.73760582622549
2024-10-27 09:00:00,1696.20224,1806.6934,1771.0323,1790.1116808849779,-93.90944088497781
2024-10-27 10:00:00,1728.524321,1733.1976,1757.7098,1744.5953327875882,-16.071011787588077
2024-10-27 11:00:00,1700.672792,1768.9287,1748.1217,1759.2538562288796,-58.58106422887954
2024-10-27 12:00:00,1763.199208,1751.99,1745.6346,1749.034877265282,14.164330734718078
2024-10-27 13:00:00,1837.093328,1794.8876,1750.536,1774.2649567038652,62.82837129613472
2024-10-27 14:00:00,1877.547601,1824.6415,1766.1255,1797.4326782666835,80.11492273331646
2024-10-27 15:00:00,1786.479836,1849.7666,1791.2012,1822.5348124040595,-36.054976404059516
2024-10-27 16:00:00,1945.08923,1863.7767,1826.9572,1846.6563426331013,98.43288736689874
2024-10-27 17:00:00,1780.502007,1934.3654,1865.1248,1902.1698198220665,-121.66781282206648
2024-10-27 18:00:00,1971.678509,1887.1783,1906.0327,1895.945261224676,75.73324777532412
2024-10-27 19:00:00,1748.189339,1984.2899,1944.7235,1965.8923053208234,-217.7029663208234
2024-10-27 20:00:00,1952.525552,1890.0162,1985.5242,1934.4255729258755,18.099979074124576
2024-10-27 21:00:00,2028.877914,1971.2596,2020.46,1994.1368370909806,34.741076909019284
2024-10-27 22:00:00,2071.743018,1999.1904,2047.8888,2021.8342247540754,49.9087932459247
2024-10-27 23:00:00,1992.359728,2011.05,2069.6553,2038.3003418535714,-45.94061385357145
2024-10-28 00:00:00,2316.245051,2199.436,2087.0315,2147.170103228116,169.07494777188367
2024-10-28 01:00:00,2178.710062,2194.76,2165.0293,2180.9358047817686,-2.225742781768531
2024-10-28 02:00:00,2265.832264,2188.4355,2214.013,2200.3285384508617,65.50372554913838
2024-10-28 03:00:00,2132.568078,2165.9653,2224.4265,2193.1486478693746,-60.58056986937481
2024-10-28 04:00:00,2248.53452,2145.7065,2204.8582,2173.210895223393,75.32362477660718
2024-10-28 05:00:00,2136.575567,2121.7039,2171.0154,2144.6327596171936,-8.057192617193778
2024-10-28 06:00:00,1973.112602,2076.8777,2129.62,2101.4018935276713,-128.28929152767137
2024-10-28 07:00:00,2246.014073,2051.7498,2089.7898,2069.437636386442,176.5764366135577
2024-10-28 08:00:00,1960.290119,2083.0825,2054.6257,2069.850665332893,-109.56054633289318
2024-10-28 09:00:00,2033.131158,1991.9238,2029.2023,2009.2575809641853,23.873577035814606
2024-10-28 10:00:00,2179.719742,2039.4564,2012.2573,2026.809368361924,152.91037363807618
2024-10-28 11:00:00,1947.362904,2043.8573,2008.6151,2027.4703660008522,-80.10746200085214
2024-10-28 12:00:00,2070.433123,2030.6404,2013.4869,2022.66436277494,47.76876022505985
2024-10-28 13:00:00,2006.990859,2051.2854,2026.7157,2039.8609653243739,-32.870106324373864
2024-10-28 14:00:00,2102.801967,2058.536,2043.6504,2051.6144207257876,51.18754627421231
2024-10-28 15:00:00,2099.08598,2101.7754,2066.294,2085.277206577817,13.80877342218264
2024-10-28 16:00:00,1963.781552,2111.857,2094.195,2103.6445087422007,-139.86295674220082
2024-10-28 17:00:00,2179.578026,2154.6423,2127.1948,2141.879774179896,37.69825182010436
2024-10-28 18:00:00,2183.646227,2211.7048,2158.607,2187.0153399277474,-3.36911292774721
2024-10-28 19:00:00,2336.0174,2217.6348,2192.166,2205.792290741271,130.2251092587294
2024-10-28 20:00:00,2334.115476,2221.764,2219.1807,2220.562753949437,113.5527220505628
2024-10-28 21:00:00,2508.519766,2265.1375,2240.6323,2253.7430423192623,254.77672368073763
2024-10-28 22:00:00,2300.626727,2284.4348,2262.429,2274.202516560872,26.42421043912782
2024-10-28 23:00:00,2232.430387,2249.4558,2274.7427,2261.2137125415284,-28.783325541528484
2024-10-29 00:00:00,2308.120788,2238.034,2279.2559,2257.201330789813,50.919457210187375
2024-10-29 01:00:00,2254.278418,2236.584,2272.3738,2253.2255450113144,1.0528729886855217
2024-10-29 02:00:00,2375.906362,2209.5928,2262.2817,2234.092120394528,141.81424160547203
2024-10-29 03:00:00,2198.660804,2201.07,2236.1829,2217.3968362152773,-18.73603221527719
2024-10-29 04:00:00,2152.540844,2143.7756,2207.455,2173.385341115299,-20.844497115298964
2024-10-29 05:00:00,2109.14081,2098.0173,2175.3877,2133.9930517079924,-24.85224170799256
2024-10-29 06:00:00,2082.061971,2087.9346,2142.4426,2113.2797596809414,-31.21778868094134
2024-10-29 07:00:00,2025.282177,2066.3955,2111.408,2087.325424767907,-62.043247767906905
2024-10-29 08:00:00,2204.682288,2052.0598,2085.7708,2067.7347466995334,136.94754130046658
2024-10-29 09:00:00,1985.671599,2086.8445,2068.8523,2078.4784641221117,-92.80686512211173
2024-10-29 10:00:00,2009.449238,2066.73,2060.4014,2063.787298011541,-54.3380600115413
2024-10-29 11:00:00,2001.733547,2030.0615,2054.6372,2041.4887397598345,-39.75519275983447
2024-10-29 12:00:00,2009.132208,2051.8914,2060.087,2055.702132339167,-46.569924339166846
2024-10-29 13:00:00,2075.381191,2067.6895,2073.5935,2070.434723160595,4.946467839405159
2024-10-29 14:00:00,2097.965674,2075.3372,2095.3247,2084.6309808282786,13.334693171721483
2024-10-29 15:00:00,2135.938061,2092.343,2118.8064,2104.6479756163435,31.290085383656333
2024-10-29 16:00:00,2165.347407,2113.8003,2144.5974,2128.1203561801003,37.22705081989989
2024-10-29 17:00:00,2152.633664,2148.908,2172.2,2159.738283694951,-7.104619694950998
2024-10-29 18:00:00,2222.100071,2170.3264,2201.0034,2184.590627063988,37.50944393601185
2024-10-29 19:00:00,2173.487164,2176.0317,2222.0625,2197.4351498948245,-23.947985894824342
2024-10-29 20:00:00,2313.382536,2195.8333,2238.5679,2215.7040211835974,97.67851481640264
2024-10-29 21:00:00,2152.517631,2224.3213,2253.4524,2237.866687314048,-85.34905631404763
2024-10-29 22:00:00,2556.943933,2244.8752,2259.5574,2251.702149379867,305.241783620133
2024-10-29 23:00:00,2203.307224,2261.4736,2263.666,2262.493048307668,-59.185824307667644
2024-10-30 00:00:00,2343.425423,2214.8958,2269.4583,2240.266256427961,103.15916657203934
2024-10-30 01:00:00,2133.691633,2195.8853,2256.595,2224.114094990532,-90.42246199053216
2024-10-30 02:00:00,2288.959498,2216.4966,2239.853,2227.3568761951365,61.6026218048637
2024-10-30 03:00:00,2125.399925,2183.443,2214.1555,2197.723786777927,-72.32386177792705
2024-10-30 04:00:00,2066.701929,2155.805,2188.5063,2171.010455972499,-104.3085269724993
2024-10-30 05:00:00,2139.19737,2103.5676,2163.3916,2131.384615095707,7.812754904292888
2024-10-30 06:00:00,2172.615495,2097.6855,2127.3113,2111.460937976571,61.15455702342888
2024-10-30 07:00:00,2075.374671,2082.6936,2098.1711,2089.8903590536706,-14.515688053670601
2024-10-30 08:00:00,2174.277954,2069.2917,2072.986,2071.0095426206917,103.26841137930842
2024-10-30 09:00:00,2083.91792,2057.0972,2049.2876,2053.465869209349,30.4520507906509
2024-10-30 10:00:00,2054.146092,2042.1837,2035.2728,2038.9702865974048,15.175805402595188
2024-10-30 11:00:00,1993.879918,2053.9373,2030.2455,2042.921041073817,-49.041123073816834
2024-10-30 12:00:00,1833.710663,2050.4153,2038.1954,2044.7332905447865,-211.02262754478647
2024-10-30 13:00:00,2177.455592,2041.1304,2050.2537,2045.3725245056567,132.08306749434314
2024-10-30 14:00:00,2096.719817,2086.7407,2069.454,2078.7027790537068,18.017037946293385
2024-10-30 15:00:00,2133.021612,2117.0156,2097.2625,2107.8307822050647,25.190829794935325
2024-10-30 16:00:00,2241.354256,2122.4714,2125.7065,2123.975697765858,117.37855823414202
2024-10-30 17:00:00,2339.321768,2153.5908,2157.9114,2155.5997953701817,183.72197262981808
2024-10-30 18:00:00,2320.122563,2179.348,2193.5825,2185.966722266544,134.155840733456
2024-10-30 19:00:00,2159.626339,2170.9397,2226.7822,2196.9053905423725,-37.2790515423726
2024-10-30 20:00:00,2264.398369,2211.2612,2251.6335,2230.033573827146,34.364795172853974
2024-10-30 21:00:00,2226.274863,2216.8904,2262.6826,2238.1828827915706,-11.908019791570496
2024-10-30 22:00:00,2300.224415,2198.0437,2268.6404,2230.869788281525,69.35462671847517
2024-10-30 23:00:00,2199.010673,2237.8494,2264.736,2250.351168090925,-51.34049509092483
2024-10-31 00:00:00,2283.008766,2240.4617,2261.2766,2250.1402140518308,32.86855194816917
2024-10-31 01:00:00,2347.995125,2225.253,2254.5242,2238.863488795866,109.13163620413388
2024-10-31 02:00:00,2363.083868,2184.9556,2241.6355,2211.310635534715,151.77323246528522
2024-10-31 03:00:00,2200.86749,2193.4941,2222.9253,2207.1790557633585,-6.311565763358431
2024-10-31 04:00:00,2200.486975,2159.564,2198.415,2177.6289609916353,22.858014008364535
2024-10-31 05:00:00,2119.874512,2110.4631,2164.3455,2135.5173706915148,-15.642858691514903
2024-10-31 06:00:00,2172.376659,2090.588,2130.7112,2109.2444429137895,63.13221608621052
2024-10-31 07:00:00,1853.112523,2046.9355,2103.9778,2073.4590806576775,-220.34655765767752
2024-10-31 08:00:00,2220.822171,2084.6917,2081.0913,2083.017561269552,137.80460973044774
2024-10-31 09:00:00,2188.510021,2076.95,2056.8408,2067.5995952597955,120.91042574020457
2024-10-31 10:00:00,2017.717875,2039.9825,2045.7917,2042.6837112058656,-24.96583620586557
2024-10-31 11:00:00,2059.641888,2037.3763,2040.1501,2038.6661077120061,20.975780287993985
2024-10-31 12:00:00,2080.646232,2031.4902,2042.4071,2036.566367289718,44.07986471028198
2024-10-31 13:00:00,2115.967772,2069.2463,2054.3357,2062.3131773169202,53.65459468307972
2024-10-31 14:00:00,2119.09556,2077.1328,2076.7368,2076.9486819951935,42.146878004806695
2024-10-31 15:00:00,2031.938901,2119.2754,2103.5774,2111.9761259341553,-80.03722493415535
2024-10-31 16:00:00,2146.183713,2112.3489,2134.9343,2122.8506728838556,23.333040116144275
2024-10-31 17:00:00,2188.702876,2160.7617,2163.1912,2161.8913628026075,26.811513197392287
2024-10-31 18:00:00,2212.282789,2186.1345,2190.6917,2188.253498058183,24.029290941816726
2024-10-31 19:00:00,2124.003161,2184.1553,2213.871,2197.9725536613114,-73.9693926613113
2024-10-31 20:00:00,2271.88166,2240.8508,2237.9202,2239.4881281177695,32.39353188223049
2024-10-31 21:00:00,2112.337378,2230.2305,2246.8208,2237.94465144027,-125.60727344026964
2024-10-31 22:00:00,2524.180992,2245.8345,2255.1865,2250.182994923276,273.997997076724
2024-10-31 23:00:00,2562.529915,2571.1228,2255.158,2424.20527728649,138.32463771351013
2024-11-01 00:00:00,2855.706662,2803.861,2392.583,2612.6247536857177,243.08190831428237
2024-11-01 01:00:00,2685.86783,2689.6736,2576.193,2636.9073665231454,48.960463476854784
2024-11-01 02:00:00,2900.336292,2696.4624,2684.0698,2690.700093820954,209.636198179046
2024-11-01 03:00:00,2753.240038,2748.4604,2733.0496,2741.2946848199226,11.94535318007729
2024-11-01 04:00:00,2674.397156,2747.4773,2736.1753,2742.222083171564,-67.82492717156401
2024-11-01 05:00:00,2668.277983,2657.0781,2718.89,2685.8193983276215,-17.541415327621507
2024-11-01 06:00:00,2534.959701,2594.878,2693.1191,2640.5581877714067,-105.59848677140644
2024-11-01 07:00:00,2586.345072,2581.572,2663.8064,2619.8094112469926,-33.464339246992495
2024-11-01 08:00:00,2586.768912,2625.4265,2633.1885,2629.035675903263,-42.26676390326293
2024-11-01 09:00:00,2677.497453,2531.2302,2624.5935,2574.642339976862,102.85511302313807
2024-11-01 10:00:00,2572.153465,2540.2837,2622.3696,2578.4520606097294,-6.298595609729546
2024-11-01 11:00:00,2531.182843,2550.5557,2624.8677,2585.109308522424,-53.92646552242377
2024-11-01 12:00:00,2431.803498,2530.537,2633.5483,2578.4353340451635,-146.63183604516325
2024-11-01 13:00:00,2521.058115,2510.8633,2647.5188,2574.405447027353,-53.34733202735333
2024-11-01 14:00:00,2610.850878,2491.822,2663.9485,2571.8574899206833,38.9933880793169
2024-11-01 15:00:00,2484.255243,2591.7632,2685.3132,2635.262142263442,-151.00689926344194
2024-11-01 16:00:00,2616.699554,2664.1228,2694.628,2678.307095240578,-61.60754124057803
2024-11-01 17:00:00,2794.721185,2706.1672,2708.7876,2707.3856535340974,87.33553146590248
2024-11-01 18:00:00,2744.647968,2696.748,2713.753,2704.6549876399686,39.99298036003165
2024-11-01 19:00:00,2782.629386,2626.8347,2726.5066,2673.1802059277393,109.44918007226079
2024-11-01 20:00:00,2716.405541,2670.3813,2731.2183,2698.669333002557,17.736207997443216
2024-11-01 21:00:00,2936.697578,2752.42,2714.6726,2734.8681526150494,201.82942538495035
2024-11-01 22:00:00,2801.557574,2811.1782,2708.4417,2763.407708724624,38.14986527537576
2024-11-01 23:00:00,2543.291871,2486.416,2683.8687,2578.2276628816544,-34.935791881654495
2024-11-02 00:00:00,1918.840051,1975.158,2506.015,2221.9961392224127,-303.1560882224128
2024-11-02 01:00:00,1847.185449,1970.7145,2273.186,2111.357886584423,-264.1724375844228
2024-11-02 02:00:00,1964.096419,1919.8687,2116.4988,2011.297848508732,-47.20142950873196
2024-11-02 03:00:00,1893.243914,1926.2874,2007.788,1964.1835569451998,-70.93964294519992
2024-11-02 04:00:00,1824.097068,1877.4414,1938.2317,1905.7077091509195,-81.61064115091949
2024-11-02 05:00:00,1760.542384,1874.4155,1887.796,1880.6371972029824,-120.09481320298232
2024-11-02 06:00:00,1699.855578,1864.689,1855.951,1860.6260037880934,-160.77042578809346
2024-11-02 07:00:00,1733.251507,1782.4044,1834.8845,1806.8066489807238,-73.55514198072387
2024-11-02 08:00:00,1800.780593,1791.0687,1813.4747,1801.487083834157,-0.7064908341569662
2024-11-02 09:00:00,1825.907369,1869.9199,1800.224,1837.5126692274234,-11.605300227423413
2024-11-02 10:00:00,1792.388929,1777.8878,1800.4974,1788.4008518585342,3.9880771414657374
2024-11-02 11:00:00,1706.811169,1794.7114,1800.6136,1797.4558444119211,-90.64467541192107
2024-11-02 12:00:00,1669.323548,1759.2134,1806.506,1781.203522032828,-111.87997403282793
2024-11-02 13:00:00,1689.206763,1766.4397,1813.1545,1788.1611937586495,-98.95443075864955
2024-11-02 14:00:00,1772.25511,1801.9216,1823.4287,1811.9220060504445,-39.66689605044439
2024-11-02 15:00:00,1687.469993,1884.624,1833.6309,1860.9131909603648,-173.44319796036484
2024-11-02 16:00:00,1996.772566,1828.1183,1848.2974,1837.5011657129728,159.2714002870273
2024-11-02 17:00:00,1793.075324,1964.377,1861.6509,1916.6113205816025,-123.5359965816026
2024-11-02 18:00:00,1998.797912,1910.7134,1877.312,1895.182390852255,103.61552114774508
2024-11-02 19:00:00,1839.869374,1954.356,1887.9968,1923.5002479560794,-83.63087395607931
2024-11-02 20:00:00,1841.899777,1912.3932,1895.7798,1904.6682780842557,-62.768501084255604
2024-11-02 21:00:00,1933.226787,1890.7665,1901.059,1895.5522833279645,37.6745036720356
2024-11-02 22:00:00,1924.885569,1945.3295,1904.7684,1926.4693729475844,-1.5838039475843289
2024-11-02 23:00:00,2050.864881,1936.7136,1904.8036,1921.8760759229726,128.98880507702734
2024-11-03 00:00:00,1869.756238,1926.9197,1902.4615,1915.5471216081341,-45.79088360813421
2024-11-03 01:00:00,1987.918227,1954.8965,1887.5026,1923.5596179973495,64.35860900265038
2024-11-03 02:00:00,2024.043262,1947.6896,1868.9452,1911.07496321704,112.96829878295989
2024-11-03 03:00:00,2034.914096,1945.4362,1851.2849,1901.6576539402947,133.25644205970525
2024-11-03 04:00:00,1964.930069,1922.0476,1837.4474,1882.7101457376623,82.21992326233772
2024-11-03 05:00:00,1870.104462,1886.1248,1819.7992,1855.28465587447,14.819806125530022
2024-11-03 06:00:00,1876.106579,1797.1753,1799.433,1798.2250752395253,77.88150376047474
2024-11-03 07:00:00,1790.577083,1762.4078,1776.7498,1769.0765511185032,21.500531881496727
2024-11-03 08:00:00,1640.118887,1776.9712,1755.668,1767.0656059633393,-126.94671896333921
2024-11-03 09:00:00,1668.744396,1721.6666,1741.2573,1730.7759207746121,-62.03152477461208
2024-11-03 10:00:00,1591.381899,1759.9431,1726.8158,1744.5395541172759,-153.1576551172759
2024-11-03 11:00:00,1728.551056,1711.193,1720.4563,1715.5002506724586,13.050805327541411
2024-11-03 12:00:00,1745.063535,1727.2089,1716.9716,1722.4487141372745,22.614820862725537
2024-11-03 13:00:00,1786.735065,1770.4154,1723.7764,1748.7291569442496,38.005908055750524
2024-11-03 14:00:00,1728.346241,1763.2816,1740.1962,1752.5473299757414,-24.201088975741413
2024-11-03 15:00:00,1747.751493,1786.5137,1763.117,1775.634646802795,-27.88315380279505
2024-11-03 16:00:00,1848.847033,1806.2152,1787.7953,1797.6503034710256,51.1967295289744
2024-11-03 17:00:00,1871.073076,1861.8591,1823.8607,1844.1906056042374,26.88247039576254
2024-11-03 18:00:00,1862.145929,1880.595,1859.5483,1870.808695470172,-8.662766470172073
2024-11-03 19:00:00,1957.342887,1911.3783,1897.5608,1904.9534240641105,52.38946293588947
2024-11-03 20:00:00,1833.959334,1958.5067,1931.336,1945.8728864871537,-111.91355248715377
2024-11-03 21:00:00,1973.214334,1943.7949,1965.226,1953.7599353815767,19.454398618423284
2024-11-03 22:00:00,1974.914412,1971.5555,1995.0841,1982.4958682188903,-7.581456218890253
2024-11-03 23:00:00,1807.280061,1968.6573,2023.9763,1994.3795968617437,-187.0995358617438
2024-11-04 00:00:00,2132.398351,2147.3206,2041.7938,2098.2526718864465,34.14567911355334
2024-11-04 01:00:00,2175.821258,2156.954,2113.059,2136.5437686517907,39.2774893482092
2024-11-04 02:00:00,2341.041954,2177.8118,2155.8071,2167.5800372891545,173.46191671084534
2024-11-04 03:00:00,2050.66374,2169.9734,2169.7783,2169.8826856673495,-119.21894566734954
2024-11-04 04:00:00,2252.198425,2129.195,2154.9604,2141.1754708407243,111.02295415927574
2024-11-04 05:00:00,2236.949867,2097.5574,2122.2734,2109.0498637466844,127.90000325331539
2024-11-04 06:00:00,1940.365465,2083.661,2084.9634,2084.266521374182,-143.90105637418196
2024-11-04 07:00:00,2040.653804,1987.7349,2048.7666,2016.113438111426,24.540365888574115
2024-11-04 08:00:00,2002.513799,1954.825,2018.6537,1984.504075402985,18.009723597014954
2024-11-04 09:00:00,2108.896615,1964.8856,1994.4684,1978.6410315832186,130.25558341678152
2024-11-04 10:00:00,2106.340434,2011.908,1982.6675,1998.3117034787253,108.02873052127484
2024-11-04 11:00:00,1842.883819,2003.3486,1983.1495,1993.9564445385085,-151.07262553850865
2024-11-04 12:00:00,1907.305924,1960.0813,1991.7532,1974.8081065516335,-67.5021825516335
2024-11-04 13:00:00,2073.381664,1969.5613,2005.3347,1986.1952340492053,87.18642995079472
2024-11-04 14:00:00,2088.38661,2046.051,2023.7985,2035.7040148750016,52.68259512499844
2024-11-04 15:00:00,2073.867374,2070.572,2050.457,2061.21894107654,12.64843292345995
2024-11-04 16:00:00,2100.121165,2085.852,2081.2446,2083.709688952207,16.411476047792803
2024-11-04 17:00:00,2141.064375,2102.0034,2107.8481,2104.72110248482,36.343272515179706
2024-11-04 18:00:00,2229.963066,2142.7197,2134.446,2138.872625035135,91.09044096486468
2024-11-04 19:00:00,2410.374504,2190.6128,2161.2468,2176.958187845671,233.4163161543288
2024-11-04 20:00:00,2226.050928,2225.8606,2190.3367,2209.3426590617146,16.708268938285528
2024-11-04 21:00:00,2150.736743,2234.5635,2217.475,2226.617711733016,-75.88096873301629
2024-11-04 22:00:00,2424.992655,2230.9434,2236.1213,2233.351018978231,191.64163602176905
2024-11-04 23:00:00,2112.627668,2252.9524,2243.4624,2248.5397311401894,-135.91206314018928
2024-11-05 00:00:00,2259.696346,2232.574,2247.9932,2239.7435987105223,19.952747289477884
2024-11-05 01:00:00,1993.740592,2227.35,2240.2786,2233.361584020014,-239.620992020014
2024-11-05 02:00:00,2225.306947,2155.081,2225.214,2187.691566070499,37.61538092950104
2024-11-05 03:00:00,2176.782763,2172.0361,2198.0422,2184.1284666611364,-7.345703661136213
2024-11-05 04:00:00,2110.186934,2133.8447,2166.7483,2149.1442459979376,-38.95731199793772
2024-11-05 05:00:00,2147.239989,2103.632,2134.4324,2117.9536190580093,29.28636994199087
2024-11-05 06:00:00,2068.807391,2042.2533,2102.0054,2070.036852207687,-1.229461207687109
2024-11-05 07:00:00,2048.838407,2036.0336,2074.7131,2054.018817222647,-5.1804102226469695
2024-11-05 08:00:00,2035.264217,2050.389,2052.688,2051.4579400376733,-16.193723037673408
2024-11-05 09:00:00,2024.59189,2033.0839,2036.9686,2034.8902029905569,-10.298312990556951
2024-11-05 10:00:00,1835.461224,1980.3022,2024.9386,2001.0572844778535,-165.5960604778536
2024-11-05 11:00:00,1921.069184,1995.7053,2020.2275,2007.1076775641911,-86.03849356419119
2024-11-05 12:00:00,2029.966703,2015.1428,2019.0227,2016.9468925383649,13.019810461635188
2024-11-05 13:00:00,2013.018906,2036.8215,2027.1078,2032.3048300835278,-19.28592408352779
2024-11-05 14:00:00,1980.720238,2040.9353,2044.9156,2042.7860867572554,-62.06584875725525
2024-11-05 15:00:00,2111.5508,2073.9458,2067.9763,2071.1701072097194,40.38069279028059
2024-11-05 16:00:00,2173.047064,2102.97,2094.5554,2099.057367756973,73.98969624302708
2024-11-05 17:00:00,2089.900148,2127.4817,2125.3552,2126.4929245352064,-36.59277653520621
2024-11-05 18:00:00,2164.021026,2122.0664,2157.8665,2138.7127347538863,25.30829124611364
2024-11-05 19:00:00,2083.799596,2150.5642,2181.3667,2164.8867696501675,-81.08717365016764
2024-11-05 20:00:00,2112.368376,2204.4841,2206.3955,2205.372884078937,-93.0045080789373
2024-11-05 21:00:00,2162.136324,2200.5242,2223.651,2211.277641148016,-49.14131714801579
2024-11-05 22:00:00,2354.723983,2244.9246,2232.191,2239.00366366698,115.72031933301969
2024-11-05 23:00:00,2246.741067,2217.1328,2243.34,2229.3186873695736,17.42237963042635
2024-11-06 00:00:00,2337.198757,2232.9395,2249.1836,2240.4926635243846,96.70609347561549
2024-11-06 01:00:00,2241.131757,2188.1577,2240.9768,2212.7175683106807,28.414188689319417
2024-11-06 02:00:00,2152.463157,2213.4897,2225.2275,2218.9475922158736,-66.48443521587342
2024-11-06 03:00:00,2127.63109,2156.7927,2204.8699,2179.1476663655435,-51.51657636554364
2024-11-06 04:00:00,2268.687597,2149.0574,2172.5813,2159.9955423811048,108.69205461889533
2024-11-06 05:00:00,2048.486129,2118.2644,2138.556,2127.6995601393432,-79.21343113934336
2024-11-06 06:00:00,2082.083997,2043.0524,2106.154,2072.3934278801826,9.69056911981761
2024-11-06 07:00:00,2008.704277,2048.7249,2077.9155,2062.297950807353,-53.59367380735307
2024-11-06 08:00:00,1995.894604,2036.2291,2052.7285,2043.9010222222942,-48.00641822229409
2024-11-06 09:00:00,1963.493644,2023.0508,2034.2928,2028.2781236791461,-64.78447967914622
2024-11-06 10:00:00,2215.855369,1982.5548,2022.3242,2001.0468136675377,214.80855533246222
2024-11-06 11:00:00,1910.013066,2071.7793,2014.9738,2045.3658213687772,-135.35275536877725
2024-11-06 12:00:00,1883.423534,1982.0817,2018.988,1999.2424123977764,-115.81887839777642
2024-11-06 13:00:00,1915.370294,2024.6201,2027.0118,2025.7322222986813,-110.36192829868128
2024-11-06 14:00:00,2037.446565,2024.1051,2047.8998,2035.1691662813257,2.277398718674249
2024-11-06 15:00:00,1964.004499,2042.9866,2074.0999,2057.453644727113,-93.44914572711309
2024-11-06 16:00:00,2136.64625,2090.9932,2103.2,2096.6690833657167,39.977166634283094
2024-11-06 17:00:00,2116.566063,2116.5732,2134.9324,2125.109882033949,-8.543819033948694
2024-11-06 18:00:00,2006.775379,2127.135,2167.3623,2145.8399218540735,-139.06454285407358
2024-11-06 19:00:00,2094.629572,2174.0906,2199.8574,2186.0716597771634,-91.44208777716358
2024-11-06 20:00:00,2179.348493,2158.1052,2214.5405,2184.3465460400494,-4.998053040049399
2024-11-06 21:00:00,2253.784093,2199.531,2228.1594,2212.8426650792358,40.941427920764454
2024-11-06 22:00:00,2219.370037,2194.1108,2234.2983,2212.797248065193,6.5727889348072495
2024-11-06 23:00:00,2218.257998,2226.225,2237.02,2231.2445270030576,-12.986529003057512
2024-11-07 00:00:00,2187.951515,2202.848,2233.8372,2217.2573043586226,-29.305789358622405
2024-11-07 01:00:00,2198.288416,2227.3625,2224.4424,2226.004728255998,-27.71631225599822
2024-11-07 02:00:00,2056.854348,2210.1963,2208.869,2209.579077253232,-152.724729253232
2024-11-07 03:00:00,2068.844069,2132.1218,2187.1045,2157.687699696509,-88.84363069650863
2024-11-07 04:00:00,2132.864414,2134.9304,2155.2112,2144.360580855458,-11.496166855457886
2024-11-07 05:00:00,2024.54944,2132.4998,2118.8616,2126.158264947231,-101.60882494723114
2024-11-07 06:00:00,2121.498157,2023.1953,2084.787,2051.8343037161353,69.66385328386468
2024-11-07 07:00:00,2074.144218,2003.0355,2051.2686,2025.4629471562669,48.681270843733046
2024-11-07 08:00:00,2077.620493,2052.8003,2019.3425,2037.2430816431088,40.377411356891116
2024-11-07 09:00:00,1986.663443,2055.6865,2001.5378,2030.5084364753934,-43.844993475393494
2024-11-07 10:00:00,2114.337357,1991.9768,1993.2673,1992.5768768307648,121.76048016923505
2024-11-07 11:00:00,2071.180763,2012.9241,1989.3771,2001.975175229358,69.20558777064184
2024-11-07 12:00:00,2097.91085,2007.4818,1991.3745,1999.9922294520084,97.91862054799185
2024-11-07 13:00:00,2106.323249,2038.1914,2003.0842,2021.8672493691968,84.45599963080326
2024-11-07 14:00:00,1989.300578,2049.1409,2024.7865,2037.816559293387,-48.51598129338686
2024-11-07 15:00:00,2082.882426,2061.75,2055.6226,2058.9008585637284,23.98156743627169
2024-11-07 16:00:00,2188.284074,2102.5662,2086.0872,2094.903744838459,93.38032916154134
2024-11-07 17:00:00,1970.295956,2123.7192,2121.213,2122.5538352218523,-152.25787922185236
2024-11-07 18:00:00,2330.917907,2132.8179,2155.1602,2143.2066004506287,187.71130654937133
2024-11-07 19:00:00,2263.912692,2138.7092,2184.5547,2160.026477950933,103.8862140490669
2024-11-07 20:00:00,2092.207979,2179.0068,2208.9055,2192.909143133013,-100.70116413301321
2024-11-07 21:00:00,2345.5192,2182.7954,2233.6953,2206.462877742611,139.05632225738918
2024-11-07 22:00:00,2266.833437,2229.8032,2238.707,2233.9433209979834,32.890116002016384
2024-11-07 23:00:00,2265.120886,2254.131,2252.4963,2253.370969199852,11.749916800148185
2024-11-08 00:00:00,2164.358586,2248.8374,2254.7124,2251.5691634212235,-87.21057742122366
2024-11-08 01:00:00,2246.531109,2222.5366,2256.723,2238.4325780583204,8.098530941679655
2024-11-08 02:00:00,2146.078919,2229.255,2244.2222,2236.214380178508,-90.13546117850774
2024-11-08 03:00:00,2168.237574,2152.74,2226.6394,2187.1017847848525,-18.864210784852276
2024-11-08 04:00:00,2148.849907,2133.3655,2194.64,2161.8568928783397,-13.006985878339947
2024-11-08 05:00:00,1997.020111,2121.275,2159.5337,2139.064497379021,-142.0443863790208
2024-11-08 06:00:00,2051.451604,2069.4456,2125.9614,2095.7243398879373,-44.272735887937415
2024-11-08 07:00:00,1912.209208,2074.24,2093.5637,2083.2251501945666,-171.0159421945666
2024-11-08 08:00:00,2037.549319,2044.8729,2073.3342,2058.106879135189,-20.557560135189078
2024-11-08 09:00:00,2085.542636,2050.2766,2054.9263,2052.4386122307383,33.10402376926186
2024-11-08 10:00:00,1915.577879,2050.426,2046.3325,2048.5226245434674,-132.94474554346743
2024-11-08 11:00:00,2023.101395,2005.8344,2044.1696,2023.6594775866856,-0.558082586685714
2024-11-08 12:00:00,2046.751037,2003.3857,2049.625,2024.8861004417063,21.86493655829372
2024-11-08 13:00:00,1955.574935,2033.7417,2060.896,2046.3679207147998,-90.79298571479967
2024-11-08 14:00:00,2071.685559,2044.9468,2081.1445,2061.778030997038,9.907528002961953
2024-11-08 15:00:00,2038.311716,2072.071,2105.3828,2087.560370894943,-49.248654894943
2024-11-08 16:00:00,2028.916032,2100.5234,2130.6604,2114.5365408562348,-85.62050885623466
2024-11-08 17:00:00,2156.087933,2115.7195,2157.2837,2135.0460336251945,21.041899374805325
2024-11-08 18:00:00,2111.556783,2150.2786,2184.5764,2166.226400357705,-54.66961735770519
2024-11-08 19:00:00,2116.864469,2198.2854,2213.781,2205.49055645725,-88.62608745724992
2024-11-08 20:00:00,2094.969401,2188.5422,2236.6042,2210.890139803592,-115.92073880359203
2024-11-08 21:00:00,2164.142944,2217.265,2247.8777,2231.499247693834,-67.35630369383398
2024-11-08 22:00:00,2155.25361,2236.3906,2258.002,2246.4394735113856,-91.18586351138538
2024-11-08 23:00:00,2201.753425,2248.258,2260.5522,2253.974616338861,-52.22119133886099
2024-11-09 00:00:00,1964.808029,1933.9087,2257.305,2084.2816721166528,-119.47364311665274
2024-11-09 01:00:00,1833.665363,1927.963,2152.9553,2032.5800738042662,-198.91471080426618
2024-11-09 02:00:00,1839.070398,1923.4648,2058.8152,1986.400128097825,-147.32973009782495
2024-11-09 03:00:00,1867.786956,1891.3027,1978.8237,1931.998300432981,-64.21134443298115
2024-11-09 04:00:00,1866.011174,1871.7794,1918.2607,1893.3923329304162,-27.381158930416177
2024-11-09 05:00:00,1687.491927,1807.1348,1870.6571,1836.6714214322308,-149.17949443223074
2024-11-09 06:00:00,1815.188566,1811.0592,1831.6104,1820.6150891621944,-5.426523162194371
2024-11-09 07:00:00,1930.530637,1806.575,1799.0342,1803.0686386552557,127.46199834474442
2024-11-09 08:00:00,1788.60609,1798.0897,1775.4686,1787.5713517331114,1.034738266888553
2024-11-09 09:00:00,1680.11695,1773.447,1762.5323,1768.3719102555651,-88.25496025556504
2024-11-09 10:00:00,1752.936198,1771.3453,1756.8121,1764.587679275272,-11.651481275271863
2024-11-09 11:00:00,1752.553889,1741.5708,1754.6069,1747.6323497545209,4.921539245479153
2024-11-09 12:00:00,1764.782079,1746.5233,1755.6079,1750.7474758175422,14.034603182457886
2024-11-09 13:00:00,1767.429983,1750.765,1765.3932,1757.566831822598,9.86315117740196
2024-11-09 14:00:00,1747.08008,1801.6647,1780.51,1791.8281647281183,-44.74808472811833
2024-11-09 15:00:00,1731.877478,1789.9297,1802.3119,1795.6871713948958,-63.8096933948957
2024-11-09 16:00:00,1702.483614,1795.307,1825.8743,1809.5201903492139,-107.03657634921387
2024-11-09 17:00:00,1896.600979,1841.1993,1855.6442,1847.9159039814583,48.68507501854174
2024-11-09 18:00:00,1839.821591,1911.2324,1882.6442,1897.9394368031299,-58.11784580312997
2024-11-09 19:00:00,1878.478014,1888.7756,1911.1292,1899.1695860727018,-20.691572072701774
2024-11-09 20:00:00,1805.621654,1853.8457,1934.317,1891.2633034668659,-85.64164946686583
2024-11-09 21:00:00,1961.615551,1948.0546,1953.6018,1950.6339250258402,10.981625974159897
2024-11-09 22:00:00,1877.716748,1916.9424,1968.7844,1941.0479266122074,-63.331178612207395
2024-11-09 23:00:00,2010.225778,1976.3207,1983.7086,1979.7559272966023,30.469850703397697
2024-11-10 00:00:00,1889.304754,1949.6348,1992.0326,1969.3489331098615,-80.04417910986149
2024-11-10 01:00:00,1935.549215,1950.776,1977.3102,1963.1138800051594,-27.56466500515944
2024-11-10 02:00:00,1910.844684,1987.7474,1955.9451,1972.9599520090414,-62.11526800904153
2024-11-10 03:00:00,1874.619732,1918.6602,1929.4261,1923.666133399015,-49.04640139901494
2024-11-10 04:00:00,1827.572477,1885.3297,1898.3453,1891.3817251521891,-63.809248152189184
2024-11-10 05:00:00,1787.321804,1816.5952,1863.2994,1838.3117731882176,-50.98996918821763
2024-11-10 06:00:00,1749.206435,1793.5074,1827.4835,1809.3056619684057,-60.099226968405674
2024-11-10 07:00:00,1770.271161,1781.3403,1795.2451,1787.8057875002676,-17.534626500267677
2024-11-10 08:00:00,1772.229803,1749.4005,1765.0834,1756.6927391054555,15.537063894544417
2024-11-10 09:00:00,1712.717387,1744.8998,1740.8269,1743.005971921752,-30.28858492175209
2024-11-10 10:00:00,1645.243577,1725.4825,1722.8972,1724.2804169535443,-79.03683995354436
2024-11-10 11:00:00,1741.934662,1734.1134,1711.9169,1723.792445795351,18.142216204649003
2024-11-10 12:00:00,1617.668712,1728.6029,1712.698,1721.2074318262282,-103.53871982622832
2024-11-10 13:00:00,1911.73161,1710.6846,1721.866,1715.8837028585115,195.84790714148858
2024-11-10 14:00:00,1968.369699,1774.6819,1736.595,1756.9722082725143,211.39749072748577
2024-11-10 15:00:00,1730.467544,1800.8303,1761.6786,1782.6255254292878,-52.1579814292877
2024-11-10 16:00:00,1779.436956,1799.4437,1793.7496,1796.7960833149136,-17.35912731491362
2024-11-10 17:00:00,1824.321561,1844.0764,1831.3395,1838.1539866068674,-13.832425606867446
2024-11-10 18:00:00,1960.62769,1899.0481,1870.9722,1885.9933337288728,74.63435627112722
2024-11-10 19:00:00,1776.153781,1922.0444,1907.4224,1915.2454544360016,-139.09167343600166
2024-11-10 20:00:00,1913.728127,1895.8024,1944.6152,1918.499404418526,-4.7712774185258695
2024-11-10 21:00:00,1950.845407,1936.1268,1974.7494,1954.0855718681096,-3.2401648681095594
2024-11-10 22:00:00,2034.792985,1976.7941,2000.718,1987.9182403126806,46.874744687319435
2024-11-10 23:00:00,1797.305569,1965.3925,2024.2188,1992.745542034574,-195.439973034574
2024-11-11 00:00:00,2179.264217,2204.9097,2041.8907,2129.109030862006,50.15518613799395
2024-11-11 01:00:00,2346.631868,2172.788,2111.7085,2144.3872610586545,202.2446069413454
2024-11-11 02:00:00,2068.836175,2175.6047,2160.21,2168.4464642926255,-99.61028929262557
2024-11-11 03:00:00,2263.53715,2129.896,2178.787,2152.6294157186144,110.90773428138573
2024-11-11 04:00:00,2020.454128,2130.496,2158.589,2143.5588021702056,-123.1046741702055
2024-11-11 05:00:00,2134.093597,2072.6304,2129.5996,2099.119962200141,34.973634799859155
2024-11-11 06:00:00,1898.714858,2037.0472,2091.1235,2062.1916692983987,-163.47681129839862
2024-11-11 07:00:00,1992.97133,1982.7528,2051.3127,2014.6318486501743,-21.660518650174254
2024-11-11 08:00:00,2176.903118,1991.5922,2016.6222,2003.2306413499768,173.67247665002333
2024-11-11 09:00:00,1926.249851,2038.6864,1989.8486,2015.9777860057634,-89.72793500576336
2024-11-11 10:00:00,1979.405805,2005.8994,1979.1687,1993.4701509054387,-14.064345905438586
2024-11-11 11:00:00,2101.427678,1998.3542,1977.4717,1988.644258695075,112.78341930492502
2024-11-11 12:00:00,1976.001564,1975.8784,1982.45,1978.934053479154,-2.9324894791541283
2024-11-11 13:00:00,1940.208888,2026.2749,1996.7476,2012.5452600667395,-72.33637206673961
2024-11-11 14:00:00,2090.788938,2066.5696,2022.3795,2046.0220574540626,44.76688054593751
2024-11-11 15:00:00,2144.362518,2072.4126,2051.1594,2062.5302839479173,81.83223405208264
2024-11-11 16:00:00,2011.476678,2088.0503,2081.0708,2084.8049644413722,-73.32828644137226
2024-11-11 17:00:00,1988.292814,2123.1616,2111.6074,2117.7891425052976,-129.4963285052977
2024-11-11 18:00:00,1936.231394,2149.9631,2141.9827,2146.2523715466896,-210.02097754668966
2024-11-11 19:00:00,2253.614272,2209.2578,2168.9878,2190.533034296668,63.08123770333168
2024-11-11 20:00:00,2225.090292,2171.6155,2194.5984,2182.3020860751008,42.7882059248991
2024-11-11 21:00:00,2162.499797,2208.5864,2212.5046,2210.408318797057,-47.90852179705689
2024-11-11 22:00:00,2169.738495,2255.7925,2224.3105,2241.1539918159806,-71.41549681598053
2024-11-11 23:00:00,2362.239477,2226.821,2233.5645,2229.956598974439,132.28287802556088
2024-11-12 00:00:00,2240.221374,2214.129,2235.782,2224.197166793643,16.024207206357005
2024-11-12 01:00:00,2129.377751,2157.8154,2231.8394,2192.2351197727808,-62.857368772780774
2024-11-12 02:00:00,2235.944667,2193.8794,2207.38,2200.156859793141,35.78780720685927
2024-11-12 03:00:00,2113.779277,2178.0613,2183.867,2180.760800507909,-66.98152350790906
2024-11-12 04:00:00,2183.607716,2126.7383,2155.723,2140.215567107661,43.39214889233881
2024-11-12 05:00:00,2065.347246,2095.9446,2119.2036,2106.7595795000766,-41.412333500076784
2024-11-12 06:00:00,1881.107188,2033.7908,2087.2466,2058.6466868233983,-177.5394988233984
2024-11-12 07:00:00,2073.963317,2011.6798,2055.451,2032.0325307478597,41.93078625214048
2024-11-12 08:00:00,2003.649059,2028.3837,2026.284,2027.407389346481,-23.75833034648099
2024-11-12 09:00:00,2105.870776,2028.9753,2008.8837,2019.6331026117336,86.23767338826656
2024-11-12 10:00:00,1858.86889,1999.9344,1997.9086,1998.9924538347375,-140.12356383473752
2024-11-12 11:00:00,1940.212179,1988.7065,1996.103,1992.1457647773914,-51.93358577739127
2024-11-12 12:00:00,1985.541064,1996.097,2001.5488,1998.6320189179078,-13.090954917907766
2024-11-12 13:00:00,1981.221131,1990.149,2017.8348,2003.0224038167635,-21.801272816763458
2024-11-12 14:00:00,2047.511865,2015.0518,2040.3207,2026.8013160389023,20.71054896109763
2024-11-12 15:00:00,2124.056433,2061.2932,2065.51,2063.253941669304,60.802491330696284
2024-11-12 16:00:00,2077.742975,2116.6453,2096.765,2107.401276614915,-29.658301614914762
2024-11-12 17:00:00,2145.347273,2110.78,2130.5642,2119.9792892151827,25.36798378481717
2024-11-12 18:00:00,2118.49342,2148.6572,2157.9321,2152.969876302079,-34.47645630207899
2024-11-12 19:00:00,1997.131159,2156.3586,2183.5525,2169.003254420524,-171.87209542052415
2024-11-12 20:00:00,2153.268276,2151.7952,2205.4456,2176.7415573178614,-23.47328131786162
2024-11-12 21:00:00,2277.991012,2201.0183,2216.286,2208.1174383203497,69.87357367965024
2024-11-12 22:00:00,2160.291455,2251.2998,2226.695,2239.859079407044,-79.56762440704415
2024-11-12 23:00:00,2150.314361,2182.4924,2233.9287,2206.409304109267,-56.09494310926675
2024-11-13 00:00:00,2128.973992,2192.3374,2233.5674,2211.5085437683515,-82.53455176835132
2024-11-13 01:00:00,2333.51579,2217.2864,2218.6814,2217.935033984237,115.58075601576274
2024-11-13 02:00:00,2104.83893,2199.0154,2198.5898,2198.817514355135,-93.9785843551349
2024-11-13 03:00:00,2180.29208,2135.3198,2175.5251,2154.0145194481156,26.277560551884562
2024-11-13 04:00:00,2087.916658,2127.6272,2148.3674,2137.271004074699,-49.3543460746987
2024-11-13 05:00:00,2225.1508,2073.589,2120.233,2095.2775733101143,129.87322668988554
2024-11-13 06:00:00,1947.072327,2076.4014,2087.3489,2081.491746944606,-134.4194199446058
2024-11-13 07:00:00,1967.541976,2048.7874,2054.6553,2051.5158224940606,-83.97384649406058
2024-11-13 08:00:00,2041.406487,2004.2161,2025.1742,2013.9611884481048,27.44529855189512
2024-11-13 09:00:00,1919.894944,1999.3973,2005.0667,2002.033458791579,-82.13851479157915
2024-11-13 10:00:00,1909.195291,1998.7893,1995.1355,1997.0903564957832,-87.89506549578323
2024-11-13 11:00:00,2020.481707,1971.6017,1994.6112,1982.3006658813442,38.181041118655685
2024-11-13 12:00:00,1806.736058,1949.1019,1996.0833,1970.947333000507,-164.21127500050693
2024-11-13 13:00:00,2027.195286,1963.6782,2002.8606,1981.897266334975,45.29801966502487
2024-11-13 14:00:00,2143.853441,2017.9564,2013.5216,2015.8943181735242,127.959122826476
2024-11-13 15:00:00,2210.309926,2067.2603,2038.086,2053.694819258834,156.61510674116607
2024-11-13 16:00:00,1957.476901,2110.525,2064.0234,2088.902622904487,-131.4257219044871
2024-11-13 17:00:00,2200.150788,2114.0728,2099.6746,2107.3778731904913,92.77291480950862
2024-11-13 18:00:00,2093.384445,2137.431,2131.3079,2134.5838101386703,-41.199365138670146
2024-11-13 19:00:00,2087.869065,2141.4539,2159.0037,2149.614176292101,-61.74511129210123
2024-11-13 20:00:00,2195.770162,2151.697,2181.2456,2165.4365400584993,30.333621941500496
2024-11-13 21:00:00,2222.86328,2200.8582,2202.8757,2201.796289002005,21.066990997995163
2024-11-13 22:00:00,2114.284665,2229.2488,2216.95,2223.530062706166,-109.24539770616593
2024-11-13 23:00:00,2280.74552,2241.0884,2220.9915,2231.7436990269944,49.00182097300558
2024-11-14 00:00:00,2269.722603,2228.8118,2225.9832,2227.496517252177,42.22608574782316
2024-11-14 01:00:00,2255.865165,2194.1423,2213.3318,2203.065057583504,52.8001074164963
2024-11-14 02:00:00,2199.50894,2199.7534,2195.8796,2197.952185712422,1.5567542875783147
2024-11-14 03:00:00,2196.263139,2174.5688,2173.9604,2174.285954180308,21.977184819691956
2024-11-14 04:00:00,2130.586064,2144.4688,2147.5374,2145.895591131265,-15.309527131264986
2024-11-14 05:00:00,2065.123263,2089.6145,2119.1787,2103.361285849264,-38.23802284926387
2024-11-14 06:00:00,2159.569847,2057.84,2088.4456,2072.07103738664,87.49880961336021
2024-11-14 07:00:00,2130.509273,2060.428,2058.6245,2059.589401426226,70.91987157377434
2024-11-14 08:00:00,1931.456366,2020.3981,2037.683,2028.4352202470109,-96.97885424701099
2024-11-14 09:00:00,2075.143661,1996.2366,2020.6332,2007.5805211864335,67.56313981356652
2024-11-14 10:00:00,1753.352615,2018.0483,2007.0768,2012.9467783019809,-259.59416330198087
2024-11-14 11:00:00,2070.835233,1990.7758,2006.3323,1998.0092363063534,72.8259966936464
2024-11-14 12:00:00,2077.042401,2009.0986,2009.2842,2009.184908511423,67.85749248857724
2024-11-14 13:00:00,1989.710126,1999.2963,2022.1537,2009.9245225904838,-20.21439659048383
2024-11-14 14:00:00,2083.53573,2031.8596,2041.46,2036.3235919152885,47.21213808471157
2024-11-14 15:00:00,2050.468773,2074.6863,2061.2288,2068.428793670524,-17.960020670524045
2024-11-14 16:00:00,2015.142269,2067.9036,2089.7185,2078.047089192012,-62.90482019201227
2024-11-14 17:00:00,2115.632022,2077.3262,2118.0112,2096.243935194344,19.388086805655803
2024-11-14 18:00:00,2129.692037,2123.8384,2145.0256,2133.690042037334,-3.9980050373342237
2024-11-14 19:00:00,2378.580232,2162.024,2169.605,2165.5489692061883,213.0312627938115
2024-11-14 20:00:00,2145.471175,2170.1296,2194.1858,2181.3152830372255,-35.844108037225396
2024-11-14 21:00:00,2256.114205,2226.678,2211.164,2219.4643083997644,36.64989660023548
2024-11-14 22:00:00,2262.40212,2238.6248,2226.1619,2232.829753387513,29.572366612487258
2024-11-14 23:00:00,2346.25846,2226.7664,2228.692,2227.661694839513,118.59676516048694
2024-11-15 00:00:00,2358.681057,2195.5808,2227.9937,2210.6521534627927,148.02890353720704
2024-11-15 01:00:00,2237.259202,2219.333,2217.9194,2218.6757232114956,18.583478788504635
2024-11-15 02:00:00,2040.408121,2208.7559,2210.9045,2209.754954672658,-169.34683367265825
2024-11-15 03:00:00,2256.14203,2146.653,2191.2383,2167.3843319784464,88.75769802155355
2024-11-15 04:00:00,2267.182321,2136.8892,2161.0837,2148.1391707338234,119.04315026617633
2024-11-15 05:00:00,2183.285919,2125.5308,2135.3477,2130.095427315709,53.19049168429092
2024-11-15 06:00:00,1916.299662,2070.5752,2105.6821,2086.899238672647,-170.5995766726469
2024-11-15 07:00:00,2085.46385,2033.7786,2079.989,2055.2655272698667,30.19832273013344
2024-11-15 08:00:00,2052.563992,2035.5099,2052.0186,2043.1860977259907,9.377894274009122
2024-11-15 09:00:00,1985.164654,2047.2991,2037.0808,2042.547778709417,-57.38312470941696
2024-11-15 10:00:00,1850.799748,2007.4851,2029.0332,2017.5045540832327,-166.70480608323282
2024-11-15 11:00:00,1856.834532,1995.6793,2020.0768,2007.0236675321687,-150.18913553216862
2024-11-15 12:00:00,1990.388099,1993.564,2018.0376,2004.943729531677,-14.555630531677025
2024-11-15 13:00:00,2003.183973,2004.8248,2021.426,2012.5440634610454,-9.360090461045502
2024-11-15 14:00:00,2163.663814,2022.0234,2033.8418,2027.5187454387612,136.14506856123876
2024-11-15 15:00:00,2091.080775,2064.4773,2053.5457,2059.39429400744,31.686480992560064
2024-11-15 16:00:00,1916.300033,2083.625,2079.3635,2081.6434969411857,-165.34346394118575
2024-11-15 17:00:00,2153.212192,2118.1992,2107.376,2113.1666210070407,40.045570992959256
2024-11-15 18:00:00,2142.549733,2136.9875,2132.809,2135.0446427925135,7.505090207486319
2024-11-15 19:00:00,2065.879636,2160.4382,2157.5745,2159.106635121394,-93.22699912139387
2024-11-15 20:00:00,2205.723491,2160.2239,2174.568,2166.893669603802,38.829821396197985
2024-11-15 21:00:00,2277.062627,2206.5142,2179.1472,2193.7890621684082,83.27356483159156
2024-11-15 22:00:00,2117.924735,2226.0552,2188.1294,2208.4204229214147,-90.49568792141463
2024-11-15 23:00:00,2115.590711,2191.4697,2189.6318,2190.615143060538,-75.02443206053795
2024-11-16 00:00:00,1963.949771,1947.9161,2185.4624,2058.370544480994,-94.42077348099383
2024-11-16 01:00:00,2064.133716,1955.648,2093.5708,2019.779400723878,44.354315276121724
2024-11-16 02:00:00,1932.608311,1942.658,2005.9978,1972.1097581008887,-39.501447100888754
2024-11-16 03:00:00,1896.685279,1894.3104,1939.8779,1915.498430972596,-18.81315197259596
2024-11-16 04:00:00,2051.360138,1855.8158,1887.1206,1870.3719253149325,180.98821268506754
2024-11-16 05:00:00,1802.636813,1895.5286,1848.1967,1873.5201445008538,-70.88333150085373
2024-11-16 06:00:00,1763.129409,1787.6611,1819.6841,1802.5511832400234,-39.421774240023524
2024-11-16 07:00:00,1792.282252,1808.0306,1793.3787,1801.2177542102704,-8.935502210270442
2024-11-16 08:00:00,1932.499667,1788.3179,1773.1193,1781.25081290573,151.24885409426997
2024-11-16 09:00:00,1853.710794,1772.0829,1757.0646,1765.099662558976,88.6111314410241
2024-11-16 10:00:00,1605.769089,1745.4885,1750.2135,1747.6855474157614,-141.91645841576155
2024-11-16 11:00:00,1622.141135,1719.7804,1750.156,1733.904465305754,-111.76333030575393
2024-11-16 12:00:00,1731.353453,1740.3662,1755.1626,1747.2462438439734,-15.892790843973444
2024-11-16 13:00:00,1895.309511,1775.3386,1766.0647,1771.026427389922,124.28308361007794
2024-11-16 14:00:00,1794.187348,1814.0225,1781.6246,1798.9580995419556,-4.770751541955633
2024-11-16 15:00:00,1936.279703,1818.1115,1805.3004,1812.154567267314,124.12513573268598
2024-11-16 16:00:00,1837.302462,1833.4567,1831.7257,1832.6518035846373,4.650658415362841
2024-11-16 17:00:00,1709.929283,1886.4595,1860.635,1874.451598176033,-164.5223151760331
2024-11-16 18:00:00,1854.012797,1839.0757,1893.5839,1864.4209297225198,-10.408132722519667
2024-11-16 19:00:00,1829.464661,1889.7192,1919.6382,1903.6309676912506,-74.16630669125061
2024-11-16 20:00:00,1998.841819,1934.3827,1944.7034,1939.1816059012876,59.66021309871235
2024-11-16 21:00:00,1967.136441,1988.7327,1964.0637,1977.2620848025158,-10.125643802515697
2024-11-16 22:00:00,1990.349096,1958.2773,1985.179,1970.7860713665955,19.56302463340444
2024-11-16 23:00:00,1963.162834,1972.4387,1997.4471,1984.067152389066,-20.90431838906602
2024-11-17 00:00:00,1941.816929,1977.8583,2010.5458,1993.0573300216424,-51.240401021642356
2024-11-17 01:00:00,2040.395527,1988.0659,1998.2194,1992.787071790663,47.60845520933685
2024-11-17 02:00:00,1956.285747,1960.1716,1977.0232,1968.0072806520757,-11.721533652075777
2024-11-17 03:00:00,1934.120697,1903.2888,1949.039,1924.5617379783284,9.558959021671626
2024-11-17 04:00:00,1916.426168,1890.8478,1916.2753,1902.671068213097,13.755099786902974
2024-11-17 05:00:00,1967.585636,1810.5104,1882.7874,1844.1177690044187,123.46786699558129
2024-11-17 06:00:00,1862.879941,1802.0728,1847.3698,1823.1349791867815,39.744961813218424
2024-11-17 07:00:00,1571.840881,1781.2202,1814.7749,1796.822493870013,-224.9816128700129
2024-11-17 08:00:00,1697.822377,1727.4434,1785.4536,1754.4170025606109,-56.59462556061089
2024-11-17 09:00:00,1710.989244,1726.0007,1759.6201,1741.6330944221045,-30.64385042210438
2024-11-17 10:00:00,1708.296248,1745.2415,1739.9287,1742.7711320725189,-34.47488407251876
2024-11-17 11:00:00,1701.551831,1770.1656,1726.0947,1749.673524870361,-48.121693870361014
2024-11-17 12:00:00,1815.062976,1708.7097,1725.0707,1716.3172468303842,98.74572916961574
2024-11-17 13:00:00,1710.40655,1797.9846,1728.9155,1765.8688307785546,-55.462280778554714
2024-11-17 14:00:00,1715.644353,1736.3905,1750.8478,1743.1128556443136,-27.46850264431373
2024-11-17 15:00:00,1793.737761,1764.3805,1777.9335,1770.682365367096,23.055395632904037
2024-11-17 16:00:00,1750.103494,1835.6058,1805.7958,1821.744735763726,-71.64124176372616
2024-11-17 17:00:00,1894.551973,1830.207,1833.3267,1831.657598198469,62.89437480153106
2024-11-17 18:00:00,1920.133854,1873.4576,1862.1117,1868.1819961330852,51.95185786691468
2024-11-17 19:00:00,1849.368802,1864.0109,1896.2965,1879.0230629117057,-29.654260911705705
2024-11-17 20:00:00,1982.100675,1937.1573,1928.5033,1933.1333819226556,48.967293077344266
2024-11-17 21:00:00,1840.561433,1921.3788,1961.7194,1940.1363698527416,-99.57493685274153
2024-11-17 22:00:00,1920.125172,1978.6371,1993.0276,1985.328389776017,-65.20321777601703
2024-11-17 23:00:00,1995.237644,1974.1171,2017.6749,1994.3706263138015,0.867017686198551
2024-11-18 00:00:00,2284.310757,2224.035,2034.9701,2136.1234372869885,148.18731971301168
2024-11-18 01:00:00,2135.275321,2215.1191,2112.9731,2167.623233161393,-32.34791216139274
2024-11-18 02:00:00,2233.007604,2153.4421,2170.6047,2161.422413780928,71.58519021907205
2024-11-18 03:00:00,2153.227928,2161.013,2178.5999,2169.1905134631356,-15.962585463135838
2024-11-18 04:00:00,2130.621573,2086.6443,2164.9504,2123.0551295092705,7.566443490729398
2024-11-18 05:00:00,2137.880537,2109.977,2129.4583,2119.035431564869,18.84510543513079
2024-11-18 06:00:00,2085.315168,2065.2754,2089.367,2076.4774954855397,8.837672514460337
2024-11-18 07:00:00,2084.068828,2034.7216,2051.0356,2042.3072916846531,41.7615363153468
2024-11-18 08:00:00,1942.871651,2066.5142,2019.8425,2044.8127568194222,-101.94110581942232
2024-11-18 09:00:00,2165.757018,1977.3511,2000.5966,1988.1597732442672,177.59724475573262
2024-11-18 10:00:00,2004.313095,2003.6964,1984.5541,1994.7955970203839,9.51749797961611
2024-11-18 11:00:00,1902.534799,2023.4011,1980.6577,2003.5262670727698,-100.99146807276975
2024-11-18 12:00:00,1897.510804,1962.8982,1985.7429,1973.5205482272845,-76.0097442272845
2024-11-18 13:00:00,2032.200966,1969.5449,1997.1489,1982.380248420281,49.82071757971903
2024-11-18 14:00:00,1887.806196,2039.0546,2011.8792,2026.4185243968527,-138.61232839685272
2024-11-18 15:00:00,2050.617143,2038.0906,2038.3457,2038.209205257894,12.407937742106014
2024-11-18 16:00:00,2247.015891,2073.357,2066.4797,2070.1591702214364,176.8567207785636
2024-11-18 17:00:00,1964.066271,2125.158,2098.352,2112.6937314651186,-148.6274604651187
2024-11-18 18:00:00,2127.987126,2094.5176,2132.0886,2111.9873854709735,15.99974052902644
2024-11-18 19:00:00,2211.805877,2146.3215,2158.3499,2151.914468906457,59.89140809354285
2024-11-18 20:00:00,2212.869947,2193.6733,2186.2725,2190.232074663292,22.637872336707915
2024-11-18 21:00:00,2239.583509,2195.5764,2209.7988,2202.1895618587196,37.39394714128048
2024-11-18 22:00:00,2179.73496,2197.1814,2223.8506,2209.582052436004,-29.847092436004004
2024-11-18 23:00:00,2222.383697,2236.2493,2230.7493,2233.691874229001,-11.308177229000648
2024-11-19 00:00:00,2251.957546,2226.9092,2235.8113,2231.0484833846376,20.909062615362473
2024-11-19 01:00:00,2279.452058,2205.6362,2231.7312,2217.7698858363437,61.682172163656105
2024-11-19 02:00:00,2075.34633,2185.6345,2217.3613,2200.386871355591,-125.04054135559136
2024-11-19 03:00:00,2268.367479,2154.2249,2190.155,2170.931688529414,97.4357904705862
2024-11-19 04:00:00,2292.420069,2141.7432,2157.7036,2149.1644634590575,143.25560554094227
2024-11-19 05:00:00,2093.947807,2104.476,2125.535,2114.268025484527,-20.320218484526777
2024-11-19 06:00:00,2017.989761,2080.7703,2093.711,2086.787426068463,-68.79766506846295
2024-11-19 07:00:00,2016.409159,2043.9077,2058.7776,2050.821917467823,-34.41275846782287
2024-11-19 08:00:00,1985.009065,2027.3906,2031.3093,2029.2127450571197,-44.203680057119755
2024-11-19 09:00:00,1930.264633,2022.2799,2010.8752,2016.9769600402024,-86.71232704020235
2024-11-19 10:00:00,1949.699127,1989.6423,2001.3293,1995.0765678099515,-45.377440809951395
2024-11-19 11:00:00,1902.114463,1964.601,1997.3983,1979.8510900983074,-77.73662709830751
2024-11-19 12:00:00,2078.67385,1996.5892,2000.254,1998.2932919728207,80.3805580271794
2024-11-19 13:00:00,2003.510547,2019.6975,2012.3376,2016.2753160554553,-12.76476905545519
2024-11-19 14:00:00,2146.146741,2037.4664,2034.9359,2036.2897890596737,109.85695194032633
2024-11-19 15:00:00,2066.269851,2070.929,2062.9026,2067.196849975772,-0.9269989757717667
2024-11-19 16:00:00,2040.98631,2092.9563,2096.913,2094.7961281076555,-53.809818107655474
2024-11-19 17:00:00,1936.058075,2080.3728,2130.56,2103.7089035244785,-167.65082852447858
2024-11-19 18:00:00,2041.658037,2110.1646,2158.703,2132.7339330575046,-91.07589605750468
2024-11-19 19:00:00,2203.751573,2138.456,2181.988,2158.6975823820276,45.05399061797243
2024-11-19 20:00:00,2165.368379,2177.476,2200.1116,2188.001141884058,-22.63276288405814
2024-11-19 21:00:00,2178.448682,2198.0847,2217.1833,2206.965210711794,-28.516528711793853
2024-11-19 22:00:00,2254.159426,2210.907,2228.195,2218.9456071483573,35.21381885164283
2024-11-19 23:00:00,2310.265099,2214.3013,2231.9644,2222.5142619860817,87.7508370139185
2024-11-20 00:00:00,2262.033047,2209.4775,2229.4424,2218.7608042666016,43.27224273339834
2024-11-20 01:00:00,2274.90543,2219.7195,2220.314,2219.9959052203976,54.90952477960218
2024-11-20 02:00:00,2175.587207,2204.5535,2206.71,2205.5561947555407,-29.96898775554064
2024-11-20 03:00:00,2304.440864,2155.1738,2184.3423,2168.7365950369885,135.7042689630116
2024-11-20 04:00:00,2215.920084,2142.8901,2156.1584,2149.059643836331,66.86044016366895
2024-11-20 05:00:00,2181.240632,2105.7764,2128.1929,2116.199606823948,65.04102517605179
2024-11-20 06:00:00,2041.43583,2039.2413,2098.8555,2066.960750146152,-25.524920146152
2024-11-20 07:00:00,2115.238547,2034.2275,2068.59,2050.205457941047,65.03308905895301
2024-11-20 08:00:00,2030.763324,2032.2688,2041.7925,2036.6971261166545,-5.933802116654533
2024-11-20 09:00:00,1868.910225,1999.7834,2025.9087,2011.931179194622,-143.02095419462194
2024-11-20 10:00:00,1970.359619,1983.9904,2014.1465,1998.0123711730807,-27.65275217308067
2024-11-20 11:00:00,1953.742784,1986.6398,2007.6693,1996.418099294812,-42.67531529481198
2024-11-20 12:00:00,1820.669332,1987.7906,2014.8383,2000.3672623832317,-179.69793038323178
2024-11-20 13:00:00,1919.719492,1965.443,2025.814,1993.514324337482,-73.79483233748215
2024-11-20 14:00:00,2028.890175,2025.4473,2042.45,2033.3531847040604,-4.463009704060369
2024-11-20 15:00:00,2021.95049,2070.0286,2066.5645,2068.4178198583663,-46.467329858366384
2024-11-20 16:00:00,2065.044964,2058.8223,2094.4495,2075.3882215041003,-10.343257504100166
2024-11-20 17:00:00,2152.490858,2120.7524,2115.2715,2118.203902668331,34.286955331669105
2024-11-20 18:00:00,2186.98311,2108.2695,2142.2563,2124.0727418382285,62.91036816177166
2024-11-20 19:00:00,2216.063645,2145.8193,2164.1926,2154.3625599820243,61.701085017975856
2024-11-20 20:00:00,2107.478114,2158.4607,2183.8577,2170.2697931701,-62.7916791701
2024-11-20 21:00:00,2353.579866,2199.749,2204.1362,2201.7889896344004,151.79087636559962
2024-11-20 22:00:00,2168.543576,2218.4834,2211.5757,2215.2714449831265,-46.72786898312643
2024-11-20 23:00:00,2142.724115,2196.6113,2219.8523,2207.417927018372,-64.69381201837223
2024-11-21 00:00:00,2279.600736,2218.6519,2221.3677,2219.9146592514053,59.68607674859459
2024-11-21 01:00:00,2354.192303,2227.0723,2209.7605,2219.0226293948394,135.16967360516037
2024-11-21 02:00:00,2069.286808,2189.1245,2197.5168,2193.0267842851626,-123.73997628516281
2024-11-21 03:00:00,2140.3958,2165.9705,2178.0051,2171.566346224775,-31.17054622477508
2024-11-21 04:00:00,2196.139573,2147.6536,2145.394,2146.602930777426,49.536642222573846
2024-11-21 05:00:00,2192.042032,2102.5676,2115.0852,2108.3880580520376,83.65397394796219
2024-11-21 06:00:00,1957.444968,2076.0298,2087.945,2081.5701607956325,-124.12519279563253
2024-11-21 07:00:00,2059.094597,2067.3362,2061.9883,2064.8495116604863,-5.75491466048652
2024-11-21 08:00:00,1976.014924,1981.2874,2036.2635,2006.8502187428621,-30.83529474286206
2024-11-21 09:00:00,2018.256389,2028.2594,2014.2767,2021.7577308556286,-3.5013418556286524
2024-11-21 10:00:00,1971.60689,1974.0173,2002.474,1987.249131422404,-15.642241422403913
2024-11-21 11:00:00,2007.50039,1984.5364,1995.9152,1989.8272909498985,17.673099050101428
2024-11-21 12:00:00,1933.427691,2004.9369,2000.7482,2002.9892157452537,-69.56152474525356
2024-11-21 13:00:00,1949.494215,1999.964,2015.0654,2006.9858662245545,-57.491651224554516
2024-11-21 14:00:00,1989.644218,2024.9362,2033.9004,2029.1043519307739,-39.460133930773964
2024-11-21 15:00:00,2053.14899,2050.728,2057.1548,2053.7163451048627,-0.5673551048625995
2024-11-21 16:00:00,2110.675977,2055.5537,2085.6096,2069.5291254357844,41.14685156421547
2024-11-21 17:00:00,2164.701287,2114.1868,2111.9104,2113.128300977129,51.57298602287074
2024-11-21 18:00:00,1980.560609,2115.0728,2137.8804,2125.677853634375,-145.11724463437486
2024-11-21 19:00:00,2010.815829,2186.3948,2163.965,2175.965405638727,-165.14957663872724
2024-11-21 20:00:00,2099.585541,2175.165,2182.826,2178.727203742106,-79.14166274210629
2024-11-21 21:00:00,2097.736438,2186.03,2191.47,2188.559496564506,-90.82305856450603
2024-11-21 22:00:00,2113.261898,2211.4443,2191.8452,2202.3311246768017,-89.06922667680146
2024-11-21 23:00:00,2010.804478,2210.532,2190.9495,2201.4264905658174,-190.62201256581739
2024-11-22 00:00:00,2214.184495,2186.179,2187.6523,2186.8640522399664,27.32044276003353
2024-11-22 01:00:00,2049.426734,2202.3362,2173.6384,2188.9922825543244,-139.56554855432432
2024-11-22 02:00:00,2224.277637,2145.6216,2155.9043,2150.4028450407677,73.87479195923243
2024-11-22 03:00:00,2041.31152,2157.8472,2130.333,2145.0536170250525,-103.74209702505254
2024-11-22 04:00:00,2083.646149,2074.6716,2105.1875,2088.860918274463,-5.214769274462924
2024-11-22 05:00:00,2181.535901,2097.2498,2075.8367,2087.2930861210493,94.24281487895087
2024-11-22 06:00:00,2242.31865,2024.2983,2048.0657,2035.349689272488,206.96896072751224
2024-11-22 07:00:00,1993.033944,2098.6116,2023.4193,2063.6486290787716,-70.61468507877157
2024-11-22 08:00:00,2045.423268,2034.3033,2006.7131,2021.4744320983723,23.948835901627717
2024-11-22 09:00:00,1818.321264,1992.9746,1992.2853,1992.6540838014357,-174.3328198014358
2024-11-22 10:00:00,2087.949606,1930.7461,1980.8486,1954.0428028723056,133.9068031276945
2024-11-22 11:00:00,1890.99085,1980.2631,1971.245,1976.0698355144727,-85.07898551447283
2024-11-22 12:00:00,1937.773417,1935.2944,1971.1428,1951.963239187619,-14.189822187618802
2024-11-22 13:00:00,2213.344067,1958.695,1980.1403,1968.6666007540432,244.6774662459568
2024-11-22 14:00:00,2043.858538,2058.6475,1997.2343,2030.0915100815782,13.767027918421718
2024-11-22 15:00:00,1976.586731,2039.5175,2027.9368,2034.132660475007,-57.545929475006915
2024-11-22 16:00:00,2046.823853,2023.7126,2056.7805,2039.088565321622,7.735287678378199
2024-11-22 17:00:00,2210.507955,2124.0117,2082.6511,2104.779843774183,105.72811122581697
2024-11-22 18:00:00,2170.792987,2138.3574,2109.3965,2124.891147521017,45.901839478982765
2024-11-22 19:00:00,2210.977513,2134.289,2136.594,2135.360811017804,75.61670198219599
2024-11-22 20:00:00,2136.935167,2170.4805,2162.379,2166.7133992854515,-29.778232285451395
2024-11-22 21:00:00,2319.6226,2206.8865,2175.5862,2192.332445325025,127.29015467497493
2024-11-22 22:00:00,2229.375722,2218.5051,2189.0996,2204.8321314836967,24.54359051630354
2024-11-22 23:00:00,2082.309804,2198.7048,2192.1582,2195.6607775809316,-113.35097358093162
2024-11-23 00:00:00,2004.952225,1972.2034,2184.7646,2071.0402422233874,-66.0880172233874
2024-11-23 01:00:00,1960.380736,1956.5098,2097.911,2022.2585459229624,-61.87780992296234
2024-11-23 02:00:00,1957.904929,1963.1996,2018.5105,1988.9180870082052,-31.01315800820521
2024-11-23 03:00:00,1854.114293,1894.0476,1953.7504,1921.8082325585158,-67.6939395585157
2024-11-23 04:00:00,2055.940957,1893.173,1900.7155,1896.6800807940274,159.2608762059724
2024-11-23 05:00:00,1663.851137,1877.6365,1860.3965,1869.6202134522186,-205.76907645221854
2024-11-23 06:00:00,1816.894415,1794.2091,1832.3987,1811.966518374472,4.927896625528092
2024-11-23 07:00:00,1764.48315,1798.1669,1806.7539,1802.159675407141,-37.67652540714107
2024-11-23 08:00:00,1685.524445,1810.9673,1786.0883,1799.399019418242,-113.87457441824199
2024-11-23 09:00:00,1617.043432,1751.0132,1772.5161,1761.0116289336593,-143.96819693365933
2024-11-23 10:00:00,1775.286275,1740.8351,1760.5854,1750.0186203151984,25.267654684801528
2024-11-23 11:00:00,1618.639946,1708.2554,1752.8475,1728.989862239031,-110.34991623903102
2024-11-23 12:00:00,1718.9358,1755.1119,1750.292,1752.870756916056,-33.93495691605608
2024-11-23 13:00:00,1886.664327,1745.8527,1752.7904,1749.0785776279326,137.5857493720673
2024-11-23 14:00:00,1692.485293,1806.7979,1767.9889,1788.7524377278573,-96.26714472785739
2024-11-23 15:00:00,1827.446568,1761.3822,1792.3806,1775.7958631410531,51.65070485894694
2024-11-23 16:00:00,1839.381025,1842.8372,1818.1162,1831.3423970901863,8.038627909813613
2024-11-23 17:00:00,1877.096763,1862.6917,1846.5814,1855.200706071318,21.8960569286819
2024-11-23 18:00:00,1788.146186,1867.9622,1873.86,1870.7045334619793,-82.55834746197934
2024-11-23 19:00:00,1910.576,1879.5013,1900.5094,1889.269681742667,21.306318257333032
2024-11-23 20:00:00,1974.613654,1959.1115,1921.592,1941.6656524681837,32.94800153181632
2024-11-23 21:00:00,2043.92206,1941.1809,1943.0679,1942.0583093570394,101.86375064296067
2024-11-23 22:00:00,1898.457962,1992.8292,1960.468,1977.7818903357397,-79.32392833573977
2024-11-23 23:00:00,1936.47869,1965.248,1976.5394,1970.4983204767545,-34.01963047675463
2024-11-24 00:00:00,1904.214341,1990.4573,1986.6234,1988.674603761631,-84.46026276163093
2024-11-24 01:00:00,1986.014246,1962.5704,1972.3276,1967.1073443667626,18.90690163323734
2024-11-24 02:00:00,2030.382983,1964.069,1949.199,1957.1547103421613,73.22827265783872
2024-11-24 03:00:00,1856.254216,1936.3602,1921.1857,1929.3043530888306,-73.05013708883052
2024-11-24 04:00:00,1904.507551,1885.6318,1892.7991,1888.9644618497089,15.543089150291053
2024-11-24 05:00:00,1815.858655,1843.5345,1862.0452,1852.1416253122306,-36.282970312230646
2024-11-24 06:00:00,1963.32582,1785.9849,1831.0171,1806.9239754098317,156.40184459016837
2024-11-24 07:00:00,1846.854335,1776.2521,1802.0819,1788.2624471299719,58.59188787002813
2024-11-24 08:00:00,1660.954067,1752.5748,1777.1829,1764.0170869108806,-103.06301991088071
2024-11-24 09:00:00,1691.663538,1763.4956,1753.2352,1758.7247295992997,-67.06119159929972
2024-11-24 10:00:00,1718.858351,1710.3911,1735.2244,1721.9380938961685,-3.0797428961684545
2024-11-24 11:00:00,1730.927264,1721.2883,1726.5005,1723.7118825732623,7.215381426737622
2024-11-24 12:00:00,1687.869754,1758.6492,1727.7074,1744.2618457215622,-56.39209172156211
2024-11-24 13:00:00,1867.528121,1734.5627,1738.0342,1736.1768943550783,131.35122664492178
2024-11-24 14:00:00,1836.151237,1769.7311,1752.4634,1761.701933349896,74.44930365010396
2024-11-24 15:00:00,1873.55445,1829.6045,1770.9156,1802.31531833721,71.23913166278999
2024-11-24 16:00:00,1787.409747,1827.7987,1799.7194,1814.7423547912447,-27.332607791244754
2024-11-24 17:00:00,1919.873956,1866.8298,1832.7667,1850.9911481909976,68.88280780900232
2024-11-24 18:00:00,1940.303635,1876.4896,1871.5441,1874.1900360851735,66.11359891482653
2024-11-24 19:00:00,1901.107399,1900.6144,1911.9413,1905.8811707400846,-4.773771740084612
2024-11-24 20:00:00,2014.380454,1967.1252,1951.2213,1959.7302247760417,54.65022922395838
2024-11-24 21:00:00,1935.946703,1967.9274,1987.4783,1977.018159095106,-41.07145609510599
2024-11-24 22:00:00,1897.525985,1980.8025,2020.1155,1999.0822674643155,-101.55628246431547
2024-11-24 23:00:00,1805.909959,1992.7733,2043.3774,2016.3032527407263,-210.39329374072622
2024-11-25 00:00:00,2325.310221,2173.9253,2057.515,2119.796714109134,205.5135068908662
2024-11-25 01:00:00,2154.205952,2191.0566,2128.4343,2161.9384787178733,-7.7325267178734975
2024-11-25 02:00:00,2058.166997,2184.8008,2175.989,2180.703480195759,-122.53648319575905
2024-11-25 03:00:00,2108.964464,2107.2659,2183.9656,2142.9297456208988,-33.96528162089862
2024-11-25 04:00:00,2112.020941,2122.5063,2164.0916,2141.842661636026,-29.82172063602593
2024-11-25 05:00:00,2125.236665,2070.105,2132.1763,2098.966926254207,26.269738745792893
2024-11-25 06:00:00,2028.484129,2088.14,2095.0713,2091.3628575361768,-62.87872853617682
2024-11-25 07:00:00,2113.974472,2053.953,2059.6436,2056.5989338412082,57.37553815879164
2024-11-25 08:00:00,2025.47534,2011.3828,2027.8239,2019.0275773088338,6.44776269116619
2024-11-25 09:00:00,2134.833374,2022.9054,2003.948,2014.0905732926653,120.74280070733448
2024-11-25 10:00:00,2012.778229,2016.4224,1993.1218,2005.588065347697,7.190163652302999
2024-11-25 11:00:00,2038.124088,1948.5981,1990.2596,1967.9699337161755,70.15415428382448
2024-11-25 12:00:00,2005.483124,2020.2334,1993.5416,2007.8222418251466,-2.339117825146559
2024-11-25 13:00:00,1931.156205,1988.504,2007.4496,1997.3133447836203,-66.15713978362032
2024-11-25 14:00:00,2078.805243,1973.8197,2029.0875,1999.5181677998369,79.28707520016292
2024-11-25 15:00:00,2210.904458,2055.9607,2054.4373,2055.2523244629556,155.6521335370444
2024-11-25 16:00:00,2064.825757,2121.5034,2086.8625,2105.396085541819,-40.57032854181898
2024-11-25 17:00:00,2069.39826,2083.1565,2124.572,2102.4139112641496,-33.01565126414971
2024-11-25 18:00:00,2329.204089,2147.0125,2153.3984,2149.981810983356,179.22227801664394
2024-11-25 19:00:00,2085.965351,2171.9387,2177.7537,2174.6425556991053,-88.67720469910546
2024-11-25 20:00:00,2179.945083,2148.7253,2203.4924,2174.190976581839,5.754106418160973
2024-11-25 21:00:00,2219.995155,2208.7532,2222.956,2215.3572380187015,4.637916981298531
2024-11-25 22:00:00,2260.445927,2218.6646,2232.2573,2224.9849268512894,35.46100014871081
2024-11-25 23:00:00,2276.644847,2243.143,2241.9158,2242.572398066138,34.07244893386223
2024-11-26 00:00:00,2147.640529,2208.2048,2242.1558,2223.991357036101,-76.35082803610112
2024-11-26 01:00:00,2100.318417,2201.1023,2236.165,2217.4057910431993,-117.08737404319936
2024-11-26 02:00:00,2178.150846,2164.0688,2219.9797,2190.066326716811,-11.91548071681109
2024-11-26 03:00:00,2210.533105,2173.9583,2191.9253,2182.3125776252714,28.22052737472859
2024-11-26 04:00:00,2086.900954,2143.3872,2163.5408,2152.758223702808,-65.85726970280803
2024-11-26 05:00:00,2219.102242,2105.8296,2133.1365,2118.526761750098,100.57548024990183
2024-11-26 06:00:00,2077.132634,2118.905,2096.9517,2108.697138345765,-31.564504345764817
2024-11-26 07:00:00,1944.444647,2041.3066,2063.2468,2051.5084014606605,-107.06375446066045
2024-11-26 08:00:00,1987.109271,2019.0214,2034.7668,2026.342706763217,-39.2334357632169
2024-11-26 09:00:00,1888.7375,1989.2058,2010.7266,1999.2125428947072,-110.47504289470726
2024-11-26 10:00:00,1920.677629,1980.6451,1995.9498,1987.7615245148218,-67.08389551482173
2024-11-26 11:00:00,1834.077942,1974.3368,1990.0966,1981.6647774091207,-147.5868354091208
2024-11-26 12:00:00,1955.956531,1998.5414,1992.9564,1995.944483298359,-39.987952298359005
2024-11-26 13:00:00,2142.779102,1981.8793,2006.5734,1993.361546301664,149.41755569833595
2024-11-26 14:00:00,1998.342189,2023.3104,2026.7491,2024.9093632511726,-26.567174251172673
2024-11-26 15:00:00,2115.927587,2080.941,2055.0874,2068.9195345304124,47.00805246958771
2024-11-26 16:00:00,2216.173849,2099.0322,2087.4954,2093.6678079406574,122.50604105934235
2024-11-26 17:00:00,2052.233268,2104.941,2117.4465,2110.7557865554954,-58.52251855549548
2024-11-26 18:00:00,2018.954433,2101.8577,2146.194,2122.4732442732457,-103.51881127324555
2024-11-26 19:00:00,2140.064754,2135.5747,2172.0632,2152.5411637864026,-12.476409786402655
2024-11-26 20:00:00,2265.506592,2178.6453,2194.5264,2186.029668855078,79.47692314492224
2024-11-26 21:00:00,2126.223253,2194.7698,2214.7617,2204.0656413875954,-77.84238838759529
2024-11-26 22:00:00,2240.550417,2233.7405,2227.817,2230.986126827512,9.564290172487745
2024-11-26 23:00:00,2096.090925,2211.2764,2235.7874,2222.673500535868,-126.58257553586782
2024-11-27 00:00:00,2284.798482,2195.7617,2238.7812,2215.7649665865815,69.03351541341863
2024-11-27 01:00:00,2136.443702,2219.6736,2224.2322,2221.7932416821222,-85.34953968212221
2024-11-27 02:00:00,2330.460749,2222.7656,2206.7893,2215.336946760771,115.12380223922901
2024-11-27 03:00:00,2196.248437,2203.3687,2180.2183,2192.604169613931,3.6442673860692594
2024-11-27 04:00:00,2160.002841,2159.5032,2156.7568,2158.22617996341,1.7766610365902125
2024-11-27 05:00:00,2079.720158,2122.1174,2127.2336,2124.4963705177665,-44.77621251776645
2024-11-27 06:00:00,1958.943354,2058.5664,2095.4841,2075.7324323192397,-116.7890783192397
2024-11-27 07:00:00,2060.043577,2045.6184,2060.7712,2052.6641812680555,7.379395731944442
2024-11-27 08:00:00,1998.346553,2000.2108,2029.1517,2013.667781089839,-15.321228089838996
2024-11-27 09:00:00,2015.48381,1973.2518,2006.0941,1988.5228568053494,26.96095319465053
2024-11-27 10:00:00,1938.575843,1963.4524,1990.2802,1975.9267801961362,-37.3509371961361
2024-11-27 11:00:00,2008.723762,1988.594,1987.8639,1988.254510617429,20.469251382570974
2024-11-27 12:00:00,2032.43046,1985.61,1994.5453,1989.7647278579814,42.66573214201867
2024-11-27 13:00:00,1966.696689,1998.5305,2009.9512,2003.8409003674844,-37.14421136748433
2024-11-27 14:00:00,2036.119893,2017.1987,2034.3252,2025.162204520644,10.957688479355966
2024-11-27 15:00:00,2070.263684,2049.5154,2062.8462,2055.713949265014,14.549734734986032
2024-11-27 16:00:00,1939.116114,2109.934,2091.7952,2101.499837816944,-162.38372381694398
2024-11-27 17:00:00,2174.697507,2120.4688,2122.7588,2121.533573757759,53.163933242241
2024-11-27 18:00:00,2013.206374,2136.256,2147.8215,2141.6338040542755,-128.42743005427542
2024-11-27 19:00:00,2051.041507,2186.267,2175.5486,2181.2831924624197,-130.2416854624198
2024-11-27 20:00:00,2259.24348,2172.0735,2192.8523,2181.7352294009224,77.50825059907766
2024-11-27 21:00:00,2269.580879,2237.9014,2203.594,2221.949103977317,47.63177502268309
2024-11-27 22:00:00,2172.715607,2228.326,2217.4624,2223.274599083097,-50.55899208309711
2024-11-27 23:00:00,2341.813512,2202.0547,2223.0745,2211.8284754607403,129.9850365392599
2024-11-28 00:00:00,2258.725296,2205.6628,2222.5786,2213.528347522229,45.196948477771
2024-11-28 01:00:00,2098.222512,2220.296,2216.1216,2218.3549222530482,-120.13241025304842
2024-11-28 02:00:00,2129.090663,2132.7349,2199.2083,2163.643700023652,-34.553037023651996
2024-11-28 03:00:00,2166.738889,2141.2612,2167.817,2153.609099315117,13.129789684883235
2024-11-28 04:00:00,1998.107456,2121.9592,2139.5393,2130.1336239472544,-132.0261679472544
2024-11-28 05:00:00,1922.912534,2046.9642,2107.5454,2075.1333058570845,-152.2207718570844
2024-11-28 06:00:00,1955.710423,2010.6362,2072.8464,2039.5627695077426,-83.8523465077426
2024-11-28 07:00:00,2190.271831,2052.9866,2040.3721,2047.1210734660908,143.1507575339092
2024-11-28 08:00:00,1969.776572,2053.8628,2017.5507,2036.9783548879022,-67.20178288790225
2024-11-28 09:00:00,2055.911394,2004.5261,2002.6669,2003.6616064874709,52.24978751252934
2024-11-28 10:00:00,2024.8433,1978.4692,1992.0059,1984.7635046002995,40.079795399700515
2024-11-28 11:00:00,1889.134533,1979.1962,1987.4667,1983.0417927510184,-93.9072597510185
2024-11-28 12:00:00,1983.492047,1958.4015,1991.6514,1973.8620377444636,9.630009255536379
2024-11-28 13:00:00,2025.107086,1960.7662,1999.7152,1978.876753282695,46.23033271730492
2024-11-28 14:00:00,2142.581972,2007.7189,2016.4772,2011.791312100785,130.79065989921492
2024-11-28 15:00:00,2051.176782,2065.5376,2039.6018,2053.4779577566796,-2.3011757566796405
2024-11-28 16:00:00,1993.908425,2085.2668,2068.2832,2077.3697812352702,-83.46135623527016
2024-11-28 17:00:00,2081.698478,2110.882,2100.2893,2105.956645834881,-24.25816783488108
2024-11-28 18:00:00,2150.877528,2103.427,2129.9988,2115.7823631628194,35.09516483718062
2024-11-28 19:00:00,2185.199578,2146.9944,2152.3635,2149.4909310428775,35.70864695712271
2024-11-28 20:00:00,2180.204499,2200.411,2169.6653,2186.1147783190418,-5.91027931904182
2024-11-28 21:00:00,2082.101318,2182.1282,2186.4846,2184.153836422309,-102.05251842230882
2024-11-28 22:00:00,2317.142936,2189.835,2196.0095,2192.706011860472,124.4369241395284
2024-11-28 23:00:00,2090.536691,2197.6428,2195.6348,2196.709114866098,-106.17242386609814
2024-11-29 00:00:00,2128.075441,2179.1035,2192.5415,2185.351919598833,-57.27647859883291
2024-11-29 01:00:00,2287.084402,2137.117,2177.6143,2155.9474092938876,131.13699270611232
2024-11-29 02:00:00,2285.902931,2187.0532,2159.445,2174.2159662598087,111.68696474019134
2024-11-29 03:00:00,2387.023448,2165.7222,2138.0662,2152.862661523639,234.16078647636095
2024-11-29 04:00:00,2203.036664,2129.1333,2112.3647,2121.3362480117516,81.70041598824855
2024-11-29 05:00:00,1984.423752,2108.1108,2094.387,2101.7295031811823,-117.30575118118236
2024-11-29 06:00:00,2047.651731,2049.7683,2070.0444,2059.1963145879854,-11.544583587985471
2024-11-29 07:00:00,1927.768562,2028.8936,2045.3823,2036.5605127846752,-108.79195078467524
2024-11-29 08:00:00,2023.412431,1973.4017,2021.3126,1995.679367587545,27.733063412455067
2024-11-29 09:00:00,1824.48455,1974.7849,2000.6576,1986.815206919246,-162.33065691924617
2024-11-29 10:00:00,1812.929575,1971.0422,1987.4335,1978.6638429230375,-165.73426792303735
2024-11-29 11:00:00,1988.74852,1942.2874,1984.2213,1961.7858317531793,26.96268824682079
2024-11-29 12:00:00,2002.648326,1983.1544,1984.0846,1983.5869326464915,19.061393353508493
2024-11-29 13:00:00,2087.652069,2015.3638,1992.7203,2004.8350124446063,82.81705655539395
2024-11-29 14:00:00,2084.289963,2027.4246,2010.9697,2019.7733818209501,64.51658117905004
2024-11-29 15:00:00,1859.017765,2052.8442,2034.4648,2044.2981762203135,-185.28041122031345
2024-11-29 16:00:00,2075.991788,2062.134,2060.4402,2061.3464268884845,14.645361111515285
2024-11-29 17:00:00,2174.367795,2128.2388,2083.656,2107.5086489312434,66.85914606875667
2024-11-29 18:00:00,2121.848482,2150.6453,2113.9517,2133.583449565281,-11.734967565281295
2024-11-29 19:00:00,2148.800148,2189.29,2138.5798,2165.710777026222,-16.910629026222068
2024-11-29 20:00:00,2251.253244,2185.132,2156.2805,2171.716662978244,79.53658102175586
2024-11-29 21:00:00,2169.221253,2235.2764,2172.9968,2206.317588282068,-37.096335282067685
2024-11-29 22:00:00,2237.117536,2200.8623,2183.604,2192.837529481108,44.28000651889215
2024-11-29 23:00:00,2166.419763,2217.5535,2189.3442,2204.4367225441865,-38.01695954418665
2024-11-30 00:00:00,1987.101942,1952.6401,2182.0872,2059.32855248612,-72.22661048611985
2024-11-30 01:00:00,1906.850467,1975.2014,2092.4617,2029.725160280439,-122.87469328043903
2024-11-30 02:00:00,2021.683658,1926.2184,2007.782,1964.1438755480085,57.539782451991414
2024-11-30 03:00:00,1872.735048,1909.2682,1943.5693,1925.2175569100054,-52.482508910005436
2024-11-30 04:00:00,1871.282364,1916.2545,1889.643,1903.8806515248623,-32.59828752486237
2024-11-30 05:00:00,1751.618896,1805.9749,1851.1907,1826.9993331778776,-75.38043717787764
2024-11-30 06:00:00,1720.93852,1776.4264,1816.5476,1795.0819789647717,-74.14345896477175
2024-11-30 07:00:00,1764.628571,1812.1252,1788.9812,1801.363712947874,-36.735141947874126
2024-11-30 08:00:00,1681.700202,1748.1965,1767.5693,1757.2045108152683,-75.50430881526836
2024-11-30 09:00:00,1739.8814,1723.116,1750.3479,1735.7782878616845,4.10311213831551
2024-11-30 10:00:00,1755.062306,1771.1373,1736.8147,1755.1779708503495,-0.11566485034950347
2024-11-30 11:00:00,1720.151639,1719.8314,1732.7361,1725.831838998195,-5.680199998195121
2024-11-30 12:00:00,1712.777323,1755.5455,1735.8088,1746.3683520759396,-33.59102907593956
2024-11-30 13:00:00,1772.898886,1772.0782,1745.762,1759.8416852276218,13.05720077237811
2024-11-30 14:00:00,1930.106198,1784.9949,1763.5026,1775.0013658555226,155.1048321444773
2024-11-30 15:00:00,1850.273124,1825.3656,1783.6265,1805.9577118322522,44.31541216774781
2024-11-30 16:00:00,1839.360031,1859.019,1809.564,1836.0233906274225,3.336640372577449
2024-11-30 17:00:00,1951.935772,1864.9663,1841.692,1854.1442141307684,97.79155786923161
2024-11-30 18:00:00,2010.709966,1899.4164,1874.31,1887.7424283667492,122.96753763325069
2024-11-30 19:00:00,1999.797029,1946.1564,1906.3468,1927.6456938250967,72.15133517490335
2024-11-30 20:00:00,2021.295111,1967.4067,1935.8671,1952.741401993224,68.55370900677599
2024-11-30 21:00:00,1917.343389,1977.151,1963.7136,1970.9028808043709,-53.559491804370964
2024-11-30 22:00:00,1866.934384,1965.6776,1987.6776,1975.907185701185,-108.97280170118506
2024-11-30 23:00:00,1999.173201,2022.6598,2003.6787,2013.8339563202371,-14.660755320237058
2024-12-01 00:00:00,1891.332932,1916.6392,2013.0621,1961.4739731510406,-70.14104115104055
2024-12-01 01:00:00,1930.33286,1858.2451,1999.488,1923.920336100065,6.412523899934968
2024-12-01 02:00:00,1774.336899,1902.7844,1976.2206,1936.930812932936,-162.59391393293618
2024-12-01 03:00:00,1823.741135,1816.1808,1947.0029,1877.0105461046214,-53.26941110462144
2024-12-01 04:00:00,1866.399283,1811.5928,1909.8682,1857.2889244133135,9.110358586686516
2024-12-01 05:00:00,1646.924092,1787.1887,1873.4883,1827.3163429167494,-180.3922509167494
2024-12-01 06:00:00,1692.803517,1754.5375,1838.3209,1793.495153913905,-100.69163691390486
2024-12-01 07:00:00,1704.634421,1737.5251,1807.266,1769.9532869327431,-65.31886593274317
2024-12-01 08:00:00,1510.136984,1678.7151,1777.5955,1724.6925430531896,-214.55555905318965
2024-12-01 09:00:00,1635.877282,1622.8427,1747.737,1680.9161297997239,-45.03884779972395
2024-12-01 10:00:00,1694.289723,1693.2902,1722.5059,1706.8748942918296,-12.58517129182951
2024-12-01 11:00:00,1701.43487,1667.7733,1708.761,1686.8317876027352,14.60308239726487
2024-12-01 12:00:00,1529.226543,1663.64,1701.0592,1681.0392121460823,-151.81266914608227
2024-12-01 13:00:00,1643.897198,1697.6198,1702.3727,1699.829771116866,-55.932573116866024
2024-12-01 14:00:00,1785.67035,1740.6831,1713.5215,1728.053478353006,57.616871646994014
2024-12-01 15:00:00,1734.122409,1757.1892,1734.741,1746.7512116625849,-12.628802662584803
2024-12-01 16:00:00,1806.952247,1759.0803,1762.8948,1760.853969002429,46.098277997570904
2024-12-01 17:00:00,1654.616344,1835.8762,1791.6404,1815.307412955973,-160.69106895597292
2024-12-01 18:00:00,1756.571599,1805.5568,1826.0945,1815.1064041198383,-58.53480511983821
2024-12-01 19:00:00,1795.525672,1827.4489,1855.4021,1840.4465703834346,-44.92089838343463
2024-12-01 20:00:00,1990.334168,1828.9227,1882.3029,1853.7434534277031,136.59071457229697
2024-12-01 21:00:00,1754.17994,1905.0225,1906.5044,1905.7115313223183,-151.53159132231826
2024-12-01 22:00:00,1808.380106,1835.5093,1925.4581,1877.3337495700712,-68.95364357007111
2024-12-01 23:00:00,1954.492622,1915.832,1935.6703,1925.0564359937175,29.43618600628247
2024-12-02 00:00:00,2050.468062,2159.3274,1941.1749,2057.890726181044,-7.422664181044183
2024-12-02 01:00:00,2098.848752,2116.544,2015.0085,2069.331953010743,29.51679898925704
2024-12-02 02:00:00,2136.93918,2103.4375,2063.6704,2084.9465743490114,51.99260565098848
2024-12-02 03:00:00,2123.102903,2072.441,2076.278,2074.2251221266065,48.877780873393476
2024-12-02 04:00:00,1995.159046,2067.4758,2060.1062,2064.0490955416963,-68.89004954169627
2024-12-02 05:00:00,2243.424483,1980.4098,2033.0999,2004.9096478390445,238.51483516095527
2024-12-02 06:00:00,1921.86483,2051.5415,1997.1997,2026.2736221048697,-104.40879210486969
2024-12-02 07:00:00,1984.150859,1943.5553,1963.8627,1952.9978325367017,31.153026463298374
2024-12-02 08:00:00,1921.98631,1908.9786,1933.8993,1920.5662587052498,1.4200512947502375
2024-12-02 09:00:00,1839.205135,1913.588,1909.2509,1911.5713182329903,-72.36618323299035
2024-12-02 10:00:00,1956.321023,1882.0026,1898.274,1889.5684881894726,66.75253481052732
2024-12-02 11:00:00,1877.623869,1909.4935,1896.0552,1903.24495601862,-25.621087018620074
2024-12-02 12:00:00,1991.355591,1941.1464,1907.902,1925.6883680328074,65.66722296719263
2024-12-02 13:00:00,1983.508868,1941.9746,1925.0371,1934.0990003112192,49.40986768878065
2024-12-02 14:00:00,1873.381523,1988.35,1949.2003,1970.1461436751806,-96.7646206751806
2024-12-02 15:00:00,1911.360195,1983.7479,1980.6451,1982.3051907815154,-70.94499578151544
2024-12-02 16:00:00,2039.882884,1994.6566,2015.1489,2004.1851427933582,35.69774120664192
2024-12-02 17:00:00,2020.904884,2032.6976,2046.397,2039.0675596725296,-18.16267567252953
2024-12-02 18:00:00,2069.226213,2056.6262,2074.497,2064.935819236619,4.290393763380962
2024-12-02 19:00:00,2141.791349,2079.0415,2103.3862,2090.361329687557,51.430019312443164
2024-12-02 20:00:00,2000.455027,2115.9338,2123.7178,2119.553216981096,-119.09818998109586
2024-12-02 21:00:00,2102.528431,2186.2605,2145.183,2167.160307032572,-64.63187603257165
2024-12-02 22:00:00,2090.027816,2156.6252,2153.787,2155.305566509074,-65.2777505090744
2024-12-02 23:00:00,2143.025252,2159.966,2157.1064,2158.6363970038046,-15.611145003804722
2024-12-03 00:00:00,2106.941443,2116.2983,2156.6594,2135.0654612519484,-28.1240182519482
2024-12-03 01:00:00,2006.915173,2106.806,2148.0508,2125.9839743877715,-119.06880138777137
2024-12-03 02:00:00,1908.616589,2097.3215,2131.916,2113.4072967053257,-204.79070770532576
2024-12-03 03:00:00,2095.20133,2057.1196,2105.5188,2079.624304408312,15.577025591687743
2024-12-03 04:00:00,2157.454423,2041.4097,2071.0156,2055.1758638971464,102.2785591028537
2024-12-03 05:00:00,2090.652249,2059.3784,2037.7308,2049.3127116398778,41.33953736012245
2024-12-03 06:00:00,1960.689752,2001.3595,2011.9823,2006.2988943543035,-45.60914235430346
2024-12-03 07:00:00,1920.741633,1937.3738,1986.3235,1960.134443879294,-39.39281087929385
2024-12-03 08:00:00,1942.460722,1939.8904,1957.8558,1948.243968647254,-5.783246647253918
2024-12-03 09:00:00,2022.278138,1926.245,1935.8445,1930.708570569553,91.5695674304468
2024-12-03 10:00:00,1916.217817,1930.0573,1919.3192,1925.0642719427142,-8.846454942714217
2024-12-03 11:00:00,1937.403018,1894.8251,1912.7058,1903.1392693622688,34.26374863773117
2024-12-03 12:00:00,1996.984989,1943.0222,1910.5204,1927.909495601671,69.07549339832894
2024-12-03 13:00:00,1923.973826,1988.2878,1921.0227,1957.0108575655165,-33.0370315655166
2024-12-03 14:00:00,1948.44302,1969.3202,1943.5651,1957.34455581591,-8.901535815910165
2024-12-03 15:00:00,2003.926202,2044.8188,1969.3065,2009.7070788887545,-5.780876888754392
2024-12-03 16:00:00,1979.646596,2124.2268,1999.8169,2066.3786099508684,-86.73201395086835
2024-12-03 17:00:00,1912.848552,2073.9023,2037.1152,2056.7970512319753,-143.94849923197535
2024-12-03 18:00:00,2002.12045,2052.087,2072.3713,2061.5187778059303,-59.39832780593042
2024-12-03 19:00:00,2057.293527,2104.6138,2099.5571,2102.262529694289,-44.969002694288974
2024-12-03 20:00:00,2236.280435,2142.9348,2120.724,2132.6072727300875,103.67316226991261
2024-12-03 21:00:00,2173.643221,2119.6814,2139.9873,2129.1232500455753,44.51997095442448
2024-12-03 22:00:00,2218.415723,2153.274,2156.906,2154.9627725876653,63.45295041233476
2024-12-03 23:00:00,2190.122912,2133.0432,2165.7239,2148.2390879666987,41.88382403330115
2024-12-04 00:00:00,2050.949076,2160.8843,2169.8606,2165.058091320457,-114.10901532045727
2024-12-04 01:00:00,2082.990442,2102.6462,2161.5918,2130.054781054951,-47.06433905495123
2024-12-04 02:00:00,2241.239753,2116.9407,2143.6528,2129.3613094152943,111.87844358470556
2024-12-04 03:00:00,2243.5042,2127.1416,2117.8665,2122.8288383022646,120.6753616977353
2024-12-04 04:00:00,1972.819065,2104.3264,2091.8152,2098.5089364537807,-125.68987145378082
2024-12-04 05:00:00,2073.613596,2007.8279,2066.4465,2035.0844175209274,38.5291784790727
2024-12-04 06:00:00,1950.553369,2003.8079,2031.3406,2016.6100398417148,-66.05667084171478
2024-12-04 07:00:00,2062.777671,1993.9541,2001.0415,1997.2496062200407,65.5280647799591
2024-12-04 08:00:00,2010.986565,1935.1139,1975.6099,1953.9437331724646,57.04283182753534
2024-12-04 09:00:00,1732.935969,1942.7178,1956.7903,1949.2612175975178,-216.32524859751788
2024-12-04 10:00:00,1908.66471,1913.6565,1946.5289,1928.9415396923619,-20.276829692361844
2024-12-04 11:00:00,1840.272341,1927.906,1939.9028,1933.4842973980212,-93.21195639802113
2024-12-04 12:00:00,1743.397533,1937.2001,1945.7688,1941.1843644829055,-197.78683148290543
2024-12-04 13:00:00,1913.006789,1913.2794,1957.313,1933.754174828573,-20.747385828572988
2024-12-04 14:00:00,1940.679231,1960.8671,1970.1195,1965.1692712688705,-24.490040268870416
2024-12-04 15:00:00,2071.997364,2043.7155,1987.7201,2017.6786968938602,54.31866710613963
2024-12-04 16:00:00,2109.154412,2015.5405,2015.8325,2015.676298048897,93.47811395110284
2024-12-04 17:00:00,2098.416495,2082.1926,2042.6378,2063.800407512944,34.61608748705612
2024-12-04 18:00:00,2037.049549,2072.4792,2073.741,2073.0659227995507,-36.01637379955059
2024-12-04 19:00:00,2057.188501,2071.5437,2098.4348,2084.047547400242,-26.859046400241823
2024-12-04 20:00:00,2017.236872,2127.383,2121.435,2124.6173528868644,-107.38048088686446
2024-12-04 21:00:00,2127.060028,2182.3345,2139.9944,2162.6471528066454,-35.587124806645534
2024-12-04 22:00:00,2081.291779,2141.7402,2151.3894,2146.226911280959,-64.9351322809589
2024-12-04 23:00:00,2086.614964,2176.2664,2150.6792,2164.3688250197542,-77.75386101975437
2024-12-05 00:00:00,2253.11288,2132.6462,2153.845,2142.5032388363134,110.60964116368677
2024-12-05 01:00:00,2172.823379,2117.4285,2140.9297,2128.3560787100523,44.467300289947616
2024-12-05 02:00:00,2049.181536,2132.567,2125.7046,2129.3760559189814,-80.19451991898131
2024-12-05 03:00:00,2170.236317,2097.942,2100.3823,2099.076647013399,71.15966998660087
2024-12-05 04:00:00,1981.860998,2050.3706,2074.4243,2061.555114627536,-79.694116627536
2024-12-05 05:00:00,2037.274127,2010.2909,2043.7932,2025.868822400136,11.405304599863939
2024-12-05 06:00:00,1922.098989,1985.6375,2010.2435,1997.0788008159411,-74.97981181594105
2024-12-05 07:00:00,2004.246037,1997.9326,1980.4796,1989.817309257567,14.428727742432784
2024-12-05 08:00:00,1884.339954,1963.1487,1959.3177,1961.3673722595088,-77.02741825950875
2024-12-05 09:00:00,1971.270641,1924.6772,1941.6085,1932.5499603807905,38.72068061920959
2024-12-05 10:00:00,2047.243409,1899.291,1926.7539,1912.060727230837,135.18268176916285
2024-12-05 11:00:00,1902.729621,1916.1885,1921.5168,1918.6660648901207,-15.9364438901207
2024-12-05 12:00:00,1878.016439,1880.3147,1926.1128,1901.6099236935765,-23.593484693576556
2024-12-05 13:00:00,2021.893084,1923.8806,1937.0858,1930.0207772622564,91.87230673774366
2024-12-05 14:00:00,1902.620835,1983.1771,1957.2341,1971.1141352645009,-68.49330026450093
2024-12-05 15:00:00,2052.600856,2008.4993,1986.9678,1998.4875403214078,54.113315678592244
2024-12-05 16:00:00,2054.534065,2009.1176,2014.9886,2011.8474984579075,42.68656654209235
2024-12-05 17:00:00,2104.841839,2068.149,2045.9866,2057.843861148195,46.99797785180499
2024-12-05 18:00:00,2093.288443,2053.2886,2073.4983,2062.6857006412984,30.602742358701562
2024-12-05 19:00:00,2076.444841,2075.1025,2101.7783,2087.506260071854,-11.061419071853834
2024-12-05 20:00:00,2081.384618,2111.8735,2123.7654,2117.403012812611,-36.01839481261095
2024-12-05 21:00:00,2143.573157,2110.3818,2137.3655,2122.928706494672,20.644450505327768
2024-12-05 22:00:00,2088.910146,2132.8271,2146.0278,2138.9652103332364,-50.05506433323626
2024-12-05 23:00:00,2203.863895,2139.8987,2150.241,2144.7076436903235,59.15625130967646
2024-12-06 00:00:00,2150.255915,2148.0857,2140.45,2144.5352213073857,5.720693692614532
2024-12-06 01:00:00,2085.808553,2124.978,2130.7576,2127.665401844541,-41.85684884454122
2024-12-06 02:00:00,2010.431388,2116.738,2113.108,2115.0500984682117,-104.6187104682117
2024-12-06 03:00:00,2119.821974,2071.0334,2093.401,2081.433869250121,38.38810474987895
2024-12-06 04:00:00,2057.621957,2050.1748,2067.692,2058.3199117897584,-0.697954789758569
2024-12-06 05:00:00,2012.196427,2005.9584,2041.8735,2022.6582275168528,-10.46180051685269
2024-12-06 06:00:00,1945.286761,1982.9254,2014.3607,1997.5422212464446,-52.2554602464445
2024-12-06 07:00:00,1970.348981,1965.1453,1989.2867,1976.3705835066644,-6.021602506664294
2024-12-06 08:00:00,1925.106363,1939.2764,1964.8613,1951.1728779037126,-26.06651490371246
2024-12-06 09:00:00,1894.574829,1909.1963,1945.6353,1926.1397011243878,-31.564872124387875
2024-12-06 10:00:00,2130.016726,1885.5741,1930.8914,1906.6457441747066,223.37098182529326
2024-12-06 11:00:00,1902.972413,1981.4087,1921.0421,1953.339403604647,-50.36699060464707
2024-12-06 12:00:00,2051.389842,1884.5527,1927.4121,1904.4815126609321,146.9083293390679
2024-12-06 13:00:00,2042.047748,1967.0446,1938.1167,1953.5936633590322,88.45408464096772
2024-12-06 14:00:00,1953.764006,1980.2151,1958.8313,1970.2720406310768,-16.508034631076725
2024-12-06 15:00:00,2041.896524,2009.8871,1986.6389,1999.077137208199,42.81938679180098
2024-12-06 16:00:00,2012.827249,2090.8625,2014.574,2055.3898411333594,-42.56259213335943
2024-12-06 17:00:00,2037.998779,2120.5854,2044.8514,2085.370603695173,-47.37182469517302
2024-12-06 18:00:00,2155.561066,2075.866,2076.2925,2076.0642873837414,79.49677861625878
2024-12-06 19:00:00,2187.418384,2110.2712,2100.685,2105.8138516577874,81.60453234221268
2024-12-06 20:00:00,2017.633572,2095.7803,2119.6147,2106.862841046769,-89.2292690467691
2024-12-06 21:00:00,2194.551778,2096.4727,2134.6267,2114.213550923642,80.33822707635818
2024-12-06 22:00:00,2053.291406,2122.4329,2142.4297,2131.7309977382247,-78.43959173822486
2024-12-06 23:00:00,2190.088457,2157.6555,2148.2615,2153.287469758185,36.80098724181471
2024-12-07 00:00:00,1870.9378,1877.3838,2139.701,1999.3561719353702,-128.41837193537026
2024-12-07 01:00:00,1862.3884,1875.3033,2048.1597,1955.6781831654098,-93.28978316540974
2024-12-07 02:00:00,2015.898183,1867.0032,1963.1637,1911.7159521172023,104.18223088279774
2024-12-07 03:00:00,1831.822294,1887.8021,1895.3693,1891.3206967709566,-59.498402770956545
2024-12-07 04:00:00,1734.812759,1790.4331,1845.0771,1815.8415258428495,-81.02876684284956
2024-12-07 05:00:00,1840.318739,1764.1904,1803.2653,1782.3594675170466,57.959271482953454
2024-12-07 06:00:00,1740.144483,1737.7039,1766.9319,1751.2943233740443,-11.149840374044288
2024-12-07 07:00:00,1743.435369,1762.7468,1742.3044,1753.2415145637037,-9.806145563703694
2024-12-07 08:00:00,1686.433262,1707.0536,1724.5104,1715.1706563672956,-28.737394367295565
2024-12-07 09:00:00,1579.248776,1687.7004,1708.7666,1697.495796338596,-118.24702033859603
2024-12-07 10:00:00,1426.941511,1657.7631,1698.9806,1676.9284133945587,-249.98690239455868
2024-12-07 11:00:00,1596.314388,1674.7318,1696.0865,1684.661349824865,-88.34696182486505
2024-12-07 12:00:00,1598.731426,1658.0613,1694.6466,1675.0727469923208,-76.34132099232079
2024-12-07 13:00:00,1671.587647,1680.6656,1699.9111,1689.614426003853,-18.02677900385288
2024-12-07 14:00:00,1630.960322,1693.4025,1712.379,1702.226199406993,-71.26587740699301
2024-12-07 15:00:00,1673.262461,1704.762,1730.6268,1716.788625039489,-43.526164039489004
2024-12-07 16:00:00,1734.062616,1749.5875,1751.9266,1750.675165823773,-16.61254982377318
2024-12-07 17:00:00,1739.03181,1802.1459,1774.0908,1789.1008180653143,-50.06900806531439
2024-12-07 18:00:00,1941.370647,1814.082,1799.9011,1807.4881839185064,133.8824630814936
2024-12-07 19:00:00,1871.437201,1840.9509,1826.7357,1834.3411307506462,37.096070249353716
2024-12-07 20:00:00,1844.036336,1852.5969,1854.5938,1853.5254092774542,-9.489073277454281
2024-12-07 21:00:00,1764.528756,1839.4396,1879.7416,1858.1792246046432,-93.65046860464327
2024-12-07 22:00:00,1843.079345,1843.1917,1897.2996,1868.3507794031,-25.271434403099875
2024-12-07 23:00:00,1906.051216,1928.7574,1905.639,1918.0078347652416,-11.956618765241501
2024-12-08 00:00:00,1871.461338,1892.9089,1913.9768,1902.7050870769413,-31.243749076941185
2024-12-08 01:00:00,1853.932687,1872.9214,1897.4261,1884.3156252903782,-30.382938290378206
2024-12-08 02:00:00,1819.106939,1825.2621,1873.5234,1847.7026780524184,-28.595739052418367
2024-12-08 03:00:00,1922.910012,1807.1665,1841.5708,1823.1638348170545,99.74617718294553
2024-12-08 04:00:00,1772.796725,1809.5645,1807.47,1808.59055941308,-35.79383441308005
2024-12-08 05:00:00,1838.646253,1747.8132,1776.6655,1761.2289900837254,77.41726291627447
2024-12-08 06:00:00,1708.259707,1720.9542,1744.3511,1731.8333054653458,-23.573598465345867
2024-12-08 07:00:00,1796.539768,1707.1887,1713.697,1710.2149543635014,86.32481363649867
2024-12-08 08:00:00,1690.24947,1712.8444,1686.9127,1700.7866503031519,-10.5371803031519
2024-12-08 09:00:00,1805.034654,1649.0618,1665.1495,1656.5422679970359,148.49238600296417
2024-12-08 10:00:00,1784.789992,1683.8616,1649.5688,1667.9161202948308,116.87387170516922
2024-12-08 11:00:00,1508.338594,1704.371,1645.3126,1676.909984315819,-168.57139031581892
2024-12-08 12:00:00,1595.81898,1650.2217,1649.8225,1650.0360734141593,-54.21709341415931
2024-12-08 13:00:00,1674.252331,1695.547,1655.1083,1676.7437760933544,-2.491445093354514
2024-12-08 14:00:00,1740.344098,1736.5515,1669.1992,1705.234002566154,35.11009543384603
2024-12-08 15:00:00,1768.640129,1752.2456,1694.501,1725.3954727573869,43.24465624261302
2024-12-08 16:00:00,1871.449641,1769.1152,1723.8142,1748.0511360036367,123.39850499636327
2024-12-08 17:00:00,1767.248957,1792.7308,1761.9924,1778.4380734674703,-11.189116467470285
2024-12-08 18:00:00,1757.058404,1811.6605,1800.1193,1806.294060467278,-49.23565646727798
2024-12-08 19:00:00,1712.352412,1807.8296,1839.1406,1822.388614036985,-110.03620203698506
2024-12-08 20:00:00,1909.497807,1802.8339,1874.0955,1835.969122922254,73.528684077746
2024-12-08 21:00:00,1858.664225,1815.3099,1905.2896,1857.1487123524748,1.5155126475251564
2024-12-08 22:00:00,1894.67806,1883.683,1930.2766,1905.3481168855205,-10.67005688552058
2024-12-08 23:00:00,1962.149174,1935.514,1951.102,1942.7621617210389,19.387012278961038
2024-12-09 00:00:00,2173.3842,2159.2646,1971.2743,2071.8527780242707,101.53142197572924
2024-12-09 01:00:00,2116.202962,2115.0354,2046.2126,2083.03415437094,33.168807629059756
2024-12-09 02:00:00,2100.682922,2129.0215,2099.813,2115.4401000753487,-14.757178075348747
2024-12-09 03:00:00,1910.476784,2093.7937,2114.907,2103.610967544046,-193.1341835440462
2024-12-09 04:00:00,1885.954359,2038.7389,2101.3884,2067.8697110618864,-181.91535206188632
2024-12-09 05:00:00,2013.47994,2012.6432,2066.4043,2037.6410613965113,-24.161121396511362
2024-12-09 06:00:00,2070.419749,1982.7712,2026.409,2003.0619791334855,67.35776986651467
2024-12-09 07:00:00,1951.52712,1985.8699,1984.8362,1985.3892265873494,-33.862106587349444
2024-12-09 08:00:00,2151.779655,1934.1095,1952.8267,1942.8126149594857,208.96704004051412
2024-12-09 09:00:00,1868.429403,1976.6682,1929.4875,1954.7301189850418,-86.30071598504173
2024-12-09 10:00:00,2001.243963,1923.0754,1919.3086,1921.323929244334,79.92003375566583
2024-12-09 11:00:00,1922.565208,1942.6222,1914.3097,1929.4574288924337,-6.89222089243367
2024-12-09 12:00:00,1886.138576,1957.2369,1917.7411,1938.8721342749204,-52.73355827492037
2024-12-09 13:00:00,1951.839347,1917.7827,1930.8195,1923.8445476186619,27.994799381338225
2024-12-09 14:00:00,2018.040354,1933.9451,1948.3893,1940.6613477188794,77.37900628112061
2024-12-09 15:00:00,2069.973814,1977.2236,1972.0526,1974.819208547979,95.15460545202086
2024-12-09 16:00:00,2090.052013,2021.1919,2002.9366,2012.7035577241322,77.34845527586776
2024-12-09 17:00:00,1956.436018,2031.0674,2035.482,2033.1201200832538,-76.68410208325372
2024-12-09 18:00:00,1979.91009,2076.126,2069.53,2073.0589889864486,-93.14889898644856
2024-12-09 19:00:00,2206.063194,2065.0254,2097.9858,2080.351360373397,125.71183362660304
2024-12-09 20:00:00,2159.963675,2089.311,2120.492,2103.8095528395825,56.1541221604175
2024-12-09 21:00:00,2118.47628,2134.6558,2138.2751,2136.3387054510285,-17.862425451028685
2024-12-09 22:00:00,2076.532468,2147.7913,2152.7913,2150.1161628102836,-73.58369481028376
2024-12-09 23:00:00,2149.078964,2155.3262,2163.6748,2159.2081242439035,-10.129160243903698
2024-12-10 00:00:00,2233.662934,2124.5066,2163.3848,2142.584188737629,91.07874526237083
2024-12-10 01:00:00,1992.869472,2148.936,2153.1711,2150.9052779841645,-158.03580598416443
2024-12-10 02:00:00,1924.317647,2091.2678,2139.1267,2113.5212765549027,-189.2036295549026
2024-12-10 03:00:00,2102.195212,2124.7432,2110.3313,2118.0419261899788,-15.846714189978684
2024-12-10 04:00:00,2085.830652,2062.4177,2079.9014,2070.5472793816957,15.283372618304384
2024-12-10 05:00:00,2003.770106,2045.0907,2047.1606,2046.0531831281319,-42.283077128131936
2024-12-10 06:00:00,1980.585043,1986.1127,2014.7411,1999.424330118298,-18.83928711829799
2024-12-10 07:00:00,1898.383802,1929.6487,1983.2717,1954.5823586293359,-56.198556629335826
2024-12-10 08:00:00,1998.037143,1911.1174,1953.6309,1930.8853511563286,67.15179184367139
2024-12-10 09:00:00,1861.975995,1940.8116,1931.5052,1936.484351603548,-74.50835660354801
2024-12-10 10:00:00,1966.13547,1928.9054,1921.3397,1925.3875038842323,40.74796611576767
2024-12-10 11:00:00,1876.003294,1900.0923,1920.9669,1909.7985850867146,-33.79529108671454
2024-12-10 12:00:00,2000.798983,1874.8711,1928.1294,1899.6351708779334,101.16381212206647
2024-12-10 13:00:00,1858.262609,1922.5441,1941.8977,1931.5431336234224,-73.28052462342225
2024-12-10 14:00:00,2024.008771,1939.9773,1965.3632,1951.7812295427302,72.22754145726981
2024-12-10 15:00:00,2010.013736,1990.5725,1992.32,1991.3850338643624,18.628702135637695
2024-12-10 16:00:00,1947.048354,2005.6895,2023.2137,2013.8379090866242,-66.7895550866242
2024-12-10 17:00:00,1941.153625,2003.0107,2055.3962,2027.3689829685263,-86.2153579685264
2024-12-10 18:00:00,2215.748692,2049.921,2080.951,2064.3492603551294,151.39943164487067
2024-12-10 19:00:00,2157.925929,2077.2205,2103.7444,2089.5535701454,68.37235885459995
2024-12-10 20:00:00,1958.132799,2086.317,2126.5466,2105.0229418262634,-146.8901428262634
2024-12-10 21:00:00,2138.368076,2131.8176,2147.093,2138.920387387607,-0.5523113876070056
2024-12-10 22:00:00,2208.89707,2119.5469,2154.8943,2135.982736206777,72.9143337932228
2024-12-10 23:00:00,2085.026383,2141.9236,2158.9731,2149.851299029479,-64.82491602947903
2024-12-11 00:00:00,2009.363067,2112.8267,2160.1343,2134.8237848032013,-125.4607178032013
2024-12-11 01:00:00,2116.833344,2112.6548,2140.7485,2125.717834138425,-8.884490138425008
2024-12-11 02:00:00,2348.428211,2118.768,2118.42,2118.6061859501133,229.82202504988663
2024-12-11 03:00:00,2107.402566,2133.0686,2100.6064,2117.9743294270984,-10.571763427098176
2024-12-11 04:00:00,1999.647154,2063.6936,2079.19,2070.899100144219,-71.25194614421912
2024-12-11 05:00:00,2060.022355,2012.2133,2048.3906,2029.0350315144096,30.987323485590423
2024-12-11 06:00:00,1968.454533,1977.2906,2015.068,1994.8563817147597,-26.40184871475958
2024-12-11 07:00:00,1977.357745,1971.7788,1986.2812,1978.5221626298244,-1.1644176298243565
2024-12-11 08:00:00,1905.070528,1969.9598,1963.279,1966.8534028630097,-61.78287486300974
2024-12-11 09:00:00,2037.999015,1885.2611,1946.2767,1913.6321908652858,124.3668241347143
2024-12-11 10:00:00,1967.019881,1923.309,1929.1744,1926.0362937328086,40.9835872671913
2024-12-11 11:00:00,2010.075658,1934.2759,1924.6094,1929.7811420336811,80.29451596631884
2024-12-11 12:00:00,1848.510946,1895.4694,1927.2625,1910.2525310810124,-61.74158508101232
2024-12-11 13:00:00,1980.121241,1914.2157,1939.5726,1926.00618066525,54.11506033475007
2024-12-11 14:00:00,2001.085135,1970.1171,1958.8903,1964.8968180415714,36.188316958428686
2024-12-11 15:00:00,1878.822993,2031.0105,1986.1422,2010.1476150391181,-131.32462203911814
2024-12-11 16:00:00,1862.459565,2011.0145,2017.4438,2014.0040360951934,-151.54447109519333
2024-12-11 17:00:00,2051.658106,2049.07,2046.985,2048.100545192729,3.5575608072708746
2024-12-11 18:00:00,2005.274038,2065.0134,2071.72,2068.131840167811,-62.85780216781086
2024-12-11 19:00:00,2164.283129,2095.5535,2095.631,2095.5895663656347,68.69356263436521
2024-12-11 20:00:00,2107.495733,2085.8418,2117.2993,2100.4689334621216,7.02679953787856
2024-12-11 21:00:00,2302.457564,2118.7563,2131.0774,2124.4853946266985,177.9721693733013
2024-12-11 22:00:00,2172.169811,2142.6062,2135.906,2139.490740275507,32.67907072449316
2024-12-11 23:00:00,2248.504192,2122.911,2141.1597,2131.396217181596,117.10797481840382
2024-12-12 00:00:00,2050.754779,2156.3682,2142.8508,2150.082865875312,-99.32808687531224
2024-12-12 01:00:00,2034.821277,2101.066,2139.9448,2119.1438554714737,-84.32257847147366
2024-12-12 02:00:00,2086.385311,2053.8933,2125.3662,2087.1268232926227,-0.7415122926227014
2024-12-12 03:00:00,2004.266692,2091.1567,2100.3696,2095.4405537740836,-91.17386177408366
2024-12-12 04:00:00,2175.319968,2010.0721,2073.6523,2039.6357037575035,135.68426424249628
2024-12-12 05:00:00,2100.533768,2042.2845,2038.2289,2040.398740753034,60.13502724696582
2024-12-12 06:00:00,1846.531205,1989.6298,2009.5159,1998.8764155345748,-152.3452105345748
2024-12-12 07:00:00,2107.495373,1945.2948,1982.9133,1962.786686918346,144.70868608165415
2024-12-12 08:00:00,1958.213383,1977.5017,1956.925,1967.933961015141,-9.720578015140973
2024-12-12 09:00:00,1913.754063,1915.9708,1939.4084,1926.8688649774776,-13.114801977477555
2024-12-12 10:00:00,1891.166713,1897.1353,1928.3707,1911.6591434563052,-20.4924304563051
2024-12-12 11:00:00,1880.248701,1904.835,1924.5354,1913.9952832706363,-33.74658227063628
2024-12-12 12:00:00,2018.812708,1910.3407,1925.4791,1917.3797735883857,101.43293441161427
2024-12-12 13:00:00,1817.514191,1947.9102,1932.5869,1940.7851457668485,-123.27095476684849
2024-12-12 14:00:00,1899.476023,1916.194,1951.6337,1932.672741741488,-33.196718741487985
2024-12-12 15:00:00,2053.938642,1992.3534,1971.288,1982.5583772311857,71.38026476881441
2024-12-12 16:00:00,1992.984491,1999.9941,1997.6127,1998.8868033813906,-5.9023123813906295
2024-12-12 17:00:00,2041.557787,2050.3105,2028.5789,2040.2057326799713,1.3520543200286284
2024-12-12 18:00:00,2064.606447,2063.549,2053.939,2059.0805586647025,5.525888335297623
2024-12-12 19:00:00,2000.655613,2109.976,2079.326,2095.7243504425996,-95.06873744259974
2024-12-12 20:00:00,2085.410277,2108.119,2099.0693,2103.911026310725,-18.50074931072504
2024-12-12 21:00:00,2100.612694,2096.1785,2114.0488,2104.487838289056,-3.875144289056152
2024-12-12 22:00:00,2178.949952,2131.653,2124.6921,2128.4163752143895,50.53357678561042
2024-12-12 23:00:00,2111.441467,2143.7014,2123.9233,2134.504994113729,-23.063527113728924
2024-12-13 00:00:00,2123.581093,2108.123,2127.7222,2117.2362581356983,6.344834864301447
2024-12-13 01:00:00,2093.960993,2086.6106,2113.007,2098.8844490814686,-4.92345608146843
2024-12-13 02:00:00,2115.043574,2050.6907,2091.4817,2069.65770511238,45.385868887619836
2024-12-13 03:00:00,2009.588634,2095.1582,2066.9822,2082.056897681592,-72.46826368159213
2024-12-13 04:00:00,2019.258345,2032.9062,2041.8794,2037.0785882081727,-17.82024320817277
2024-12-13 05:00:00,2192.050962,1999.132,2016.8136,2007.3535780325365,184.69738396746334
2024-12-13 06:00:00,2008.212917,1990.6567,1989.127,1989.9454178477622,18.26749915223786
2024-12-13 07:00:00,1956.940251,1950.2439,1967.2373,1958.1455017784888,-1.2052507784887894
2024-12-13 08:00:00,1926.585242,1904.8865,1950.8523,1926.2596897283265,0.3255522716735868
2024-12-13 09:00:00,2066.228787,1920.2109,1938.5289,1928.7284491158325,137.5003378841675
2024-12-13 10:00:00,2054.861333,1981.4781,1927.8254,1956.53067966559,98.33065333440982
2024-12-13 11:00:00,1926.562755,1903.5846,1929.5753,1915.6697767738406,10.892978226159357
2024-12-13 12:00:00,1817.749442,1950.0844,1932.3303,1941.829071686568,-124.07962968656807
2024-12-13 13:00:00,1911.961584,1916.7817,1943.6372,1929.2690104937712,-17.307426493771345
2024-12-13 14:00:00,1998.083632,1935.493,1957.1605,1945.5680002545628,52.515631745437304
2024-12-13 15:00:00,1804.010766,2040.7527,1977.0183,2011.1174370494937,-207.10667104949357
2024-12-13 16:00:00,2111.17878,1968.908,2000.8945,1983.7810948340834,127.39768516591676
2024-12-13 17:00:00,2147.58949,2020.944,2021.9263,2021.4007200878996,126.18876991210027
2024-12-13 18:00:00,2049.447321,2063.7417,2048.3752,2056.5965955794018,-7.149274579401663
2024-12-13 19:00:00,2047.10038,2090.2722,2073.8262,2082.6251248145836,-35.52474481458353
2024-12-13 20:00:00,2100.346221,2095.2773,2095.3372,2095.305156310837,5.041064689162795
2024-12-13 21:00:00,2308.078115,2117.1748,2110.473,2114.058549146537,194.0195658534626
2024-12-13 22:00:00,2122.066009,2158.1199,2119.9321,2140.3633125226393,-18.29730352263914
2024-12-13 23:00:00,2233.642148,2120.1748,2127.5742,2123.615388744019,110.02675925598078
2024-12-14 00:00:00,1880.417685,1911.6184,2123.9285,2010.3384685303722,-129.92078353037232
2024-12-14 01:00:00,1768.915078,1866.2275,2039.2269,1946.6689006060433,-177.7538226060433
2024-12-14 02:00:00,1878.52665,1829.3885,1959.8834,1890.0661353364885,-11.539485336488497
2024-12-14 03:00:00,1718.968814,1800.0021,1892.7349,1843.1210234674463,-124.15220946744626
2024-12-14 04:00:00,1835.669373,1778.0098,1839.5287,1806.6148709251765,29.054502074823404
2024-12-14 05:00:00,1752.14957,1802.3857,1793.3765,1798.1966029221685,-46.047032922168455
2024-12-14 06:00:00,1658.746324,1706.5479,1761.5646,1732.1295612187123,-73.38323721871234
2024-12-14 07:00:00,1641.549396,1763.2706,1731.9894,1748.7254552096676,-107.17605920966776
2024-12-14 08:00:00,1755.038654,1726.0634,1707.2703,1717.3249316788497,37.71372232115027
2024-12-14 09:00:00,1680.807209,1707.6702,1691.1858,1700.0052512902664,-19.198042290266358
2024-12-14 10:00:00,1815.847203,1654.4257,1684.1533,1668.248445155338,147.59875784466203
2024-12-14 11:00:00,1730.455706,1686.8153,1678.5767,1682.9844963040273,47.471209695972675
2024-12-14 12:00:00,1663.154667,1680.7693,1681.0156,1680.883829451761,-17.729162451760885
2024-12-14 13:00:00,1773.377332,1670.6097,1690.2194,1679.727833859864,93.64949814013607
2024-12-14 14:00:00,1498.526804,1698.6581,1704.2106,1701.2398813449545,-202.7130773449544
2024-12-14 15:00:00,1588.994173,1702.1398,1723.3666,1712.009823985246,-123.01565098524588
2024-12-14 16:00:00,1787.575295,1726.1957,1743.9476,1734.449992684727,53.125302315273075
2024-12-14 17:00:00,1722.961229,1839.1746,1766.5281,1805.3953540054404,-82.43412500544036
2024-12-14 18:00:00,1713.880086,1819.5823,1792.5693,1807.021782354676,-93.14169635467601
2024-12-14 19:00:00,1971.067984,1815.3312,1819.8992,1817.4552050008342,153.6127789991658
2024-12-14 20:00:00,1829.413282,1850.9939,1842.9585,1847.2575911177323,-17.844309117732337
2024-12-14 21:00:00,1841.659508,1846.831,1866.3978,1855.9292244612147,-14.269716461214784
2024-12-14 22:00:00,1929.924661,1850.0825,1882.3772,1865.0989184494329,64.82574255056716
2024-12-14 23:00:00,1789.560967,1874.3881,1893.2137,1883.141639344415,-93.580672344415
2024-12-15 00:00:00,1988.418139,1849.9513,1900.531,1873.4698791907033,114.94825980929681
2024-12-15 01:00:00,1916.217506,1932.6702,1884.5156,1910.279238211353,5.938267788646954
2024-12-15 02:00:00,1759.845562,1846.5225,1866.068,1855.6107544141012,-95.7651924141012
2024-12-15 03:00:00,1849.962116,1780.4849,1838.6361,1807.5240646459765,42.4380513540234
2024-12-15 04:00:00,1755.519757,1816.7987,1808.471,1812.9264597019128,-57.406702701912764
2024-12-15 05:00:00,1807.797727,1765.1838,1776.6416,1770.511475819769,37.28625118023092
2024-12-15 06:00:00,1710.462371,1732.0159,1744.5894,1737.8622964698711,-27.39992546987105
2024-12-15 07:00:00,1746.655459,1749.299,1716.0405,1733.8344284856848,12.821030514315225
2024-12-15 08:00:00,1823.470592,1712.7343,1692.8866,1703.5054776406955,119.96511435930438
2024-12-15 09:00:00,1660.397282,1755.9506,1673.1991,1717.4727350104004,-57.07545301040045
2024-12-15 10:00:00,1691.454199,1710.224,1660.9226,1687.2998079353629,4.154391064637139
2024-12-15 11:00:00,1647.517684,1649.3533,1657.9221,1653.337619485421,-5.819935485421183
2024-12-15 12:00:00,1574.513412,1658.1447,1656.1481,1657.2162813916398,-82.70286939163975
2024-12-15 13:00:00,1644.4612,1657.1086,1662.2216,1659.4860489264042,-15.024848926404275
2024-12-15 14:00:00,1738.865882,1729.6964,1672.9521,1703.3114293113656,35.554452688634456
2024-12-15 15:00:00,1737.263353,1778.0804,1693.1497,1738.5892756828543,-1.3259226828542978
2024-12-15 16:00:00,1702.246541,1749.7034,1719.2369,1735.5370696584737,-33.290528658473704
2024-12-15 17:00:00,1813.378684,1799.4834,1753.564,1778.1317522432792,35.24693175672087
2024-12-15 18:00:00,1710.329979,1833.039,1789.9457,1813.0014093548498,-102.67143035484969
2024-12-15 19:00:00,1829.056035,1824.796,1827.3452,1825.981346442422,3.074688557578156
2024-12-15 20:00:00,1829.896283,1823.8226,1862.4266,1841.7727450794673,-11.876462079467274
2024-12-15 21:00:00,1986.664618,1839.6903,1898.0873,1866.8437675226587,119.82085047734131
2024-12-15 22:00:00,1832.280597,1921.7552,1929.9065,1925.545419941579,-93.26482294157904
2024-12-15 23:00:00,1943.941521,1885.6351,1958.9307,1919.7161330426177,24.22538795738228
2024-12-16 00:00:00,2047.55296,2172.019,1978.5251,2082.0481331568776,-34.49517315687763
2024-12-16 01:00:00,2137.697267,2113.4958,2055.9348,2086.7310844316826,50.966182568317436
2024-12-16 02:00:00,1996.040859,2102.3467,2100.7148,2101.5879076196047,-105.54704861960477
2024-12-16 03:00:00,1990.344971,2046.4524,2112.3018,2077.071070522571,-86.72609952257108
2024-12-16 04:00:00,2188.599058,1995.7019,2090.1794,2039.6321279405247,148.9669300594751
2024-12-16 05:00:00,1915.903909,2011.557,2052.3499,2030.5248895251161,-114.62098052511601
2024-12-16 06:00:00,2011.66702,1996.4554,2016.4313,2005.74381796958,5.923202030420043
2024-12-16 07:00:00,1937.227279,1990.529,1977.0691,1984.2704319014592,-47.04315290145928
2024-12-16 08:00:00,1878.669267,1982.4459,1943.1748,1964.185614414208,-85.51634741420798
2024-12-16 09:00:00,1921.701243,1935.2925,1919.7717,1928.075631774508,-6.374388774508134
2024-12-16 10:00:00,1942.08808,1940.587,1902.6604,1922.9518859506793,19.136194049320693
2024-12-16 11:00:00,1934.803119,1939.7188,1892.8956,1917.946907095828,16.856211904171914
2024-12-16 12:00:00,1866.295492,1938.2471,1893.5359,1917.4572378471862,-51.16174584718624
2024-12-16 13:00:00,1745.224538,1924.3981,1902.0677,1914.014904444351,-168.7903664443511
2024-12-16 14:00:00,1968.336538,1916.4558,1919.867,1918.041921159178,50.29461684082207
2024-12-16 15:00:00,1949.310747,2017.1008,1944.9884,1983.5699499727348,-34.25920297273478
2024-12-16 16:00:00,1984.3669,2004.4268,1977.7595,1992.0270100261228,-7.660110026122766
2024-12-16 17:00:00,1998.828225,2035.8533,2011.2272,2024.402613146478,-25.574388146477986
2024-12-16 18:00:00,2141.090804,2037.9865,2043.4073,2040.5070628517383,100.58374114826165
2024-12-16 19:00:00,2200.241265,2122.5273,2070.6638,2098.411810132522,101.82945486747803
2024-12-16 20:00:00,1994.821378,2117.108,2102.0728,2110.116854047742,-115.29547604774189
2024-12-16 21:00:00,2173.511518,2130.3518,2128.7756,2129.6189172824065,43.89260071759327
2024-12-16 22:00:00,2040.208398,2110.3665,2141.7834,2124.9747472362715,-84.76634923627148
2024-12-16 23:00:00,2193.449894,2149.2754,2148.693,2149.0046438593013,44.44525014069859
2024-12-17 00:00:00,2109.51353,2110.2112,2151.045,2129.198079039764,-19.684549039763624
2024-12-17 01:00:00,1998.400048,2127.6394,2147.3784,2136.8176628937345,-138.41761489373448
2024-12-17 02:00:00,2126.901653,2073.5283,2128.876,2099.2639072185675,27.637745781432386
2024-12-17 03:00:00,2167.935919,2074.5835,2098.353,2085.635867208396,82.30005179160389
2024-12-17 04:00:00,2005.437093,2074.1294,2069.6162,2072.0308516756077,-66.59375867560766
2024-12-17 05:00:00,2138.79255,2002.2406,2038.5671,2019.1317363855173,119.66081361448278
2024-12-17 06:00:00,2063.697115,2010.8168,2004.5826,2007.9180224977854,55.77909250221455
2024-12-17 07:00:00,1896.936252,1963.035,1975.6969,1968.9225559865783,-71.98630398657838
2024-12-17 08:00:00,1970.861225,1917.769,1951.1501,1933.2906088082573,37.57061619174283
2024-12-17 09:00:00,1915.168732,1918.4056,1934.523,1925.899876066782,-10.731144066782008
2024-12-17 10:00:00,1992.077703,1884.2913,1923.7166,1902.623256497545,89.45444650245486
2024-12-17 11:00:00,1937.899081,1894.7269,1921.5905,1907.2179471051227,30.681133894877348
2024-12-17 12:00:00,1909.536117,1914.692,1927.5826,1920.6859072635725,-11.149790263572413
2024-12-17 13:00:00,1856.793317,1923.9493,1944.1654,1933.3494187799292,-76.55610177992935
2024-12-17 14:00:00,1913.48566,1953.0753,1963.2423,1957.80277160116,-44.31711160115992
2024-12-17 15:00:00,1969.807953,1978.1433,1988.4939,1982.9561322988939,-13.148179298893865
2024-12-17 16:00:00,2013.499356,1971.3345,2018.0726,1993.0668103719681,20.432545628031903
2024-12-17 17:00:00,1953.324777,2019.521,2045.565,2031.63092564414,-78.30614864413997
2024-12-17 18:00:00,2125.066057,2038.883,2072.5305,2054.5284735163495,70.53758348365045
2024-12-17 19:00:00,2218.581193,2085.56,2101.983,2093.196366113676,125.38482688632394
2024-12-17 20:00:00,2104.226147,2076.9358,2130.294,2101.7462980920573,2.4798489079425963
2024-12-17 21:00:00,1947.148054,2120.261,2147.592,2132.969396779464,-185.8213427794642
2024-12-17 22:00:00,2105.635574,2156.4504,2160.778,2158.4627066098446,-52.82713260984474
2024-12-17 23:00:00,2058.387761,2119.5999,2159.233,2138.0284563262076,-79.6406953262076
2024-12-18 00:00:00,2168.613759,2084.8052,2154.798,2117.350526307431,51.263232692568636
2024-12-18 01:00:00,1926.135716,2094.2546,2139.7395,2115.4042180975657,-189.26850209756572
2024-12-18 02:00:00,2171.41284,2099.0984,2120.4028,2109.004541718068,62.40829828193182
2024-12-18 03:00:00,1949.243354,2081.4478,2101.2644,2090.6621120718696,-141.41875807186966
2024-12-18 04:00:00,2163.647298,2034.5085,2074.3225,2053.021266538907,110.62603146109268
2024-12-18 05:00:00,2037.342792,2033.1589,2039.8456,2036.2680960468083,1.0746959531916218
2024-12-18 06:00:00,1910.29588,1984.4911,2010.4723,1996.571843608863,-86.2759636088631
2024-12-18 07:00:00,1876.965432,1951.2141,1981.3424,1965.223184701055,-88.2577527010551
2024-12-18 08:00:00,1912.407398,1929.0582,1954.1317,1940.7169124799548,-28.309514479954714
2024-12-18 09:00:00,1852.137933,1901.5673,1931.9321,1915.6863356312442,-63.548402631244244
2024-12-18 10:00:00,1764.086335,1901.6848,1918.979,1909.7262771960193,-145.63994219601932
2024-12-18 11:00:00,1706.553847,1900.3038,1913.9509,1906.6494674239182,-200.09562042391826
2024-12-18 12:00:00,1770.362116,1871.0446,1913.8179,1890.9333179185865,-120.57120191858644
2024-12-18 13:00:00,2035.164318,1891.7953,1917.5673,1903.7787556250119,131.38556237498824
2024-12-18 14:00:00,1882.545734,1976.7108,1929.7323,1954.8667166276678,-72.32098262766772
2024-12-18 15:00:00,2015.60898,1981.2356,1956.4106,1969.6924747905268,45.916505209473144
2024-12-18 16:00:00,2113.995476,1988.8246,1980.9526,1985.1642816738063,128.83119432619378
2024-12-18 17:00:00,2012.038804,2040.0488,2008.8221,2025.529025318578,-13.490221318578051
2024-12-18 18:00:00,2070.125828,2042.52,2040.28,2041.4784675080691,28.647360491931067
2024-12-18 19:00:00,2141.136035,2071.637,2063.71,2067.951060695458,73.18497430454181
2024-12-18 20:00:00,1939.953319,2079.5557,2087.898,2083.434664894335,-143.48134589433516
2024-12-18 21:00:00,2149.958168,2106.0667,2105.4368,2105.773767096913,44.18440090308695
2024-12-18 22:00:00,2165.799565,2116.8245,2115.1418,2116.042078526182,49.75748647381761
2024-12-18 23:00:00,2124.116596,2125.514,2121.8718,2123.820414862294,0.29618113770584387
2024-12-19 00:00:00,2205.863328,2105.845,2120.012,2112.4323473571994,93.43098064280048
2024-12-19 01:00:00,2182.821568,2081.4617,2108.0571,2093.8280426352476,88.99352536475226
2024-12-19 02:00:00,2045.081804,2074.7114,2092.435,2082.9525713588882,-37.870767358888315
2024-12-19 03:00:00,1994.114439,2065.319,2073.2246,2068.995004174272,-74.88056517427185
2024-12-19 04:00:00,1968.601607,2042.599,2047.2257,2044.750328984342,-76.14872198434205
2024-12-19 05:00:00,2025.724473,2011.9128,2022.387,2016.7831050010714,8.941367998928627
2024-12-19 06:00:00,1996.368123,1960.4237,1995.7421,1976.8460583033436,19.522064696656344
2024-12-19 07:00:00,1970.457504,1993.9645,1967.4943,1981.6563409224627,-11.19883692246276
2024-12-19 08:00:00,1811.946482,1921.356,1946.9769,1933.269212044293,-121.32273004429294
2024-12-19 09:00:00,1884.573299,1910.9515,1926.6307,1918.2420616862332,-33.66876268623332
2024-12-19 10:00:00,1860.136147,1902.4849,1909.7252,1905.851488630074,-45.715341630074136
2024-12-19 11:00:00,1862.000136,1907.1398,1903.5199,1905.456599734221,-43.45646373422096
2024-12-19 12:00:00,1841.25161,1916.997,1904.3641,1911.1229353934173,-69.87132539341724
2024-12-19 13:00:00,1876.826554,1911.2767,1914.2095,1912.640400284373,-35.813846284373085
2024-12-19 14:00:00,1927.892712,1948.8689,1927.2415,1938.8125556096622,-10.919843609662166
2024-12-19 15:00:00,2088.61829,2012.1705,1945.9419,1981.375499942279,107.24279005772087
2024-12-19 16:00:00,2090.774746,2031.0906,1973.216,2004.1799937109374,86.59475228906263
2024-12-19 17:00:00,1995.2547,2038.1027,2003.4669,2021.997712639667,-26.743012639667086
2024-12-19 18:00:00,2027.451483,2042.276,2036.4445,2039.5644465759417,-12.112963575941649
2024-12-19 19:00:00,2076.66784,2051.6843,2065.909,2058.2984937008778,18.3693462991223
2024-12-19 20:00:00,2139.994647,2099.258,2085.08,2092.665571557009,47.32907544299087
2024-12-19 21:00:00,2128.404918,2118.2258,2098.2727,2108.9480138655344,19.45690413446573
2024-12-19 22:00:00,2228.263348,2154.2803,2108.7683,2133.11809321894,95.14525478105998
2024-12-19 23:00:00,2193.521106,2143.1843,2117.7498,2131.3577441800526,62.16336181994757
2024-12-20 00:00:00,2112.86067,2112.406,2119.5808,2115.742150911935,-2.8814809119348865
2024-12-20 01:00:00,2222.177747,2118.4612,2113.0981,2115.9674733797847,106.2102736202155
2024-12-20 02:00:00,2031.721313,2103.853,2100.113,2102.1140044071717,-70.3926914071717
2024-12-20 03:00:00,2063.546551,2067.973,2081.786,2074.395672092807,-10.849121092807309
2024-12-20 04:00:00,2171.676182,2002.0095,2051.8906,2025.2032673712556,146.47291462874455
2024-12-20 05:00:00,1994.992566,2011.0359,2021.52,2015.910806222987,-20.91824022298715
2024-12-20 06:00:00,1897.090039,1972.3325,1999.1969,1984.8239352477326,-87.73389624773267
2024-12-20 07:00:00,1908.768031,1975.711,1975.6926,1975.7024887607486,-66.9344577607485
2024-12-20 08:00:00,1969.206154,1915.083,1953.7058,1933.0418621465788,36.16429185342122
2024-12-20 09:00:00,1923.849642,1950.4437,1931.897,1941.8198451149856,-17.97020311498568
2024-12-20 10:00:00,2027.633232,1886.3599,1922.0009,1902.9322330774412,124.70099892255871
2024-12-20 11:00:00,1996.477909,1911.5483,1917.8374,1914.4726319546096,82.00527704539036
2024-12-20 12:00:00,1996.884242,1902.0095,1923.9366,1912.205208964914,84.67903303508615
2024-12-20 13:00:00,1931.073776,1907.1948,1935.1821,1920.2083781947008,10.865397805299153
2024-12-20 14:00:00,1765.667865,1945.625,1955.3508,1950.147322392093,-184.47945739209308
2024-12-20 15:00:00,2040.233566,1972.6896,1980.6991,1976.4138473723688,63.819718627631346
2024-12-20 16:00:00,1945.0499,2023.5317,1998.2249,2011.7645275927653,-66.71462759276528
2024-12-20 17:00:00,1966.692115,2048.1733,2025.7338,2037.7393725052648,-71.04725750526472
2024-12-20 18:00:00,2118.214089,2051.9556,2050.2334,2051.154791695458,67.05929730454227
2024-12-20 19:00:00,2008.091115,2086.0764,2071.2224,2079.169592234223,-71.07847723422287
2024-12-20 20:00:00,2116.091451,2119.0364,2091.6306,2106.2932291809034,9.798221819096398
2024-12-20 21:00:00,2186.175184,2144.0757,2102.398,2124.6963452851687,61.478838714831454
2024-12-20 22:00:00,2272.977581,2133.621,2113.942,2124.4706477139775,148.50693328602256
2024-12-20 23:00:00,2078.035184,2152.003,2116.1714,2135.341957018928,-57.3067730189282
2024-12-21 00:00:00,1865.622042,1889.3826,2116.4536,1994.9662010979062,-129.34415909790619
2024-12-21 01:00:00,1801.937588,1918.2323,2024.1458,1967.4800012787266,-165.5424132787266
2024-12-21 02:00:00,1774.368014,1859.493,1941.1537,1897.4636582120834,-123.09564421208347
2024-12-21 03:00:00,1838.054502,1746.0382,1874.0527,1805.5624804301308,32.492021569869166
2024-12-21 04:00:00,1842.649148,1840.2823,1815.1381,1828.5907427015418,14.058405298458183
2024-12-21 05:00:00,1745.179607,1756.0544,1774.6152,1764.6848512680745,-19.50524426807442
2024-12-21 06:00:00,1869.362971,1739.3081,1743.2784,1741.1542351447147,128.20873585528534
2024-12-21 07:00:00,1737.024539,1744.1023,1719.8624,1732.831226262525,4.193312737475026
2024-12-21 08:00:00,1639.277005,1726.7732,1703.9424,1716.1573091688847,-76.88030416888478
2024-12-21 09:00:00,1720.101757,1659.5997,1696.5565,1676.783920819589,43.31783618041095
2024-12-21 10:00:00,1605.862791,1712.8676,1690.0697,1702.2669948090715,-96.40420380907153
2024-12-21 11:00:00,1584.226224,1679.4541,1690.8862,1684.7698198227138,-100.54359582271377
2024-12-21 12:00:00,1599.854046,1663.8713,1694.7482,1678.228465596315,-78.37441959631497
2024-12-21 13:00:00,1599.393992,1660.3933,1700.1383,1678.8739625784524,-79.47997057845237
2024-12-21 14:00:00,1912.990986,1671.4587,1710.0707,1689.4125428992406,223.5784431007594
2024-12-21 15:00:00,1642.361003,1755.744,1720.969,1739.574306527022,-97.21330352702194
2024-12-21 16:00:00,1776.12646,1741.4435,1741.4479,1741.4455248171291,34.680935182870826
2024-12-21 17:00:00,1749.22741,1771.6235,1766.9061,1769.4300322714641,-20.20262227146418
2024-12-21 18:00:00,1787.450062,1813.5441,1792.8734,1803.932613960835,-16.482551960835053
2024-12-21 19:00:00,1814.322521,1842.9497,1820.3955,1832.4624417445489,-18.139920744548817
2024-12-21 20:00:00,1860.276395,1842.7943,1849.7997,1846.051673240402,14.224721759598197
2024-12-21 21:00:00,1835.86259,1865.0718,1875.0878,1869.7290190360663,-33.86642903606639
2024-12-21 22:00:00,1782.674424,1862.0728,1896.2102,1877.9460067395246,-95.27158273952455
2024-12-21 23:00:00,1903.137521,1921.7911,1912.2831,1917.3700757287975,-14.232554728797368
2024-12-22 00:00:00,1820.277448,1883.9546,1917.2972,1899.4582761798624,-79.18082817986237
2024-12-22 01:00:00,1974.64703,1876.1403,1902.3883,1888.345091608268,86.30193839173216
2024-12-22 02:00:00,1864.045534,1888.2877,1877.6547,1883.3435545749994,-19.298020574999327
2024-12-22 03:00:00,1893.460674,1828.799,1847.416,1837.45552461533,56.00514938466995
2024-12-22 04:00:00,1841.092367,1763.3348,1817.9987,1788.7524544144617,52.339912585538286
2024-12-22 05:00:00,1689.941513,1783.8186,1787.0315,1785.3125353548685,-95.3710223548685
2024-12-22 06:00:00,1775.597259,1719.87,1756.3258,1736.821240104372,38.776018895627885
2024-12-22 07:00:00,1600.096151,1725.5491,1725.0481,1725.3161278785333,-125.21997687853332
2024-12-22 08:00:00,1638.45846,1718.0491,1700.4485,1709.8651410988514,-71.40668109885132
2024-12-22 09:00:00,1536.028299,1680.9995,1680.524,1680.7784302402601,-144.7501312402601
2024-12-22 10:00:00,1675.415143,1642.1788,1662.1494,1651.464765947341,23.95037705265895
2024-12-22 11:00:00,1517.344672,1664.8838,1648.0984,1657.0789033677047,-139.73423136770475
2024-12-22 12:00:00,1621.208535,1648.7463,1640.4326,1644.8806189755978,-23.672083975597843
2024-12-22 13:00:00,1686.627838,1670.7893,1637.6628,1655.3861428458235,31.24169515417657
2024-12-22 14:00:00,1732.370984,1703.8145,1645.7476,1676.8144731470866,55.556510852913334
2024-12-22 15:00:00,1763.25306,1737.0173,1667.8687,1704.864537888293,58.38852211170706
2024-12-22 16:00:00,1799.946589,1736.6296,1694.6007,1717.087000898951,82.85958810104898
2024-12-22 17:00:00,1749.848278,1824.2776,1727.4773,1779.2673287212485,-29.419050721248595
2024-12-22 18:00:00,1783.19892,1788.2161,1767.1116,1778.4028848245869,4.796035175413181
2024-12-22 19:00:00,1845.336962,1818.7365,1805.4489,1812.5579749458698,32.77898705413031
2024-12-22 20:00:00,1914.667597,1814.4688,1841.7625,1827.1597917908985,87.50780520910143
2024-12-22 21:00:00,1901.310834,1909.3373,1876.3976,1894.0209597808412,7.289874219158946
2024-12-22 22:00:00,1931.689364,1841.7723,1911.7946,1874.3313118721462,57.35805212785385
2024-12-22 23:00:00,1932.640825,1918.8229,1939.0323,1928.2198888784542,4.420936121545765
2024-12-23 00:00:00,2248.204528,2164.3733,1962.7163,2070.6067045337722,177.59782346622796
2024-12-23 01:00:00,2135.942818,2133.4648,2037.9208,2089.038705118528,46.904112881471974
2024-12-23 02:00:00,2044.181775,2082.4,2094.8142,2088.1723142049727,-43.99053920497272
2024-12-23 03:00:00,2103.224535,2069.3691,2104.183,2085.5569591973735,17.66757580262629
2024-12-23 04:00:00,2034.51353,2060.6335,2087.3516,2073.0569050048,-38.54337500479983
2024-12-23 05:00:00,2032.537023,1989.5419,2060.2913,2022.4389643974641,10.098058602535957
2024-12-23 06:00:00,1903.219517,1968.9043,2021.183,1993.2128723688174,-89.99335536881745
2024-12-23 07:00:00,1847.147787,1922.5621,1987.1427,1952.590844881795,-105.44305788179486
2024-12-23 08:00:00,1959.869707,1875.4906,1955.7239,1912.7975182877378,47.07218871226223
2024-12-23 09:00:00,1912.525188,1928.269,1928.933,1928.5777623940405,-16.052574394040448
2024-12-23 10:00:00,1754.812309,1901.2607,1914.4237,1907.3812651418107,-152.56895614181076
2024-12-23 11:00:00,1859.750489,1890.7756,1909.5046,1899.4842584066373,-39.73376940663729
2024-12-23 12:00:00,1898.304797,1910.1179,1912.2589,1911.113439318854,-12.808642318854027
2024-12-23 13:00:00,2032.320681,1897.0259,1921.237,1908.2836088884637,124.03707211153619
2024-12-23 14:00:00,1963.157949,1959.4927,1934.3093,1947.782906544943,15.375042455056928
2024-12-23 15:00:00,1956.216937,1964.211,1958.662,1961.6308485692362,-5.413911569236234
2024-12-23 16:00:00,2056.490718,1969.0435,1985.5978,1976.7408954246894,79.74982257531065
2024-12-23 17:00:00,2010.817712,2030.8673,2014.9489,2023.4655357266688,-12.647823726668776
2024-12-23 18:00:00,2289.830232,2070.2805,2045.0549,2058.5511092682473,231.27912273175252
2024-12-23 19:00:00,2177.94326,2131.6277,2074.9688,2105.2823791948667,72.66088080513327
2024-12-23 20:00:00,1967.396258,2087.5142,2105.8223,2096.027074185495,-128.63081618549518
2024-12-23 21:00:00,2175.349277,2159.158,2127.606,2144.4868899031967,30.862387096803104
2024-12-23 22:00:00,2058.833606,2112.4802,2142.0142,2126.2129319441106,-67.3793259441104
2024-12-23 23:00:00,2172.061678,2175.4856,2151.0244,2164.111620568678,7.950057431321966
2024-12-24 00:00:00,2025.291461,2119.5881,2150.5776,2133.9976522542793,-108.70619125427925
2024-12-24 01:00:00,2189.722269,2086.41,2146.912,2114.5422606356515,75.1800083643484
2024-12-24 02:00:00,2052.864177,2084.0347,2124.1372,2102.6815710017386,-49.81739400173865
2024-12-24 03:00:00,2014.140475,2075.1016,2097.0115,2085.289246774257,-71.14877177425728
2024-12-24 04:00:00,2032.35331,2057.2036,2070.3462,2063.3146572607448,-30.961347260744787
2024-12-24 05:00:00,2047.347458,2036.358,2037.4363,2036.859396205895,10.488061794104851
2024-12-24 06:00:00,2074.459133,1991.2065,2010.5603,2000.2056659696882,74.25346703031164
2024-12-24 07:00:00,1968.053226,1976.8215,1981.5881,1979.0379105001912,-10.984684500191179
2024-12-24 08:00:00,1827.003578,1936.4076,1952.061,1943.6861399444747,-116.68256194447463
2024-12-24 09:00:00,1994.29713,1876.9569,1930.421,1901.8166842210314,92.48044577896849
2024-12-24 10:00:00,2047.941441,1938.5553,1915.1705,1927.6818352915247,120.25960570847519
2024-12-24 11:00:00,2040.511844,1952.0546,1914.6057,1934.6415751722807,105.87026882771943
2024-12-24 12:00:00,1716.282231,1917.2758,1923.2635,1920.0599644567037,-203.7777334567038
2024-12-24 13:00:00,1947.980538,1908.15,1940.9684,1923.4099251403895,24.570612859610492
2024-12-24 14:00:00,1864.680986,1946.1538,1959.6323,1952.421056996558,-87.74007099655796
2024-12-24 15:00:00,2007.914859,1980.5607,1983.4636,1981.910486311158,26.004372688842068
2024-12-24 16:00:00,1901.32343,2023.3506,2011.0177,2017.6160332152126,-116.2926032152127
2024-12-24 17:00:00,2021.90202,2006.7513,2043.3434,2023.7659322869367,-1.8639122869367384
2024-12-24 18:00:00,2038.606659,2065.7874,2070.6724,2068.0587883310827,-29.452129331082688
2024-12-24 19:00:00,1918.208951,2081.0615,2098.4988,2089.16950928509,-170.96055828508997
2024-12-24 20:00:00,2185.444865,2124.229,2119.729,2122.1365911660573,63.30827383394262
2024-12-24 21:00:00,2201.787482,2086.4636,2133.528,2108.3476811199753,93.4398008800249
2024-12-24 22:00:00,2273.430159,2138.87,2138.7312,2138.805523933964,134.6246350660358
2024-12-24 23:00:00,2454.136141,2525.805,2148.4004,2350.3191383455905,103.81700265440941
2024-12-25 00:00:00,2723.47075,2669.0842,2277.1663,2486.8499727549743,236.6207772450257
2024-12-25 01:00:00,2662.851913,2578.1584,2452.8066,2519.8722878831786,142.97962511682135
2024-12-25 02:00:00,2768.146735,2679.5837,2580.3347,2633.4348688805294,134.71186611947041
2024-12-25 03:00:00,2501.418415,2637.9333,2634.0857,2636.1442640632904,-134.7258490632903
2024-12-25 04:00:00,2479.709397,2633.8108,2638.4026,2635.945887522653,-156.23649052265273
2024-12-25 05:00:00,2702.599553,2483.5647,2625.1086,2549.3798871476265,153.2196658523735
2024-12-25 06:00:00,2441.942588,2497.9878,2595.7217,2543.4321551284966,-101.48956712849667
2024-12-25 07:00:00,2443.981563,2536.378,2566.1975,2550.243456190314,-106.26189319031437
2024-12-25 08:00:00,2447.654628,2504.1677,2539.5134,2520.6027911715564,-72.94816317155664
2024-12-25 09:00:00,2637.056187,2529.7783,2525.9587,2528.00228964191,109.05389735809013
2024-12-25 10:00:00,2532.395576,2414.1665,2517.6323,2462.276104038774,70.11947196122583
2024-12-25 11:00:00,2537.6573,2380.6726,2520.648,2445.758427086009,91.898872913991
2024-12-25 12:00:00,2548.036082,2396.9314,2528.0735,2457.909925276498,90.12615672350194
2024-12-25 13:00:00,2478.913089,2533.3594,2542.8215,2537.7590950830972,-58.84600608309711
2024-12-25 14:00:00,2465.361153,2522.8635,2573.2737,2546.303270540092,-80.94211754009211
2024-12-25 15:00:00,2481.941078,2564.1987,2595.7766,2578.8818327395147,-96.94075473951489
2024-12-25 16:00:00,2472.176648,2612.4834,2614.0464,2613.210157680269,-141.0335096802687
2024-12-25 17:00:00,2633.184512,2567.1663,2628.482,2595.676859119284,37.507652880715796
2024-12-25 18:00:00,2699.963933,2601.7512,2633.4133,2616.473487600375,83.49044539962506
2024-12-25 19:00:00,2639.69067,2633.8472,2632.1362,2633.051615208156,6.639054791844046
2024-12-25 20:00:00,2629.549567,2536.6497,2635.1912,2582.4695466944986,47.08002030550142
2024-12-25 21:00:00,2565.999523,2746.469,2612.4287,2684.142861635458,-118.1433386354579
2024-12-25 22:00:00,2686.922577,2667.5488,2610.72,2641.124511396084,45.7980656039158
2024-12-25 23:00:00,2423.096159,2478.9053,2592.74,2531.8362093712785,-108.74005037127836
2024-12-26 00:00:00,1963.66826,2145.0386,2419.5195,2272.666896759297,-308.9986367592969
2024-12-26 01:00:00,2143.298617,2054.445,2264.3372,2152.0408201048695,-8.742203104869532
2024-12-26 02:00:00,2060.313255,2089.006,2167.2476,2125.3868629415538,-65.07360794155375
2024-12-26 03:00:00,2207.492227,2014.8679,2097.5461,2053.311690237969,154.18053676203135
2024-12-26 04:00:00,1899.290748,2013.1636,2045.9299,2028.399295045247,-129.10854704524718
2024-12-26 05:00:00,2024.453493,1944.4692,2016.8007,1978.1019464155006,46.351546584499374
2024-12-26 06:00:00,1998.723244,1937.4883,1987.5549,1960.7683028358033,37.954941164196725
2024-12-26 07:00:00,1926.276207,1944.5271,1970.4763,1956.5929831450517,-30.316776145051563
2024-12-26 08:00:00,1991.649613,1902.4489,1958.4597,1928.4928183084512,63.15679469154884
2024-12-26 09:00:00,1882.211542,1882.5343,1947.9045,1912.9301954139212,-30.718653413921174
2024-12-26 10:00:00,1940.324839,1915.4879,1947.5006,1930.3731975990138,9.951641400986318
2024-12-26 11:00:00,1875.709609,1857.0546,1949.3082,1899.9507294134842,-24.24112041348417
2024-12-26 12:00:00,2056.323815,1882.4666,1962.3636,1919.6171524922058,136.70666250779436
2024-12-26 13:00:00,1922.204426,1979.4181,1978.1185,1978.813820365883,-56.60939436588296
2024-12-26 14:00:00,1977.565579,1938.7094,1997.0895,1965.8549775661118,11.710601433888314
2024-12-26 15:00:00,2094.677869,2019.129,2021.3291,2020.1520197161592,74.5258492838409
2024-12-26 16:00:00,1987.399485,2068.296,2052.7097,2061.0486262073223,-73.64914120732237
2024-12-26 17:00:00,2077.635587,2066.1477,2084.2131,2074.5477795748316,3.0878074251686485
2024-12-26 18:00:00,1984.384009,2091.9373,2106.5776,2098.744749066359,-114.36074006635886
2024-12-26 19:00:00,2185.371102,2056.9785,2126.5723,2089.3382598778408,96.03284212215931
2024-12-26 20:00:00,2212.375141,2103.772,2137.4739,2119.442704638369,92.93243636163106
2024-12-26 21:00:00,2039.596448,2117.9858,2144.9783,2130.536797144555,-90.94034914455483
2024-12-26 22:00:00,2312.790062,2144.4536,2145.239,2144.818809233138,167.9712527668621
2024-12-26 23:00:00,2097.623642,2150.3247,2145.0193,2147.857789645338,-50.234147645338
2024-12-27 00:00:00,2048.670238,2094.7573,2138.5337,2115.1124860904115,-66.44224809041134
2024-12-27 01:00:00,1952.240292,2080.7393,2125.7742,2101.6796186683027,-149.43932666830278
2024-12-27 02:00:00,2198.151672,2094.6611,2109.4695,2101.546728231141,96.6049437688589
2024-12-27 03:00:00,2116.934333,2105.8296,2084.8496,2096.0743057500154,20.860027249984796
2024-12-27 04:00:00,2064.296765,2062.3225,2063.567,2062.901124551691,1.3956404483092228
2024-12-27 05:00:00,1985.775591,1996.33,2041.6683,2017.4114230864918,-31.635832086491746
2024-12-27 06:00:00,2084.576885,1976.7107,2015.314,1994.6604660409353,89.91641895906469
2024-12-27 07:00:00,2011.008907,1982.6646,1987.9318,1985.1137021844231,25.89520481557679
2024-12-27 08:00:00,1853.328686,1912.7208,1965.8062,1937.4044729381317,-84.07578693813161
2024-12-27 09:00:00,1883.913008,1913.7358,1947.5837,1929.4744571784422,-45.56144917844222
2024-12-27 10:00:00,1987.017007,1940.0022,1933.4812,1936.9700605311118,50.04694646888811
2024-12-27 11:00:00,1940.739317,1901.6807,1930.0814,1914.8864652701955,25.85285172980457
2024-12-27 12:00:00,1970.140574,1927.9799,1932.2152,1929.9492147470087,40.19135925299133
2024-12-27 13:00:00,1884.799875,1910.3458,1942.8792,1925.473190555202,-40.67331555520218
2024-12-27 14:00:00,1949.101564,1930.5609,1957.6506,1943.1571083683489,5.944455631651181
2024-12-27 15:00:00,2079.634676,2007.2692,1971.7723,1990.7638291905214,88.87084680947873
2024-12-27 16:00:00,1944.945549,1998.8353,1996.8335,1997.9045145256505,-52.958965525650456
2024-12-27 17:00:00,1888.501377,2018.811,2025.8446,2022.0815085090376,-133.58013150903753
2024-12-27 18:00:00,1946.733912,2047.9373,2048.5593,2048.2265064920794,-101.49259449207943
2024-12-27 19:00:00,2147.683308,2049.992,2069.74,2059.1744022205244,88.50890577947575
2024-12-27 20:00:00,2149.691813,2098.5884,2084.325,2091.956161592867,57.73565140713299
2024-12-27 21:00:00,2110.911979,2111.4373,2096.3318,2104.413505801801,6.498473198199008
2024-12-27 22:00:00,2212.222901,2164.266,2110.0627,2139.0625976920924,73.16030330790772
2024-12-27 23:00:00,2134.498008,2113.1401,2113.7712,2113.4335876157443,21.064420384255754
2024-12-28 00:00:00,1947.225956,1852.226,2110.4531,1972.2965802236688,-25.0706242236688
2024-12-28 01:00:00,1854.53256,1894.997,2021.7279,1953.9243858130753,-99.39182581307523
2024-12-28 02:00:00,1820.125622,1852.9023,1943.7418,1895.140939331151,-75.01531733115098
2024-12-28 03:00:00,1829.318508,1823.1968,1878.8569,1849.0776706901086,-19.759162690108496
2024-12-28 04:00:00,1850.63862,1794.2235,1825.8927,1808.949069738475,41.68955026152503
2024-12-28 05:00:00,1766.484874,1774.6215,1781.7378,1777.930416816271,-11.445542816270972
2024-12-28 06:00:00,1776.09589,1728.2721,1748.4141,1737.637719166938,38.45817083306201
2024-12-28 07:00:00,1621.491591,1745.202,1723.2557,1734.9974275151153,-113.50583651511533
2024-12-28 08:00:00,1669.505998,1720.164,1704.9504,1713.0899574816224,-43.58395948162229
2024-12-28 09:00:00,1740.249309,1670.518,1689.8629,1679.5129805932424,60.73632840675759
2024-12-28 10:00:00,1634.79707,1691.9951,1679.685,1686.2711786465932,-51.474108646593095
2024-12-28 11:00:00,1801.584563,1662.204,1676.1378,1668.682943919326,132.90161908067398
2024-12-28 12:00:00,1602.653576,1683.9396,1674.2053,1679.4133363405713,-76.75976034057135
2024-12-28 13:00:00,1800.691338,1666.0348,1682.3174,1673.6058799418424,127.08545805815766
2024-12-28 14:00:00,1773.325084,1777.4633,1695.35,1739.2821733189326,34.0429106810675
2024-12-28 15:00:00,1620.891063,1724.2616,1721.2037,1722.8397504573072,-101.94868745730719
2024-12-28 16:00:00,1664.357826,1700.255,1749.4535,1723.1313470141822,-58.77352101418228
2024-12-28 17:00:00,1741.57771,1794.8392,1777.8232,1786.9271274435994,-45.34941744359935
2024-12-28 18:00:00,1714.739383,1840.1292,1805.4585,1824.0079684436037,-109.26858544360357
2024-12-28 19:00:00,1816.555279,1835.7291,1831.0477,1833.552367388607,-16.997088388607153
2024-12-28 20:00:00,1888.871438,1875.4941,1857.5137,1867.1335713167475,21.737866683252378
2024-12-28 21:00:00,1984.393498,1860.1025,1880.7655,1869.7104165837986,114.68308141620128
2024-12-28 22:00:00,1876.92477,1888.399,1901.934,1894.692519526017,-17.767749526016814
2024-12-28 23:00:00,1883.234348,1921.9628,1918.2203,1920.2226104115443,-36.98826241154438
2024-12-29 00:00:00,1847.73515,1873.7476,1929.881,1899.8485117326902,-52.11336173269024
2024-12-29 01:00:00,1859.838987,1889.3558,1915.419,1901.474675882861,-41.635688882860904
2024-12-29 02:00:00,1794.212289,1888.2926,1893.6742,1890.7949383697953,-96.58264936979526
2024-12-29 03:00:00,1753.413172,1780.9712,1864.8046,1819.952084708467,-66.53891270846702
2024-12-29 04:00:00,1808.607088,1782.2456,1830.2681,1804.5751185978677,4.03196940213229
2024-12-29 05:00:00,1794.497449,1715.324,1794.0039,1751.9086171343374,42.58883186566254
2024-12-29 06:00:00,1792.427649,1764.5377,1754.6344,1759.9328678172105,32.49478118278944
2024-12-29 07:00:00,1793.913657,1716.3364,1722.7795,1719.3323494263468,74.58130757365325
2024-12-29 08:00:00,1709.345941,1707.5125,1693.7028,1701.0912119985555,8.254729001444503
2024-12-29 09:00:00,1679.093079,1640.7081,1672.033,1655.2735679931384,23.819511006861603
2024-12-29 10:00:00,1761.552824,1670.2769,1657.2367,1664.2134334046473,97.33939059535282
2024-12-29 11:00:00,1649.680774,1660.6102,1649.2875,1655.3453684860756,-5.664594486075657
2024-12-29 12:00:00,1644.081526,1656.0248,1651.682,1654.0054748360162,-9.92394883601628
2024-12-29 13:00:00,1777.458246,1677.859,1658.9678,1669.0749506718207,108.3832953281792
2024-12-29 14:00:00,1662.074024,1714.4095,1676.0721,1696.583397211781,-34.50937321178094
2024-12-29 15:00:00,1799.875509,1738.5779,1700.1764,1720.7219330003932,79.1535759996068
2024-12-29 16:00:00,1865.787288,1792.5763,1731.819,1764.3253163330173,101.46197166698266
2024-12-29 17:00:00,1749.82761,1790.3292,1770.367,1781.0471503956041,-31.2195403956041
2024-12-29 18:00:00,1854.053035,1795.5455,1810.5223,1802.5094568981726,51.54357810182728
2024-12-29 19:00:00,1813.056628,1845.461,1849.293,1847.2428230340547,-34.18619503405466
2024-12-29 20:00:00,1953.931254,1845.0024,1888.0382,1865.0132383664873,88.91801563351282
2024-12-29 21:00:00,1893.592204,1866.2722,1925.4362,1893.78230184467,-0.1900978446699355
2024-12-29 22:00:00,1895.35372,1891.2103,1959.633,1923.0255695724838,-27.67184957248378
2024-12-29 23:00:00,1865.739184,1906.777,1988.0581,1944.5711258984643,-78.83194189846427
2024-12-30 00:00:00,2133.923869,2192.708,2008.7198,2107.157081520906,26.76678747909409
2024-12-30 01:00:00,2194.745305,2134.6448,2085.4783,2111.783304465254,82.96200053474604
2024-12-30 02:00:00,1990.961774,2138.7065,2131.756,2135.474723399493,-144.51294939949298
2024-12-30 03:00:00,1999.524454,2057.3325,2138.741,2095.185868913005,-95.66141491300482
2024-12-30 04:00:00,2082.246436,2032.8287,2117.3772,2072.142130656602,10.104305343397755
2024-12-30 05:00:00,1893.531244,2025.72,2080.8044,2051.3331823415097,-157.80193834150964
2024-12-30 06:00:00,2043.860403,1957.5319,2041.181,1996.4271023184674,47.4333006815325
2024-12-30 07:00:00,2035.810463,1981.7465,1996.8417,1988.7654421509392,47.04502084906085
2024-12-30 08:00:00,2028.296558,1963.8645,1960.8689,1962.4716034981466,65.82495450185343
2024-12-30 09:00:00,2018.665411,1939.1107,1937.9099,1938.5523664245532,80.11304457544679
2024-12-30 10:00:00,1794.292768,1911.8907,1923.4044,1917.2443812297897,-122.9516132297897
2024-12-30 11:00:00,1822.694216,1888.8124,1917.0184,1901.927646413842,-79.23343041384192
2024-12-30 12:00:00,1968.524971,1885.3079,1917.0212,1900.053967563235,68.47100343676516
2024-12-30 13:00:00,2004.959773,1944.2435,1925.5302,1935.5421719544397,69.41760104556033
2024-12-30 14:00:00,2175.195663,1971.2103,1948.0519,1960.4420982369545,214.75356476304546
2024-12-30 15:00:00,1956.020116,2009.9238,1976.0597,1994.177661666652,-38.15754566665214
2024-12-30 16:00:00,2009.50275,2005.2277,2009.5105,2007.2190972490685,2.283652750931651
2024-12-30 17:00:00,2059.833909,2023.8324,2042.4423,2032.485623021589,27.348285978411013
2024-12-30 18:00:00,1913.872983,2081.3965,2072.6123,2077.3120111549406,-163.43902815494062
2024-12-30 19:00:00,2078.60899,2069.786,2104.3005,2085.8345309194074,-7.2255409194071945
2024-12-30 20:00:00,2144.379947,2083.3762,2127.5432,2103.9130156251504,40.46693137484954
2024-12-30 21:00:00,2144.11816,2145.3115,2140.6382,2143.1385110312085,0.97964896879148
2024-12-30 22:00:00,2012.107239,2117.7808,2155.812,2135.464555502184,-123.35731650218395
2024-12-30 23:00:00,2160.745991,2194.7188,2159.8032,2178.4837068345314,-17.737715834531627
2024-12-31 00:00:00,1992.814944,2091.727,2157.4937,2122.30724522315,-129.49230122314998
2024-12-31 01:00:00,2164.272413,2123.5898,2141.7517,2132.034758906015,32.23765409398493
2024-12-31 02:00:00,2293.792143,2126.3948,2125.8767,2126.1538845575797,167.63825844242047
2024-12-31 03:00:00,1899.835879,2099.1235,2102.026,2100.473068720454,-200.63718972045422
2024-12-31 04:00:00,2043.442793,2063.021,2075.8586,2068.9902527733047,-25.54745977330481
2024-12-31 05:00:00,1863.316857,2022.4879,2044.2645,2032.6136170348832,-169.29676003488316
2024-12-31 06:00:00,1967.473719,2032.1425,2013.3258,2023.3930784979998,-55.91935949799972
2024-12-31 07:00:00,1940.49845,1968.93,1983.5579,1975.7317006041133,-35.23325060411321
2024-12-31 08:00:00,1978.976916,1908.3787,1955.901,1930.4756281736986,48.50128782630145
2024-12-31 09:00:00,1873.393279,1949.1171,1931.6494,1940.994946260366,-67.60166726036618
2024-12-31 10:00:00,1902.816163,1930.4132,1921.5753,1926.3037602433283,-23.48759724332831
2024-12-31 11:00:00,1893.443553,1944.8339,1918.6914,1932.6781271694085,-39.23457416940846
2024-12-31 12:00:00,1892.808632,1880.4929,1923.9551,1900.70198070865,-7.89334870864991
2024-12-31 13:00:00,1958.324854,1932.2368,1929.914,1931.1567241201951,27.168129879804837
2024-12-31 14:00:00,1760.151139,1940.7959,1944.6853,1942.6043960158427,-182.4532570158426
2024-12-31 15:00:00,1980.796953,1946.4814,1969.3013,1957.0922210734489,23.704731926551176
2024-12-31 16:00:00,2028.736208,1984.7262,1996.093,1990.0115477736686,38.72466022633148
2024-12-31 17:00:00,1884.980172,2039.2847,2023.1477,2031.7812931375588,-146.80112113755877
2024-12-31 18:00:00,2004.068111,2024.6731,2053.919,2038.271848663217,-34.203737663217
2024-12-31 19:00:00,2121.626862,2060.9807,2080.8916,2070.2388900296446,51.387971970355466
2024-12-31 20:00:00,2092.218798,2071.0789,2101.0159,2084.998987360455,7.219810639544903
2024-12-31 21:00:00,2144.305408,2105.4353,2119.6848,2112.061049370339,32.24435862966129
2024-12-31 22:00:00,2138.922354,2135.0186,2130.9458,2133.124803096143,5.797550903856973
2024-12-31 23:00:00,2089.441953,2166.3806,2142.2375,2155.154557515318,-65.71260451531816
